[24Sep2026 13:54:29.612] [main/INFO] [cpw.mods.modlauncher.Launcher/MODLAUNCHER]: ModLauncher running: args [--launchTarget, forgeclientuserdev, --version, MOD_DEV, --assetIndex, 5, --assetsDir, C:\Users\Ché\.gradle\caches\forge_gradle\assets, --gameDir, ., --fml.forgeVersion, 47.4.13, --fml.mcVersion, 1.20.1, --fml.forgeGroup, net.minecraftforge, --fml.mcpVersion, 20230612.114412, --mixin.config, aperture_innovations.mixins.json]
[24Sep2026 13:54:29.619] [main/INFO] [cpw.mods.modlauncher.Launcher/MODLAUNCHER]: ModLauncher 10.0.9+10.0.9+main.dcd20f30 starting: java version 17.0.17 by Amazon.com Inc.; OS Windows 11 arch amd64 version 10.0
[24Sep2026 13:54:29.653] [main/DEBUG] [cpw.mods.modlauncher.LaunchServiceHandler/MODLAUNCHER]: Found launch services [fmlclientdev,forgeclient,minecraft,forgegametestserverdev,fmlserveruserdev,fmlclient,fmldatauserdev,forgeserverdev,forgeserveruserdev,forgeclientdev,forgeclientuserdev,forgeserver,forgedatadev,fmlserver,fmlclientuserdev,fmlserverdev,forgedatauserdev,testharness,forgegametestserveruserdev]
[24Sep2026 13:54:29.670] [main/DEBUG] [cpw.mods.modlauncher.NameMappingServiceHandler/MODLAUNCHER]: Found naming services : [srgtomcp]
[24Sep2026 13:54:29.690] [main/DEBUG] [cpw.mods.modlauncher.LaunchPluginHandler/MODLAUNCHER]: Found launch plugins: [mixin,eventbus,slf4jfixer,object_holder_definalize,runtime_enum_extender,capability_token_subclass,accesstransformer,runtimedistcleaner]
[24Sep2026 13:54:29.709] [main/DEBUG] [cpw.mods.modlauncher.TransformationServicesHandler/MODLAUNCHER]: Discovering transformation services
[24Sep2026 13:54:29.718] [main/DEBUG] [net.minecraftforge.fml.loading.FMLPaths/CORE]: Path GAMEDIR is C:\Users\Ché\IdeaProjects\Portal20\run
[24Sep2026 13:54:29.719] [main/DEBUG] [net.minecraftforge.fml.loading.FMLPaths/CORE]: Path MODSDIR is C:\Users\Ché\IdeaProjects\Portal20\run\mods
[24Sep2026 13:54:29.720] [main/DEBUG] [net.minecraftforge.fml.loading.FMLPaths/CORE]: Path CONFIGDIR is C:\Users\Ché\IdeaProjects\Portal20\run\config
[24Sep2026 13:54:29.720] [main/DEBUG] [net.minecraftforge.fml.loading.FMLPaths/CORE]: Path FMLCONFIG is C:\Users\Ché\IdeaProjects\Portal20\run\config\fml.toml
[24Sep2026 13:54:29.780] [main/DEBUG] [cpw.mods.modlauncher.TransformationServicesHandler/MODLAUNCHER]: Found additional transformation services from discovery services: 
[24Sep2026 13:54:29.786] [main/INFO] [net.minecraftforge.fml.loading.ImmediateWindowHandler/]: Loading ImmediateWindowProvider fmlearlywindow
[24Sep2026 13:54:29.887] [main/INFO] [EARLYDISPLAY/]: Trying GL version 4.6
[24Sep2026 13:54:30.080] [main/INFO] [EARLYDISPLAY/]: Requested GL version 4.6 got version 4.6
[24Sep2026 13:54:30.121] [main/DEBUG] [cpw.mods.modlauncher.TransformationServicesHandler/MODLAUNCHER]: Found transformer services : [mixin,fml]
[24Sep2026 13:54:30.121] [main/DEBUG] [cpw.mods.modlauncher.TransformationServicesHandler/MODLAUNCHER]: Transformation services loading
[24Sep2026 13:54:30.122] [main/DEBUG] [cpw.mods.modlauncher.TransformationServiceDecorator/MODLAUNCHER]: Loading service mixin
[24Sep2026 13:54:30.123] [main/DEBUG] [cpw.mods.modlauncher.TransformationServiceDecorator/MODLAUNCHER]: Loaded service mixin
[24Sep2026 13:54:30.123] [main/DEBUG] [cpw.mods.modlauncher.TransformationServiceDecorator/MODLAUNCHER]: Loading service fml
[24Sep2026 13:54:30.125] [main/DEBUG] [net.minecraftforge.fml.loading.LauncherVersion/CORE]: Found FMLLauncher version 1.0
[24Sep2026 13:54:30.125] [main/DEBUG] [net.minecraftforge.fml.loading.FMLLoader/CORE]: FML 1.0 loading
[24Sep2026 13:54:30.125] [main/DEBUG] [net.minecraftforge.fml.loading.FMLLoader/CORE]: FML found ModLauncher version : 10.0.9+10.0.9+main.dcd20f30
[24Sep2026 13:54:30.125] [main/DEBUG] [net.minecraftforge.fml.loading.FMLLoader/CORE]: Requesting CoreMods to not apply the fix for ASMAPI.findFirstInstructionBefore by default
[24Sep2026 13:54:30.126] [main/DEBUG] [net.minecraftforge.fml.loading.FMLLoader/CORE]: FML found AccessTransformer version : 8.0.4+66+master.c09db6d7
[24Sep2026 13:54:30.126] [main/DEBUG] [net.minecraftforge.fml.loading.FMLLoader/CORE]: FML found EventBus version : 6.0.5+6.0.5+master.eb8e549b
[24Sep2026 13:54:30.127] [main/DEBUG] [net.minecraftforge.fml.loading.FMLLoader/CORE]: Found Runtime Dist Cleaner
[24Sep2026 13:54:30.129] [main/DEBUG] [net.minecraftforge.coremod.CoreModEngine/]: CoreMods will preserve legacy behavior of ASMAPI.findFirstInstructionBefore for backwards-compatibility
[24Sep2026 13:54:30.129] [main/DEBUG] [net.minecraftforge.fml.loading.FMLLoader/CORE]: FML found CoreMod version : 5.2.4
[24Sep2026 13:54:30.130] [main/DEBUG] [net.minecraftforge.fml.loading.FMLLoader/CORE]: Found ForgeSPI package implementation version 7.0.1+7.0.1+master.d2b38bf6
[24Sep2026 13:54:30.130] [main/DEBUG] [net.minecraftforge.fml.loading.FMLLoader/CORE]: Found ForgeSPI package specification 5
[24Sep2026 13:54:30.130] [main/DEBUG] [cpw.mods.modlauncher.TransformationServiceDecorator/MODLAUNCHER]: Loaded service fml
[24Sep2026 13:54:30.131] [main/DEBUG] [cpw.mods.modlauncher.TransformationServicesHandler/MODLAUNCHER]: Configuring option handling for services
[24Sep2026 13:54:30.136] [main/DEBUG] [cpw.mods.modlauncher.TransformationServicesHandler/MODLAUNCHER]: Transformation services initializing
[24Sep2026 13:54:30.137] [main/DEBUG] [cpw.mods.modlauncher.TransformationServiceDecorator/MODLAUNCHER]: Initializing transformation service mixin
[24Sep2026 13:54:30.156] [main/DEBUG] [mixin/]: MixinService [ModLauncher] was successfully booted in cpw.mods.cl.ModuleClassLoader@654f0d9c
[24Sep2026 13:54:30.177] [main/INFO] [mixin/]: SpongePowered MIXIN Subsystem Version=0.8.5 Source=union:/C:/Users/Ché/.gradle/caches/modules-2/files-2.1/org.spongepowered/mixin/0.8.5/9d1c0c3a304ae6697ecd477218fa61b850bf57fc/mixin-0.8.5.jar%23128!/ Service=ModLauncher Env=CLIENT
[24Sep2026 13:54:30.181] [main/DEBUG] [mixin/]: Initialising Mixin Platform Manager
[24Sep2026 13:54:30.181] [main/DEBUG] [mixin/]: Adding mixin platform agents for container ModLauncher Root Container(ModLauncher:4f56a0a2)
[24Sep2026 13:54:30.183] [main/DEBUG] [mixin/]: Instancing new MixinPlatformAgentMinecraftForge for ModLauncher Root Container(ModLauncher:4f56a0a2)
[24Sep2026 13:54:30.183] [main/DEBUG] [mixin/]: MixinPlatformAgentMinecraftForge rejected container ModLauncher Root Container(ModLauncher:4f56a0a2)
[24Sep2026 13:54:30.184] [main/DEBUG] [mixin/]: Instancing new MixinPlatformAgentDefault for ModLauncher Root Container(ModLauncher:4f56a0a2)
[24Sep2026 13:54:30.184] [main/DEBUG] [mixin/]: MixinPlatformAgentDefault accepted container ModLauncher Root Container(ModLauncher:4f56a0a2)
[24Sep2026 13:54:30.187] [main/DEBUG] [cpw.mods.modlauncher.TransformationServiceDecorator/MODLAUNCHER]: Initialized transformation service mixin
[24Sep2026 13:54:30.188] [main/DEBUG] [cpw.mods.modlauncher.TransformationServiceDecorator/MODLAUNCHER]: Initializing transformation service fml
[24Sep2026 13:54:30.188] [main/DEBUG] [net.minecraftforge.fml.loading.FMLServiceProvider/CORE]: Setting up basic FML game directories
[24Sep2026 13:54:30.189] [main/DEBUG] [net.minecraftforge.fml.loading.FMLPaths/CORE]: Path GAMEDIR is C:\Users\Ché\IdeaProjects\Portal20\run
[24Sep2026 13:54:30.189] [main/DEBUG] [net.minecraftforge.fml.loading.FMLPaths/CORE]: Path MODSDIR is C:\Users\Ché\IdeaProjects\Portal20\run\mods
[24Sep2026 13:54:30.189] [main/DEBUG] [net.minecraftforge.fml.loading.FMLPaths/CORE]: Path CONFIGDIR is C:\Users\Ché\IdeaProjects\Portal20\run\config
[24Sep2026 13:54:30.189] [main/DEBUG] [net.minecraftforge.fml.loading.FMLPaths/CORE]: Path FMLCONFIG is C:\Users\Ché\IdeaProjects\Portal20\run\config\fml.toml
[24Sep2026 13:54:30.190] [main/DEBUG] [net.minecraftforge.fml.loading.FMLServiceProvider/CORE]: Loading configuration
[24Sep2026 13:54:30.191] [main/DEBUG] [net.minecraftforge.fml.loading.FMLServiceProvider/CORE]: Preparing ModFile
[24Sep2026 13:54:30.194] [main/DEBUG] [net.minecraftforge.fml.loading.FMLServiceProvider/CORE]: Preparing launch handler
[24Sep2026 13:54:30.194] [main/DEBUG] [net.minecraftforge.fml.loading.FMLLoader/CORE]: Using forgeclientuserdev as launch service
[24Sep2026 13:54:30.206] [main/DEBUG] [net.minecraftforge.fml.loading.FMLLoader/CORE]: Received command line version data  : VersionInfo[forgeVersion=47.4.13, mcVersion=1.20.1, mcpVersion=20230612.114412, forgeGroup=net.minecraftforge]
[24Sep2026 13:54:30.208] [main/DEBUG] [cpw.mods.modlauncher.TransformationServiceDecorator/MODLAUNCHER]: Initialized transformation service fml
[24Sep2026 13:54:30.208] [pool-2-thread-1/INFO] [EARLYDISPLAY/]: GL info: NVIDIA GeForce RTX 3050 Laptop GPU/PCIe/SSE2 GL version 4.6.0 NVIDIA 566.07, NVIDIA Corporation
[24Sep2026 13:54:30.208] [main/DEBUG] [cpw.mods.modlauncher.NameMappingServiceHandler/MODLAUNCHER]: Current naming domain is 'mcp'
[24Sep2026 13:54:30.210] [main/DEBUG] [cpw.mods.modlauncher.NameMappingServiceHandler/MODLAUNCHER]: Identified name mapping providers {srg=srgtomcp:1234}
[24Sep2026 13:54:30.210] [main/DEBUG] [cpw.mods.modlauncher.TransformationServicesHandler/MODLAUNCHER]: Transformation services begin scanning
[24Sep2026 13:54:30.211] [main/DEBUG] [cpw.mods.modlauncher.TransformationServiceDecorator/MODLAUNCHER]: Beginning scan trigger - transformation service mixin
[24Sep2026 13:54:30.211] [main/DEBUG] [cpw.mods.modlauncher.TransformationServiceDecorator/MODLAUNCHER]: End scan trigger - transformation service mixin
[24Sep2026 13:54:30.212] [main/DEBUG] [cpw.mods.modlauncher.TransformationServiceDecorator/MODLAUNCHER]: Beginning scan trigger - transformation service fml
[24Sep2026 13:54:30.212] [main/DEBUG] [net.minecraftforge.fml.loading.FMLServiceProvider/CORE]: Initiating mod scan
[24Sep2026 13:54:30.225] [main/DEBUG] [net.minecraftforge.fml.loading.moddiscovery.ModListHandler/CORE]: Found mod coordinates from lists: []
[24Sep2026 13:54:30.229] [main/DEBUG] [net.minecraftforge.fml.loading.moddiscovery.ModDiscoverer/CORE]: Found Mod Locators : (mods folder:null),(maven libs:null),(exploded directory:null),(minecraft:null),(userdev classpath:null)
[24Sep2026 13:54:30.230] [main/DEBUG] [net.minecraftforge.fml.loading.moddiscovery.ModDiscoverer/CORE]: Found Dependency Locators : (JarInJar:null)
[24Sep2026 13:54:30.240] [main/DEBUG] [net.minecraftforge.fml.loading.targets.CommonLaunchHandler/CORE]: Got mod coordinates aperture_innovations%%C:\Users\Ché\IdeaProjects\Portal20\build\resources\main;aperture_innovations%%C:\Users\Ché\IdeaProjects\Portal20\build\classes\java\main from env
[24Sep2026 13:54:30.240] [main/DEBUG] [net.minecraftforge.fml.loading.targets.CommonLaunchHandler/CORE]: Found supplied mod coordinates [{aperture_innovations=[C:\Users\Ché\IdeaProjects\Portal20\build\resources\main, C:\Users\Ché\IdeaProjects\Portal20\build\classes\java\main]}]
[24Sep2026 13:54:30.482] [main/DEBUG] [net.minecraftforge.fml.loading.moddiscovery.ModFileInfo/LOADING]: Found valid mod file forge-1.20.1-47.4.13_mapped_official_1.20.1-recomp.jar with {minecraft} mods - versions {1.20.1}
[24Sep2026 13:54:30.486] [main/DEBUG] [net.minecraftforge.fml.loading.moddiscovery.ModFileParser/LOADING]: Considering mod file candidate C:\Users\Ché\.gradle\caches\modules-2\files-2.1\net.minecraftforge\javafmllanguage\1.20.1-47.4.13\cf01e2179f72bd2829c65f5226d7dd0cfb6c686\javafmllanguage-1.20.1-47.4.13.jar
[24Sep2026 13:54:30.486] [main/WARN] [net.minecraftforge.fml.loading.moddiscovery.ModFileParser/LOADING]: Mod file C:\Users\Ché\.gradle\caches\modules-2\files-2.1\net.minecraftforge\javafmllanguage\1.20.1-47.4.13\cf01e2179f72bd2829c65f5226d7dd0cfb6c686\javafmllanguage-1.20.1-47.4.13.jar is missing mods.toml file
[24Sep2026 13:54:30.488] [main/DEBUG] [net.minecraftforge.fml.loading.moddiscovery.ModFileParser/LOADING]: Considering mod file candidate C:\Users\Ché\.gradle\caches\modules-2\files-2.1\net.minecraftforge\lowcodelanguage\1.20.1-47.4.13\e3f96129ea14eba84316f2d69816253e228e6e4c\lowcodelanguage-1.20.1-47.4.13.jar
[24Sep2026 13:54:30.489] [main/WARN] [net.minecraftforge.fml.loading.moddiscovery.ModFileParser/LOADING]: Mod file C:\Users\Ché\.gradle\caches\modules-2\files-2.1\net.minecraftforge\lowcodelanguage\1.20.1-47.4.13\e3f96129ea14eba84316f2d69816253e228e6e4c\lowcodelanguage-1.20.1-47.4.13.jar is missing mods.toml file
[24Sep2026 13:54:30.491] [main/DEBUG] [net.minecraftforge.fml.loading.moddiscovery.ModFileParser/LOADING]: Considering mod file candidate C:\Users\Ché\.gradle\caches\modules-2\files-2.1\net.minecraftforge\mclanguage\1.20.1-47.4.13\85796906112d9b621a7b2996f8bfda49da991ef0\mclanguage-1.20.1-47.4.13.jar
[24Sep2026 13:54:30.491] [main/WARN] [net.minecraftforge.fml.loading.moddiscovery.ModFileParser/LOADING]: Mod file C:\Users\Ché\.gradle\caches\modules-2\files-2.1\net.minecraftforge\mclanguage\1.20.1-47.4.13\85796906112d9b621a7b2996f8bfda49da991ef0\mclanguage-1.20.1-47.4.13.jar is missing mods.toml file
[24Sep2026 13:54:30.493] [main/DEBUG] [net.minecraftforge.fml.loading.moddiscovery.ModFileParser/LOADING]: Considering mod file candidate C:\Users\Ché\.gradle\caches\modules-2\files-2.1\net.minecraftforge\fmlcore\1.20.1-47.4.13\f77e3021d1eb31d61f8d1b92d18ed4fb3c2806e5\fmlcore-1.20.1-47.4.13.jar
[24Sep2026 13:54:30.493] [main/WARN] [net.minecraftforge.fml.loading.moddiscovery.ModFileParser/LOADING]: Mod file C:\Users\Ché\.gradle\caches\modules-2\files-2.1\net.minecraftforge\fmlcore\1.20.1-47.4.13\f77e3021d1eb31d61f8d1b92d18ed4fb3c2806e5\fmlcore-1.20.1-47.4.13.jar is missing mods.toml file
[24Sep2026 13:54:30.497] [main/DEBUG] [net.minecraftforge.fml.loading.moddiscovery.ModFileParser/LOADING]: Considering mod file candidate C:\Users\Ché\IdeaProjects\Portal20\build\resources\main
[24Sep2026 13:54:30.502] [main/DEBUG] [net.minecraftforge.fml.loading.moddiscovery.ModFileInfo/LOADING]: Found valid mod file main with {aperture_innovations} mods - versions {2.1.1-forge-1.20.1}
[24Sep2026 13:54:30.503] [main/DEBUG] [net.minecraftforge.fml.loading.moddiscovery.ModFileParser/LOADING]: Considering mod file candidate /
[24Sep2026 13:54:30.505] [main/DEBUG] [net.minecraftforge.fml.loading.moddiscovery.ModFileInfo/LOADING]: Found valid mod file  with {forge} mods - versions {47.4.13}
[24Sep2026 13:54:30.522] [main/DEBUG] [net.minecraftforge.fml.loading.moddiscovery.ModFileParser/LOADING]: Considering mod file candidate C:\Users\Ché\.gradle\caches\forge_gradle\deobf_dependencies\software\bernie\geckolib\geckolib-forge-1.20.1\4.8.2_mapped_official_1.20.1\geckolib-forge-1.20.1-4.8.2_mapped_official_1.20.1.jar
[24Sep2026 13:54:30.523] [main/DEBUG] [net.minecraftforge.fml.loading.moddiscovery.ModFileInfo/LOADING]: Found valid mod file geckolib-forge-1.20.1-4.8.2_mapped_official_1.20.1.jar with {geckolib} mods - versions {4.8.2}
[24Sep2026 13:54:30.525] [main/DEBUG] [net.minecraftforge.fml.loading.moddiscovery.ModFileParser/LOADING]: Considering mod file candidate C:\Users\Ché\.gradle\caches\modules-2\files-2.1\io.github.llamalad7\mixinextras-forge\0.4.1\5c35573a7b76103724799ca1174a69699b8a9aec\mixinextras-forge-0.4.1.jar
[24Sep2026 13:54:30.526] [main/DEBUG] [net.minecraftforge.fml.loading.moddiscovery.ModFileInfo/LOADING]: Found valid mod file mixinextras-forge-0.4.1.jar with {mixinextras} mods - versions {0.4.1}
[24Sep2026 13:54:30.529] [main/DEBUG] [net.minecraftforge.fml.loading.moddiscovery.ModFileParser/LOADING]: Considering mod file candidate C:\Users\Ché\.gradle\caches\modules-2\files-2.1\com.github.bawnorton.mixinsquared\mixinsquared-forge\0.3.7-beta.1\8b53c2a95719158d92a21179d3f20fd12123a0ca\mixinsquared-forge-0.3.7-beta.1.jar
[24Sep2026 13:54:30.530] [main/DEBUG] [net.minecraftforge.fml.loading.moddiscovery.ModFileInfo/LOADING]: Found valid mod file mixinsquared-forge-0.3.7-beta.1.jar with {mixinsquared} mods - versions {0.3.7-beta.1}
[24Sep2026 13:54:30.532] [main/DEBUG] [net.minecraftforge.fml.loading.moddiscovery.ModFileParser/LOADING]: Considering mod file candidate C:\Users\Ché\.gradle\caches\forge_gradle\deobf_dependencies\mezz\jei\jei-1.20.1-forge\15.20.0.106_mapped_official_1.20.1\jei-1.20.1-forge-15.20.0.106_mapped_official_1.20.1.jar
[24Sep2026 13:54:30.533] [main/DEBUG] [net.minecraftforge.fml.loading.moddiscovery.ModFileInfo/LOADING]: Found valid mod file jei-1.20.1-forge-15.20.0.106_mapped_official_1.20.1.jar with {jei} mods - versions {15.20.0.106}
[24Sep2026 13:54:30.541] [main/DEBUG] [net.minecraftforge.fml.loading.moddiscovery.ModFileParser/LOADING]: Considering mod file candidate C:\Users\Ché\.gradle\caches\forge_gradle\deobf_dependencies\curse\maven\mekanism-268560\6552911_mapped_official_1.20.1\mekanism-268560-6552911_mapped_official_1.20.1.jar
[24Sep2026 13:54:30.542] [main/DEBUG] [net.minecraftforge.fml.loading.moddiscovery.ModFileInfo/LOADING]: Found valid mod file mekanism-268560-6552911_mapped_official_1.20.1.jar with {mekanism} mods - versions {10.4.16}
[24Sep2026 13:54:30.544] [main/DEBUG] [net.minecraftforge.fml.loading.moddiscovery.ModFileParser/LOADING]: Considering mod file candidate C:\Users\Ché\.gradle\caches\forge_gradle\deobf_dependencies\software\bernie\geckolib\geckolib-forge-1.20.1\4.8.2_mapped_official_1.20.1\geckolib-forge-1.20.1-4.8.2_mapped_official_1.20.1.jar
[24Sep2026 13:54:30.545] [main/DEBUG] [net.minecraftforge.fml.loading.moddiscovery.ModFileInfo/LOADING]: Found valid mod file geckolib-forge-1.20.1-4.8.2_mapped_official_1.20.1.jar with {geckolib} mods - versions {4.8.2}
[24Sep2026 13:54:30.547] [main/DEBUG] [net.minecraftforge.fml.loading.moddiscovery.ModFileParser/LOADING]: Considering mod file candidate C:\Users\Ché\.gradle\caches\modules-2\files-2.1\io.github.llamalad7\mixinextras-forge\0.4.1\5c35573a7b76103724799ca1174a69699b8a9aec\mixinextras-forge-0.4.1.jar
[24Sep2026 13:54:30.547] [main/DEBUG] [net.minecraftforge.fml.loading.moddiscovery.ModFileInfo/LOADING]: Found valid mod file mixinextras-forge-0.4.1.jar with {mixinextras} mods - versions {0.4.1}
[24Sep2026 13:54:30.549] [main/DEBUG] [net.minecraftforge.fml.loading.moddiscovery.ModFileParser/LOADING]: Considering mod file candidate C:\Users\Ché\.gradle\caches\modules-2\files-2.1\com.github.bawnorton.mixinsquared\mixinsquared-forge\0.3.7-beta.1\8b53c2a95719158d92a21179d3f20fd12123a0ca\mixinsquared-forge-0.3.7-beta.1.jar
[24Sep2026 13:54:30.549] [main/DEBUG] [net.minecraftforge.fml.loading.moddiscovery.ModFileInfo/LOADING]: Found valid mod file mixinsquared-forge-0.3.7-beta.1.jar with {mixinsquared} mods - versions {0.3.7-beta.1}
[24Sep2026 13:54:30.552] [main/DEBUG] [net.minecraftforge.fml.loading.moddiscovery.ModFileParser/LOADING]: Considering mod file candidate C:\Users\Ché\.gradle\caches\forge_gradle\deobf_dependencies\mezz\jei\jei-1.20.1-forge\15.20.0.106_mapped_official_1.20.1\jei-1.20.1-forge-15.20.0.106_mapped_official_1.20.1.jar
[24Sep2026 13:54:30.554] [main/DEBUG] [net.minecraftforge.fml.loading.moddiscovery.ModFileInfo/LOADING]: Found valid mod file jei-1.20.1-forge-15.20.0.106_mapped_official_1.20.1.jar with {jei} mods - versions {15.20.0.106}
[24Sep2026 13:54:30.561] [main/DEBUG] [net.minecraftforge.fml.loading.moddiscovery.ModFileParser/LOADING]: Considering mod file candidate C:\Users\Ché\.gradle\caches\forge_gradle\deobf_dependencies\curse\maven\mekanism-268560\6552911_mapped_official_1.20.1\mekanism-268560-6552911_mapped_official_1.20.1.jar
[24Sep2026 13:54:30.561] [main/DEBUG] [net.minecraftforge.fml.loading.moddiscovery.ModFileInfo/LOADING]: Found valid mod file mekanism-268560-6552911_mapped_official_1.20.1.jar with {mekanism} mods - versions {10.4.16}
[24Sep2026 13:54:30.567] [main/DEBUG] [net.minecraftforge.fml.loading.UniqueModListBuilder/]: Found 2 mods for first modid mixinextras, selecting most recent based on version data
[24Sep2026 13:54:30.568] [main/DEBUG] [net.minecraftforge.fml.loading.UniqueModListBuilder/]: Selected file mixinextras-forge-0.4.1.jar for modid mixinextras with version 0.4.1
[24Sep2026 13:54:30.568] [main/DEBUG] [net.minecraftforge.fml.loading.UniqueModListBuilder/]: Found 2 mods for first modid mekanism, selecting most recent based on version data
[24Sep2026 13:54:30.568] [main/DEBUG] [net.minecraftforge.fml.loading.UniqueModListBuilder/]: Selected file mekanism-268560-6552911_mapped_official_1.20.1.jar for modid mekanism with version 10.4.16
[24Sep2026 13:54:30.568] [main/DEBUG] [net.minecraftforge.fml.loading.UniqueModListBuilder/]: Found 2 mods for first modid mixinsquared, selecting most recent based on version data
[24Sep2026 13:54:30.569] [main/DEBUG] [net.minecraftforge.fml.loading.UniqueModListBuilder/]: Selected file mixinsquared-forge-0.3.7-beta.1.jar for modid mixinsquared with version 0.3.7-beta.1
[24Sep2026 13:54:30.677] [main/DEBUG] [net.minecraftforge.fml.loading.UniqueModListBuilder/]: Found 2 mods for first modid geckolib, selecting most recent based on version data
[24Sep2026 13:54:30.677] [main/DEBUG] [net.minecraftforge.fml.loading.UniqueModListBuilder/]: Selected file geckolib-forge-1.20.1-4.8.2_mapped_official_1.20.1.jar for modid geckolib with version 4.8.2
[24Sep2026 13:54:30.677] [main/DEBUG] [net.minecraftforge.fml.loading.UniqueModListBuilder/]: Found 2 mods for first modid jei, selecting most recent based on version data
[24Sep2026 13:54:30.677] [main/DEBUG] [net.minecraftforge.fml.loading.UniqueModListBuilder/]: Selected file jei-1.20.1-forge-15.20.0.106_mapped_official_1.20.1.jar for modid jei with version 15.20.0.106
[24Sep2026 13:54:30.684] [main/DEBUG] [net.minecraftforge.fml.loading.moddiscovery.AbstractJarFileDependencyLocator/]: Failed to load resource META-INF\jarjar\metadata.json from forge-1.20.1-47.4.13_mapped_official_1.20.1-recomp.jar, it does not contain dependency information.
[24Sep2026 13:54:30.685] [main/DEBUG] [net.minecraftforge.fml.loading.moddiscovery.AbstractJarFileDependencyLocator/]: Failed to load resource META-INF\jarjar\metadata.json from mekanism-268560-6552911_mapped_official_1.20.1.jar, it does not contain dependency information.
[24Sep2026 13:54:30.685] [main/DEBUG] [net.minecraftforge.fml.loading.moddiscovery.AbstractJarFileDependencyLocator/]: Failed to load resource META-INF\jarjar\metadata.json from , it does not contain dependency information.
[24Sep2026 13:54:30.686] [main/DEBUG] [net.minecraftforge.fml.loading.moddiscovery.AbstractJarFileDependencyLocator/]: Failed to load resource META-INF\jarjar\metadata.json from main, it does not contain dependency information.
[24Sep2026 13:54:30.686] [main/DEBUG] [net.minecraftforge.fml.loading.moddiscovery.AbstractJarFileDependencyLocator/]: Failed to load resource META-INF\jarjar\metadata.json from jei-1.20.1-forge-15.20.0.106_mapped_official_1.20.1.jar, it does not contain dependency information.
[24Sep2026 13:54:30.686] [main/DEBUG] [net.minecraftforge.fml.loading.moddiscovery.AbstractJarFileDependencyLocator/]: Failed to load resource META-INF\jarjar\metadata.json from mclanguage-1.20.1-47.4.13.jar, it does not contain dependency information.
[24Sep2026 13:54:30.687] [main/DEBUG] [net.minecraftforge.fml.loading.moddiscovery.AbstractJarFileDependencyLocator/]: Failed to load resource META-INF\jarjar\metadata.json from javafmllanguage-1.20.1-47.4.13.jar, it does not contain dependency information.
[24Sep2026 13:54:30.687] [main/DEBUG] [net.minecraftforge.fml.loading.moddiscovery.AbstractJarFileDependencyLocator/]: Failed to load resource META-INF\jarjar\metadata.json from fmlcore-1.20.1-47.4.13.jar, it does not contain dependency information.
[24Sep2026 13:54:30.687] [main/DEBUG] [net.minecraftforge.fml.loading.moddiscovery.AbstractJarFileDependencyLocator/]: Failed to load resource META-INF\jarjar\metadata.json from lowcodelanguage-1.20.1-47.4.13.jar, it does not contain dependency information.
[24Sep2026 13:54:30.750] [main/DEBUG] [net.minecraftforge.fml.loading.moddiscovery.AbstractJarFileDependencyLocator/]: Failed to load resource META-INF\jarjar\metadata.json from MixinSquared-0.3.7-beta.1.jar, it does not contain dependency information.
[24Sep2026 13:54:30.750] [main/DEBUG] [net.minecraftforge.fml.loading.moddiscovery.AbstractJarFileDependencyLocator/]: Failed to load resource META-INF\jarjar\metadata.json from mclib-20.jar, it does not contain dependency information.
[24Sep2026 13:54:30.750] [main/DEBUG] [net.minecraftforge.fml.loading.moddiscovery.AbstractJarFileDependencyLocator/]: Failed to load resource META-INF\jarjar\metadata.json from MixinExtras-0.4.1.jar, it does not contain dependency information.
[24Sep2026 13:54:30.786] [main/INFO] [net.minecraftforge.fml.loading.moddiscovery.JarInJarDependencyLocator/]: Found 3 dependencies adding them to mods collection
[24Sep2026 13:54:30.789] [main/DEBUG] [net.minecraftforge.fml.loading.moddiscovery.ModFileInfo/LOADING]: Found valid mod file forge-1.20.1-47.4.13_mapped_official_1.20.1-recomp.jar with {minecraft} mods - versions {1.20.1}
[24Sep2026 13:54:30.792] [main/DEBUG] [net.minecraftforge.fml.loading.moddiscovery.ModFile/LOADING]: Loading mod file C:\Users\Ché\IdeaProjects\Portal20\build\fg_cache\net\minecraftforge\forge\1.20.1-47.4.13_mapped_official_1.20.1\forge-1.20.1-47.4.13_mapped_official_1.20.1-recomp.jar with languages [LanguageSpec[languageName=minecraft, acceptedVersions=1]]
[24Sep2026 13:54:30.793] [main/DEBUG] [net.minecraftforge.fml.loading.moddiscovery.ModFileParser/LOADING]: Considering mod file candidate C:\Users\Ché\.gradle\caches\forge_gradle\deobf_dependencies\curse\maven\mekanism-268560\6552911_mapped_official_1.20.1\mekanism-268560-6552911_mapped_official_1.20.1.jar
[24Sep2026 13:54:30.794] [main/DEBUG] [net.minecraftforge.fml.loading.moddiscovery.ModFileInfo/LOADING]: Found valid mod file mekanism-268560-6552911_mapped_official_1.20.1.jar with {mekanism} mods - versions {10.4.16}
[24Sep2026 13:54:30.794] [main/DEBUG] [net.minecraftforge.fml.loading.moddiscovery.ModFile/LOADING]: Loading mod file C:\Users\Ché\.gradle\caches\forge_gradle\deobf_dependencies\curse\maven\mekanism-268560\6552911_mapped_official_1.20.1\mekanism-268560-6552911_mapped_official_1.20.1.jar with languages [LanguageSpec[languageName=javafml, acceptedVersions=[47,)]]
[24Sep2026 13:54:30.794] [main/DEBUG] [net.minecraftforge.fml.loading.moddiscovery.ModFileParser/LOADING]: Considering mod file candidate /
[24Sep2026 13:54:30.795] [main/DEBUG] [net.minecraftforge.fml.loading.moddiscovery.ModFileInfo/LOADING]: Found valid mod file  with {forge} mods - versions {47.4.13}
[24Sep2026 13:54:30.795] [main/DEBUG] [net.minecraftforge.fml.loading.moddiscovery.ModFile/LOADING]: Loading mod file / with languages [LanguageSpec[languageName=javafml, acceptedVersions=[24,]]]
[24Sep2026 13:54:30.798] [main/DEBUG] [net.minecraftforge.fml.loading.moddiscovery.ModFileParser/LOADING]: Found coremod field_to_method with Javascript path coremods/field_to_method.js
[24Sep2026 13:54:30.798] [main/DEBUG] [net.minecraftforge.fml.loading.moddiscovery.ModFileParser/LOADING]: Found coremod field_to_instanceof with Javascript path coremods/field_to_instanceof.js
[24Sep2026 13:54:30.798] [main/DEBUG] [net.minecraftforge.fml.loading.moddiscovery.ModFileParser/LOADING]: Found coremod add_bouncer_method with Javascript path coremods/add_bouncer_method.js
[24Sep2026 13:54:30.798] [main/DEBUG] [net.minecraftforge.fml.loading.moddiscovery.ModFileParser/LOADING]: Found coremod method_redirector with Javascript path coremods/method_redirector.js
[24Sep2026 13:54:30.798] [main/DEBUG] [net.minecraftforge.fml.loading.moddiscovery.ModFile/LOADING]: Found coremod coremods/field_to_method.js
[24Sep2026 13:54:30.798] [main/DEBUG] [net.minecraftforge.fml.loading.moddiscovery.ModFile/LOADING]: Found coremod coremods/field_to_instanceof.js
[24Sep2026 13:54:30.799] [main/DEBUG] [net.minecraftforge.fml.loading.moddiscovery.ModFile/LOADING]: Found coremod coremods/add_bouncer_method.js
[24Sep2026 13:54:30.799] [main/DEBUG] [net.minecraftforge.fml.loading.moddiscovery.ModFile/LOADING]: Found coremod coremods/method_redirector.js
[24Sep2026 13:54:30.799] [main/DEBUG] [net.minecraftforge.fml.loading.moddiscovery.ModFileParser/LOADING]: Considering mod file candidate C:\Users\Ché\.gradle\caches\forge_gradle\deobf_dependencies\software\bernie\geckolib\geckolib-forge-1.20.1\4.8.2_mapped_official_1.20.1\geckolib-forge-1.20.1-4.8.2_mapped_official_1.20.1.jar
[24Sep2026 13:54:30.800] [main/DEBUG] [net.minecraftforge.fml.loading.moddiscovery.ModFileInfo/LOADING]: Found valid mod file geckolib-forge-1.20.1-4.8.2_mapped_official_1.20.1.jar with {geckolib} mods - versions {4.8.2}
[24Sep2026 13:54:30.800] [main/DEBUG] [net.minecraftforge.fml.loading.moddiscovery.ModFile/LOADING]: Loading mod file C:\Users\Ché\.gradle\caches\forge_gradle\deobf_dependencies\software\bernie\geckolib\geckolib-forge-1.20.1\4.8.2_mapped_official_1.20.1\geckolib-forge-1.20.1-4.8.2_mapped_official_1.20.1.jar with languages [LanguageSpec[languageName=javafml, acceptedVersions=[47,)]]
[24Sep2026 13:54:30.800] [main/DEBUG] [net.minecraftforge.fml.loading.moddiscovery.ModFileParser/LOADING]: Considering mod file candidate C:\Users\Ché\IdeaProjects\Portal20\build\resources\main
[24Sep2026 13:54:30.802] [main/DEBUG] [net.minecraftforge.fml.loading.moddiscovery.ModFileInfo/LOADING]: Found valid mod file main with {aperture_innovations} mods - versions {2.1.1-forge-1.20.1}
[24Sep2026 13:54:30.802] [main/DEBUG] [net.minecraftforge.fml.loading.moddiscovery.ModFile/LOADING]: Loading mod file C:\Users\Ché\IdeaProjects\Portal20\build\resources\main with languages [LanguageSpec[languageName=javafml, acceptedVersions=[47,)]]
[24Sep2026 13:54:30.803] [main/DEBUG] [net.minecraftforge.fml.loading.moddiscovery.ModFileParser/LOADING]: Considering mod file candidate C:\Users\Ché\.gradle\caches\forge_gradle\deobf_dependencies\mezz\jei\jei-1.20.1-forge\15.20.0.106_mapped_official_1.20.1\jei-1.20.1-forge-15.20.0.106_mapped_official_1.20.1.jar
[24Sep2026 13:54:30.804] [main/DEBUG] [net.minecraftforge.fml.loading.moddiscovery.ModFileInfo/LOADING]: Found valid mod file jei-1.20.1-forge-15.20.0.106_mapped_official_1.20.1.jar with {jei} mods - versions {15.20.0.106}
[24Sep2026 13:54:30.804] [main/DEBUG] [net.minecraftforge.fml.loading.moddiscovery.ModFile/LOADING]: Loading mod file C:\Users\Ché\.gradle\caches\forge_gradle\deobf_dependencies\mezz\jei\jei-1.20.1-forge\15.20.0.106_mapped_official_1.20.1\jei-1.20.1-forge-15.20.0.106_mapped_official_1.20.1.jar with languages [LanguageSpec[languageName=javafml, acceptedVersions=[47,)]]
[24Sep2026 13:54:30.804] [main/DEBUG] [net.minecraftforge.fml.loading.moddiscovery.ModFile/LOADING]: Loading mod file  with languages []
[24Sep2026 13:54:30.804] [main/DEBUG] [net.minecraftforge.fml.loading.moddiscovery.ModFile/LOADING]: Loading mod file  with languages []
[24Sep2026 13:54:30.804] [main/DEBUG] [net.minecraftforge.fml.loading.moddiscovery.ModFileParser/LOADING]: Considering mod file candidate C:\Users\Ché\.gradle\caches\modules-2\files-2.1\io.github.llamalad7\mixinextras-forge\0.4.1\5c35573a7b76103724799ca1174a69699b8a9aec\mixinextras-forge-0.4.1.jar
[24Sep2026 13:54:30.805] [main/DEBUG] [net.minecraftforge.fml.loading.moddiscovery.ModFileInfo/LOADING]: Found valid mod file mixinextras-forge-0.4.1.jar with {mixinextras} mods - versions {0.4.1}
[24Sep2026 13:54:30.805] [main/DEBUG] [net.minecraftforge.fml.loading.moddiscovery.ModFile/LOADING]: Loading mod file C:\Users\Ché\.gradle\caches\modules-2\files-2.1\io.github.llamalad7\mixinextras-forge\0.4.1\5c35573a7b76103724799ca1174a69699b8a9aec\mixinextras-forge-0.4.1.jar with languages [LanguageSpec[languageName=javafml, acceptedVersions=*]]
[24Sep2026 13:54:30.806] [main/DEBUG] [net.minecraftforge.fml.loading.moddiscovery.ModFileParser/LOADING]: Considering mod file candidate C:\Users\Ché\.gradle\caches\modules-2\files-2.1\com.github.bawnorton.mixinsquared\mixinsquared-forge\0.3.7-beta.1\8b53c2a95719158d92a21179d3f20fd12123a0ca\mixinsquared-forge-0.3.7-beta.1.jar
[24Sep2026 13:54:30.806] [main/DEBUG] [net.minecraftforge.fml.loading.moddiscovery.ModFileInfo/LOADING]: Found valid mod file mixinsquared-forge-0.3.7-beta.1.jar with {mixinsquared} mods - versions {0.3.7-beta.1}
[24Sep2026 13:54:30.806] [main/DEBUG] [net.minecraftforge.fml.loading.moddiscovery.ModFile/LOADING]: Loading mod file C:\Users\Ché\.gradle\caches\modules-2\files-2.1\com.github.bawnorton.mixinsquared\mixinsquared-forge\0.3.7-beta.1\8b53c2a95719158d92a21179d3f20fd12123a0ca\mixinsquared-forge-0.3.7-beta.1.jar with languages [LanguageSpec[languageName=javafml, acceptedVersions=*]]
[24Sep2026 13:54:30.806] [main/DEBUG] [net.minecraftforge.fml.loading.moddiscovery.ModFile/LOADING]: Loading mod file  with languages []
[24Sep2026 13:54:30.806] [main/DEBUG] [net.minecraftforge.fml.loading.moddiscovery.ModFile/LOADING]: Loading mod file  with languages []
[24Sep2026 13:54:30.806] [main/DEBUG] [net.minecraftforge.fml.loading.moddiscovery.ModFile/LOADING]: Loading mod file  with languages []
[24Sep2026 13:54:30.806] [main/DEBUG] [net.minecraftforge.fml.loading.moddiscovery.ModFileParser/LOADING]: Considering mod file candidate C:\Users\Ché\.gradle\caches\modules-2\files-2.1\io.github.llamalad7\mixinextras-forge\0.4.1\5c35573a7b76103724799ca1174a69699b8a9aec\mixinextras-forge-0.4.1.jar
[24Sep2026 13:54:30.808] [main/DEBUG] [net.minecraftforge.fml.loading.moddiscovery.ModFileInfo/LOADING]: Found valid mod file mixinextras-forge-0.4.1.jar with {mixinextras} mods - versions {0.4.1}
[24Sep2026 13:54:30.808] [main/DEBUG] [net.minecraftforge.fml.loading.moddiscovery.ModFile/LOADING]: Loading mod file C:\Users\Ché\.gradle\caches\modules-2\files-2.1\io.github.llamalad7\mixinextras-forge\0.4.1\5c35573a7b76103724799ca1174a69699b8a9aec\mixinextras-forge-0.4.1.jar with languages [LanguageSpec[languageName=javafml, acceptedVersions=*]]
[24Sep2026 13:54:30.808] [main/DEBUG] [net.minecraftforge.fml.loading.moddiscovery.ModFileParser/LOADING]: Considering mod file candidate C:\Users\Ché\.gradle\caches\modules-2\files-2.1\com.github.bawnorton.mixinsquared\mixinsquared-forge\0.3.7-beta.1\8b53c2a95719158d92a21179d3f20fd12123a0ca\mixinsquared-forge-0.3.7-beta.1.jar
[24Sep2026 13:54:30.808] [main/DEBUG] [net.minecraftforge.fml.loading.moddiscovery.ModFileInfo/LOADING]: Found valid mod file mixinsquared-forge-0.3.7-beta.1.jar with {mixinsquared} mods - versions {0.3.7-beta.1}
[24Sep2026 13:54:30.808] [main/DEBUG] [net.minecraftforge.fml.loading.moddiscovery.ModFile/LOADING]: Loading mod file C:\Users\Ché\.gradle\caches\modules-2\files-2.1\com.github.bawnorton.mixinsquared\mixinsquared-forge\0.3.7-beta.1\8b53c2a95719158d92a21179d3f20fd12123a0ca\mixinsquared-forge-0.3.7-beta.1.jar with languages [LanguageSpec[languageName=javafml, acceptedVersions=*]]
[24Sep2026 13:54:30.808] [main/DEBUG] [net.minecraftforge.fml.loading.moddiscovery.ModFile/LOADING]: Loading mod file  with languages []
[24Sep2026 13:54:30.810] [main/DEBUG] [cpw.mods.modlauncher.TransformationServiceDecorator/MODLAUNCHER]: End scan trigger - transformation service fml
[24Sep2026 13:54:30.820] [main/DEBUG] [net.minecraftforge.fml.loading.LanguageLoadingProvider/CORE]: Found 3 language providers
[24Sep2026 13:54:30.820] [main/DEBUG] [net.minecraftforge.fml.loading.LanguageLoadingProvider/CORE]: Found language provider minecraft, version 1.0
[24Sep2026 13:54:30.822] [main/DEBUG] [net.minecraftforge.fml.loading.LanguageLoadingProvider/CORE]: Found language provider lowcodefml, version 47
[24Sep2026 13:54:30.822] [main/DEBUG] [net.minecraftforge.fml.loading.LanguageLoadingProvider/CORE]: Found language provider javafml, version 47
[24Sep2026 13:54:30.824] [main/DEBUG] [net.minecraftforge.fml.loading.UniqueModListBuilder/]: Found 2 mods for first modid mclib, selecting most recent based on version data
[24Sep2026 13:54:30.826] [main/DEBUG] [net.minecraftforge.fml.loading.UniqueModListBuilder/]: Selected file mclib-20.jar for modid mclib with version 0.0NONE
[24Sep2026 13:54:30.826] [main/DEBUG] [net.minecraftforge.fml.loading.UniqueModListBuilder/]: Found 2 mods for first modid MixinExtras, selecting most recent based on version data
[24Sep2026 13:54:30.826] [main/DEBUG] [net.minecraftforge.fml.loading.UniqueModListBuilder/]: Selected file MixinExtras-0.4.1.jar for modid MixinExtras with version 0.0NONE
[24Sep2026 13:54:30.826] [main/DEBUG] [net.minecraftforge.fml.loading.UniqueModListBuilder/]: Found 2 mods for first modid mixinextras, selecting most recent based on version data
[24Sep2026 13:54:30.826] [main/DEBUG] [net.minecraftforge.fml.loading.UniqueModListBuilder/]: Selected file mixinextras-forge-0.4.1.jar for modid mixinextras with version 0.4.1
[24Sep2026 13:54:30.826] [main/DEBUG] [net.minecraftforge.fml.loading.UniqueModListBuilder/]: Found 2 mods for first modid mixinsquared, selecting most recent based on version data
[24Sep2026 13:54:30.826] [main/DEBUG] [net.minecraftforge.fml.loading.UniqueModListBuilder/]: Selected file mixinsquared-forge-0.3.7-beta.1.jar for modid mixinsquared with version 0.3.7-beta.1
[24Sep2026 13:54:30.826] [main/DEBUG] [net.minecraftforge.fml.loading.UniqueModListBuilder/]: Found 2 mods for first modid MixinSquared.beta._1, selecting most recent based on version data
[24Sep2026 13:54:30.826] [main/DEBUG] [net.minecraftforge.fml.loading.UniqueModListBuilder/]: Selected file MixinSquared-0.3.7-beta.1.jar for modid MixinSquared.beta._1 with version 0.0NONE
[24Sep2026 13:54:30.828] [main/DEBUG] [net.minecraftforge.fml.loading.ModSorter/]: Configured system mods: [minecraft, forge]
[24Sep2026 13:54:30.828] [main/DEBUG] [net.minecraftforge.fml.loading.ModSorter/]: Found system mod: minecraft
[24Sep2026 13:54:30.828] [main/DEBUG] [net.minecraftforge.fml.loading.ModSorter/]: Found system mod: forge
[24Sep2026 13:54:30.832] [main/DEBUG] [net.minecraftforge.fml.loading.ModSorter/LOADING]: Found 14 mod requirements (9 mandatory, 5 optional)
[24Sep2026 13:54:30.832] [main/DEBUG] [net.minecraftforge.fml.loading.ModSorter/LOADING]: Found 0 mod requirements missing (0 mandatory, 0 optional)
[24Sep2026 13:54:31.367] [main/DEBUG] [net.minecraftforge.fml.loading.MCPNamingService/CORE]: Loaded 33222 method mappings from methods.csv
[24Sep2026 13:54:31.405] [main/DEBUG] [net.minecraftforge.fml.loading.MCPNamingService/CORE]: Loaded 31003 field mappings from fields.csv
[24Sep2026 13:54:31.473] [main/DEBUG] [cpw.mods.modlauncher.TransformationServicesHandler/MODLAUNCHER]: Transformation services loading transformers
[24Sep2026 13:54:31.475] [main/DEBUG] [cpw.mods.modlauncher.TransformationServiceDecorator/MODLAUNCHER]: Initializing transformers for transformation service mixin
[24Sep2026 13:54:31.475] [main/DEBUG] [cpw.mods.modlauncher.TransformationServiceDecorator/MODLAUNCHER]: Initialized transformers for transformation service mixin
[24Sep2026 13:54:31.476] [main/DEBUG] [cpw.mods.modlauncher.TransformationServiceDecorator/MODLAUNCHER]: Initializing transformers for transformation service fml
[24Sep2026 13:54:31.476] [main/DEBUG] [net.minecraftforge.fml.loading.FMLServiceProvider/CORE]: Loading coremod transformers
[24Sep2026 13:54:31.476] [main/DEBUG] [net.minecraftforge.coremod.CoreModEngine/COREMOD]: Loading CoreMod from coremods/field_to_method.js
[24Sep2026 13:54:31.655] [main/DEBUG] [net.minecraftforge.coremod.CoreModEngine/COREMOD]: CoreMod loaded successfully
[24Sep2026 13:54:31.656] [main/DEBUG] [net.minecraftforge.coremod.CoreModEngine/COREMOD]: Loading CoreMod from coremods/field_to_instanceof.js
[24Sep2026 13:54:31.733] [main/DEBUG] [net.minecraftforge.coremod.CoreModEngine/COREMOD]: CoreMod loaded successfully
[24Sep2026 13:54:31.733] [main/DEBUG] [net.minecraftforge.coremod.CoreModEngine/COREMOD]: Loading CoreMod from coremods/add_bouncer_method.js
[24Sep2026 13:54:31.782] [main/DEBUG] [net.minecraftforge.coremod.CoreModEngine/COREMOD]: CoreMod loaded successfully
[24Sep2026 13:54:31.782] [main/DEBUG] [net.minecraftforge.coremod.CoreModEngine/COREMOD]: Loading CoreMod from coremods/method_redirector.js
[24Sep2026 13:54:31.835] [main/DEBUG] [net.minecraftforge.coremod.CoreModEngine/COREMOD]: CoreMod loaded successfully
[24Sep2026 13:54:31.849] [main/DEBUG] [cpw.mods.modlauncher.TransformStore/MODLAUNCHER]: Adding transformer net.minecraftforge.coremod.transformer.CoreModClassTransformer@239f017e to Target : CLASS {Lnet/minecraft/world/level/biome/Biome;} {} {V}
[24Sep2026 13:54:31.851] [main/DEBUG] [cpw.mods.modlauncher.TransformStore/MODLAUNCHER]: Adding transformer net.minecraftforge.coremod.transformer.CoreModClassTransformer@6d08b4e6 to Target : CLASS {Lnet/minecraft/world/level/levelgen/structure/Structure;} {} {V}
[24Sep2026 13:54:31.851] [main/DEBUG] [cpw.mods.modlauncher.TransformStore/MODLAUNCHER]: Adding transformer net.minecraftforge.coremod.transformer.CoreModClassTransformer@1015a4b9 to Target : CLASS {Lnet/minecraft/world/effect/MobEffectInstance;} {} {V}
[24Sep2026 13:54:31.851] [main/DEBUG] [cpw.mods.modlauncher.TransformStore/MODLAUNCHER]: Adding transformer net.minecraftforge.coremod.transformer.CoreModClassTransformer@1acb74ad to Target : CLASS {Lnet/minecraft/world/level/block/LiquidBlock;} {} {V}
[24Sep2026 13:54:31.851] [main/DEBUG] [cpw.mods.modlauncher.TransformStore/MODLAUNCHER]: Adding transformer net.minecraftforge.coremod.transformer.CoreModClassTransformer@7bf01cb to Target : CLASS {Lnet/minecraft/world/item/BucketItem;} {} {V}
[24Sep2026 13:54:31.851] [main/DEBUG] [cpw.mods.modlauncher.TransformStore/MODLAUNCHER]: Adding transformer net.minecraftforge.coremod.transformer.CoreModClassTransformer@2f382a5e to Target : CLASS {Lnet/minecraft/world/level/block/StairBlock;} {} {V}
[24Sep2026 13:54:31.851] [main/DEBUG] [cpw.mods.modlauncher.TransformStore/MODLAUNCHER]: Adding transformer net.minecraftforge.coremod.transformer.CoreModClassTransformer@12b5736c to Target : CLASS {Lnet/minecraft/world/level/block/FlowerPotBlock;} {} {V}
[24Sep2026 13:54:31.851] [main/DEBUG] [cpw.mods.modlauncher.TransformStore/MODLAUNCHER]: Adding transformer net.minecraftforge.coremod.transformer.CoreModClassTransformer@539a138b to Target : CLASS {Lnet/minecraft/world/item/ItemStack;} {} {V}
[24Sep2026 13:54:31.851] [main/DEBUG] [cpw.mods.modlauncher.TransformStore/MODLAUNCHER]: Adding transformer net.minecraftforge.coremod.transformer.CoreModClassTransformer@2cd4e16a to Target : CLASS {Lnet/minecraft/network/play/client/CClientSettingsPacket;} {} {V}
[24Sep2026 13:54:31.851] [main/DEBUG] [cpw.mods.modlauncher.TransformStore/MODLAUNCHER]: Adding transformer net.minecraftforge.coremod.transformer.CoreModClassTransformer@42505474 to Target : CLASS {Lnet/minecraft/world/entity/animal/frog/Tadpole;} {} {V}
[24Sep2026 13:54:31.853] [main/DEBUG] [cpw.mods.modlauncher.TransformStore/MODLAUNCHER]: Adding transformer net.minecraftforge.coremod.transformer.CoreModClassTransformer@42505474 to Target : CLASS {Lnet/minecraft/world/level/levelgen/structure/structures/SwampHutPiece;} {} {V}
[24Sep2026 13:54:31.853] [main/DEBUG] [cpw.mods.modlauncher.TransformStore/MODLAUNCHER]: Adding transformer net.minecraftforge.coremod.transformer.CoreModClassTransformer@42505474 to Target : CLASS {Lnet/minecraft/world/entity/npc/CatSpawner;} {} {V}
[24Sep2026 13:54:31.853] [main/DEBUG] [cpw.mods.modlauncher.TransformStore/MODLAUNCHER]: Adding transformer net.minecraftforge.coremod.transformer.CoreModClassTransformer@42505474 to Target : CLASS {Lnet/minecraft/world/entity/raid/Raid;} {} {V}
[24Sep2026 13:54:31.853] [main/DEBUG] [cpw.mods.modlauncher.TransformStore/MODLAUNCHER]: Adding transformer net.minecraftforge.coremod.transformer.CoreModClassTransformer@42505474 to Target : CLASS {Lnet/minecraft/server/commands/RaidCommand;} {} {V}
[24Sep2026 13:54:31.853] [main/DEBUG] [cpw.mods.modlauncher.TransformStore/MODLAUNCHER]: Adding transformer net.minecraftforge.coremod.transformer.CoreModClassTransformer@42505474 to Target : CLASS {Lnet/minecraft/world/entity/monster/Evoker$EvokerSummonSpellGoal;} {} {V}
[24Sep2026 13:54:31.853] [main/DEBUG] [cpw.mods.modlauncher.TransformStore/MODLAUNCHER]: Adding transformer net.minecraftforge.coremod.transformer.CoreModClassTransformer@42505474 to Target : CLASS {Lnet/minecraft/world/entity/monster/Zombie;} {} {V}
[24Sep2026 13:54:31.853] [main/DEBUG] [cpw.mods.modlauncher.TransformStore/MODLAUNCHER]: Adding transformer net.minecraftforge.coremod.transformer.CoreModClassTransformer@42505474 to Target : CLASS {Lnet/minecraft/world/entity/EntityType;} {} {V}
[24Sep2026 13:54:31.853] [main/DEBUG] [cpw.mods.modlauncher.TransformStore/MODLAUNCHER]: Adding transformer net.minecraftforge.coremod.transformer.CoreModClassTransformer@42505474 to Target : CLASS {Lnet/minecraft/world/level/levelgen/structure/structures/WoodlandMansionPieces$WoodlandMansionPiece;} {} {V}
[24Sep2026 13:54:31.853] [main/DEBUG] [cpw.mods.modlauncher.TransformStore/MODLAUNCHER]: Adding transformer net.minecraftforge.coremod.transformer.CoreModClassTransformer@42505474 to Target : CLASS {Lnet/minecraft/world/entity/animal/horse/SkeletonTrapGoal;} {} {V}
[24Sep2026 13:54:31.853] [main/DEBUG] [cpw.mods.modlauncher.TransformStore/MODLAUNCHER]: Adding transformer net.minecraftforge.coremod.transformer.CoreModClassTransformer@42505474 to Target : CLASS {Lnet/minecraft/world/level/levelgen/PatrolSpawner;} {} {V}
[24Sep2026 13:54:31.853] [main/DEBUG] [cpw.mods.modlauncher.TransformStore/MODLAUNCHER]: Adding transformer net.minecraftforge.coremod.transformer.CoreModClassTransformer@42505474 to Target : CLASS {Lnet/minecraft/world/entity/ai/village/VillageSiege;} {} {V}
[24Sep2026 13:54:31.853] [main/DEBUG] [cpw.mods.modlauncher.TransformStore/MODLAUNCHER]: Adding transformer net.minecraftforge.coremod.transformer.CoreModClassTransformer@42505474 to Target : CLASS {Lnet/minecraft/world/level/NaturalSpawner;} {} {V}
[24Sep2026 13:54:31.853] [main/DEBUG] [cpw.mods.modlauncher.TransformStore/MODLAUNCHER]: Adding transformer net.minecraftforge.coremod.transformer.CoreModClassTransformer@42505474 to Target : CLASS {Lnet/minecraft/server/commands/SummonCommand;} {} {V}
[24Sep2026 13:54:31.853] [main/DEBUG] [cpw.mods.modlauncher.TransformStore/MODLAUNCHER]: Adding transformer net.minecraftforge.coremod.transformer.CoreModClassTransformer@42505474 to Target : CLASS {Lnet/minecraft/world/entity/monster/Spider;} {} {V}
[24Sep2026 13:54:31.853] [main/DEBUG] [cpw.mods.modlauncher.TransformStore/MODLAUNCHER]: Adding transformer net.minecraftforge.coremod.transformer.CoreModClassTransformer@42505474 to Target : CLASS {Lnet/minecraft/world/level/levelgen/structure/structures/OceanMonumentPieces$OceanMonumentPiece;} {} {V}
[24Sep2026 13:54:31.853] [main/DEBUG] [cpw.mods.modlauncher.TransformStore/MODLAUNCHER]: Adding transformer net.minecraftforge.coremod.transformer.CoreModClassTransformer@42505474 to Target : CLASS {Lnet/minecraft/world/entity/npc/Villager;} {} {V}
[24Sep2026 13:54:31.853] [main/DEBUG] [cpw.mods.modlauncher.TransformStore/MODLAUNCHER]: Adding transformer net.minecraftforge.coremod.transformer.CoreModClassTransformer@42505474 to Target : CLASS {Lnet/minecraft/world/level/levelgen/structure/structures/OceanRuinPieces$OceanRuinPiece;} {} {V}
[24Sep2026 13:54:31.853] [main/DEBUG] [cpw.mods.modlauncher.TransformStore/MODLAUNCHER]: Adding transformer net.minecraftforge.coremod.transformer.CoreModClassTransformer@42505474 to Target : CLASS {Lnet/minecraft/world/level/levelgen/PhantomSpawner;} {} {V}
[24Sep2026 13:54:31.853] [main/DEBUG] [cpw.mods.modlauncher.TransformStore/MODLAUNCHER]: Adding transformer net.minecraftforge.coremod.transformer.CoreModClassTransformer@42505474 to Target : CLASS {Lnet/minecraft/world/entity/monster/Strider;} {} {V}
[24Sep2026 13:54:31.853] [main/DEBUG] [cpw.mods.modlauncher.TransformStore/MODLAUNCHER]: Adding transformer net.minecraftforge.coremod.transformer.CoreModClassTransformer@42505474 to Target : CLASS {Lnet/minecraft/world/entity/monster/ZombieVillager;} {} {V}
[24Sep2026 13:54:31.853] [main/DEBUG] [cpw.mods.modlauncher.TransformStore/MODLAUNCHER]: Adding transformer net.minecraftforge.coremod.transformer.CoreModClassTransformer@42505474 to Target : CLASS {Lnet/minecraft/world/level/levelgen/structure/templatesystem/StructureTemplate;} {} {V}
[24Sep2026 13:54:31.853] [main/DEBUG] [cpw.mods.modlauncher.TransformationServiceDecorator/MODLAUNCHER]: Initialized transformers for transformation service fml
[24Sep2026 13:54:32.577] [main/DEBUG] [mixin/]: Processing prepare() for PlatformAgent[MixinPlatformAgentDefault:ModLauncher Root Container(ModLauncher:4f56a0a2)]
[24Sep2026 13:54:32.578] [main/DEBUG] [mixin/]: Registering mixin config: aperture_innovations.mixins.json
[24Sep2026 13:54:32.593] [main/DEBUG] [mixin/]: Compatibility level JAVA_17 specified by aperture_innovations.mixins.json is higher than the maximum level supported by this version of mixin (JAVA_13).
[24Sep2026 13:54:32.597] [main/INFO] [mixin/]: Compatibility level set to JAVA_17
[24Sep2026 13:54:32.597] [main/DEBUG] [mixin/]: Processing launch tasks for PlatformAgent[MixinPlatformAgentDefault:ModLauncher Root Container(ModLauncher:4f56a0a2)]
[24Sep2026 13:54:32.598] [main/DEBUG] [mixin/]: Adding mixin platform agents for container SecureJarResource(minecraft)
[24Sep2026 13:54:32.598] [main/DEBUG] [mixin/]: Instancing new MixinPlatformAgentMinecraftForge for SecureJarResource(minecraft)
[24Sep2026 13:54:32.598] [main/DEBUG] [mixin/]: MixinPlatformAgentMinecraftForge rejected container SecureJarResource(minecraft)
[24Sep2026 13:54:32.598] [main/DEBUG] [mixin/]: Instancing new MixinPlatformAgentDefault for SecureJarResource(minecraft)
[24Sep2026 13:54:32.598] [main/DEBUG] [mixin/]: MixinPlatformAgentDefault accepted container SecureJarResource(minecraft)
[24Sep2026 13:54:32.598] [main/DEBUG] [mixin/]: Processing prepare() for PlatformAgent[MixinPlatformAgentDefault:SecureJarResource(minecraft)]
[24Sep2026 13:54:32.598] [main/DEBUG] [mixin/]: Adding mixin platform agents for container SecureJarResource(mixinextras)
[24Sep2026 13:54:32.598] [main/DEBUG] [mixin/]: Instancing new MixinPlatformAgentMinecraftForge for SecureJarResource(mixinextras)
[24Sep2026 13:54:32.598] [main/DEBUG] [mixin/]: MixinPlatformAgentMinecraftForge rejected container SecureJarResource(mixinextras)
[24Sep2026 13:54:32.599] [main/DEBUG] [mixin/]: Instancing new MixinPlatformAgentDefault for SecureJarResource(mixinextras)
[24Sep2026 13:54:32.599] [main/DEBUG] [mixin/]: MixinPlatformAgentDefault accepted container SecureJarResource(mixinextras)
[24Sep2026 13:54:32.599] [main/DEBUG] [mixin/]: Processing prepare() for PlatformAgent[MixinPlatformAgentDefault:SecureJarResource(mixinextras)]
[24Sep2026 13:54:32.599] [main/DEBUG] [mixin/]: Registering mixin config: mixinextras.init.mixins.json
[24Sep2026 13:54:32.600] [main/DEBUG] [mixin/]: Adding mixin platform agents for container SecureJarResource(forge)
[24Sep2026 13:54:32.600] [main/DEBUG] [mixin/]: Instancing new MixinPlatformAgentMinecraftForge for SecureJarResource(forge)
[24Sep2026 13:54:32.600] [main/DEBUG] [mixin/]: MixinPlatformAgentMinecraftForge rejected container SecureJarResource(forge)
[24Sep2026 13:54:32.600] [main/DEBUG] [mixin/]: Instancing new MixinPlatformAgentDefault for SecureJarResource(forge)
[24Sep2026 13:54:32.600] [main/DEBUG] [mixin/]: MixinPlatformAgentDefault accepted container SecureJarResource(forge)
[24Sep2026 13:54:32.600] [main/DEBUG] [mixin/]: Processing prepare() for PlatformAgent[MixinPlatformAgentDefault:SecureJarResource(forge)]
[24Sep2026 13:54:32.601] [main/DEBUG] [mixin/]: Adding mixin platform agents for container SecureJarResource(mixinsquared)
[24Sep2026 13:54:32.601] [main/DEBUG] [mixin/]: Instancing new MixinPlatformAgentMinecraftForge for SecureJarResource(mixinsquared)
[24Sep2026 13:54:32.601] [main/DEBUG] [mixin/]: MixinPlatformAgentMinecraftForge rejected container SecureJarResource(mixinsquared)
[24Sep2026 13:54:32.601] [main/DEBUG] [mixin/]: Instancing new MixinPlatformAgentDefault for SecureJarResource(mixinsquared)
[24Sep2026 13:54:32.601] [main/DEBUG] [mixin/]: MixinPlatformAgentDefault accepted container SecureJarResource(mixinsquared)
[24Sep2026 13:54:32.601] [main/DEBUG] [mixin/]: Processing prepare() for PlatformAgent[MixinPlatformAgentDefault:SecureJarResource(mixinsquared)]
[24Sep2026 13:54:32.601] [main/DEBUG] [mixin/]: Registering mixin config: mixinsquared.forge.init.mixins.json
[24Sep2026 13:54:32.602] [main/DEBUG] [mixin/]: Adding mixin platform agents for container SecureJarResource(geckolib)
[24Sep2026 13:54:32.602] [main/DEBUG] [mixin/]: Instancing new MixinPlatformAgentMinecraftForge for SecureJarResource(geckolib)
[24Sep2026 13:54:32.602] [main/DEBUG] [mixin/]: MixinPlatformAgentMinecraftForge rejected container SecureJarResource(geckolib)
[24Sep2026 13:54:32.602] [main/DEBUG] [mixin/]: Instancing new MixinPlatformAgentDefault for SecureJarResource(geckolib)
[24Sep2026 13:54:32.604] [main/DEBUG] [mixin/]: MixinPlatformAgentDefault accepted container SecureJarResource(geckolib)
[24Sep2026 13:54:32.604] [main/DEBUG] [mixin/]: Processing prepare() for PlatformAgent[MixinPlatformAgentDefault:SecureJarResource(geckolib)]
[24Sep2026 13:54:32.604] [main/DEBUG] [mixin/]: Registering mixin config: geckolib.mixins.json
[24Sep2026 13:54:32.605] [main/DEBUG] [mixin/]: Adding mixin platform agents for container SecureJarResource(aperture_innovations)
[24Sep2026 13:54:32.606] [main/DEBUG] [mixin/]: Instancing new MixinPlatformAgentMinecraftForge for SecureJarResource(aperture_innovations)
[24Sep2026 13:54:32.606] [main/DEBUG] [mixin/]: MixinPlatformAgentMinecraftForge rejected container SecureJarResource(aperture_innovations)
[24Sep2026 13:54:32.606] [main/DEBUG] [mixin/]: Instancing new MixinPlatformAgentDefault for SecureJarResource(aperture_innovations)
[24Sep2026 13:54:32.606] [main/DEBUG] [mixin/]: MixinPlatformAgentDefault accepted container SecureJarResource(aperture_innovations)
[24Sep2026 13:54:32.606] [main/DEBUG] [mixin/]: Processing prepare() for PlatformAgent[MixinPlatformAgentDefault:SecureJarResource(aperture_innovations)]
[24Sep2026 13:54:32.606] [main/DEBUG] [mixin/]: Adding mixin platform agents for container SecureJarResource(jei)
[24Sep2026 13:54:32.607] [main/DEBUG] [mixin/]: Instancing new MixinPlatformAgentMinecraftForge for SecureJarResource(jei)
[24Sep2026 13:54:32.607] [main/DEBUG] [mixin/]: MixinPlatformAgentMinecraftForge rejected container SecureJarResource(jei)
[24Sep2026 13:54:32.607] [main/DEBUG] [mixin/]: Instancing new MixinPlatformAgentDefault for SecureJarResource(jei)
[24Sep2026 13:54:32.607] [main/DEBUG] [mixin/]: MixinPlatformAgentDefault accepted container SecureJarResource(jei)
[24Sep2026 13:54:32.607] [main/DEBUG] [mixin/]: Processing prepare() for PlatformAgent[MixinPlatformAgentDefault:SecureJarResource(jei)]
[24Sep2026 13:54:32.607] [main/DEBUG] [mixin/]: Adding mixin platform agents for container SecureJarResource(mekanism)
[24Sep2026 13:54:32.607] [main/DEBUG] [mixin/]: Instancing new MixinPlatformAgentMinecraftForge for SecureJarResource(mekanism)
[24Sep2026 13:54:32.607] [main/DEBUG] [mixin/]: MixinPlatformAgentMinecraftForge rejected container SecureJarResource(mekanism)
[24Sep2026 13:54:32.607] [main/DEBUG] [mixin/]: Instancing new MixinPlatformAgentDefault for SecureJarResource(mekanism)
[24Sep2026 13:54:32.607] [main/DEBUG] [mixin/]: MixinPlatformAgentDefault accepted container SecureJarResource(mekanism)
[24Sep2026 13:54:32.607] [main/DEBUG] [mixin/]: Processing prepare() for PlatformAgent[MixinPlatformAgentDefault:SecureJarResource(mekanism)]
[24Sep2026 13:54:32.607] [main/DEBUG] [mixin/]: Adding mixin platform agents for container SecureJarResource(MixinExtras)
[24Sep2026 13:54:32.607] [main/DEBUG] [mixin/]: Instancing new MixinPlatformAgentMinecraftForge for SecureJarResource(MixinExtras)
[24Sep2026 13:54:32.607] [main/DEBUG] [mixin/]: MixinPlatformAgentMinecraftForge rejected container SecureJarResource(MixinExtras)
[24Sep2026 13:54:32.607] [main/DEBUG] [mixin/]: Instancing new MixinPlatformAgentDefault for SecureJarResource(MixinExtras)
[24Sep2026 13:54:32.607] [main/DEBUG] [mixin/]: MixinPlatformAgentDefault accepted container SecureJarResource(MixinExtras)
[24Sep2026 13:54:32.608] [main/DEBUG] [mixin/]: Processing prepare() for PlatformAgent[MixinPlatformAgentDefault:SecureJarResource(MixinExtras)]
[24Sep2026 13:54:32.608] [main/DEBUG] [mixin/]: Adding mixin platform agents for container SecureJarResource(mclib)
[24Sep2026 13:54:32.608] [main/DEBUG] [mixin/]: Instancing new MixinPlatformAgentMinecraftForge for SecureJarResource(mclib)
[24Sep2026 13:54:32.608] [main/DEBUG] [mixin/]: MixinPlatformAgentMinecraftForge rejected container SecureJarResource(mclib)
[24Sep2026 13:54:32.608] [main/DEBUG] [mixin/]: Instancing new MixinPlatformAgentDefault for SecureJarResource(mclib)
[24Sep2026 13:54:32.608] [main/DEBUG] [mixin/]: MixinPlatformAgentDefault accepted container SecureJarResource(mclib)
[24Sep2026 13:54:32.608] [main/DEBUG] [mixin/]: Processing prepare() for PlatformAgent[MixinPlatformAgentDefault:SecureJarResource(mclib)]
[24Sep2026 13:54:32.608] [main/DEBUG] [mixin/]: Adding mixin platform agents for container SecureJarResource(MixinSquared.beta._1)
[24Sep2026 13:54:32.608] [main/DEBUG] [mixin/]: Instancing new MixinPlatformAgentMinecraftForge for SecureJarResource(MixinSquared.beta._1)
[24Sep2026 13:54:32.608] [main/DEBUG] [mixin/]: MixinPlatformAgentMinecraftForge rejected container SecureJarResource(MixinSquared.beta._1)
[24Sep2026 13:54:32.609] [main/DEBUG] [mixin/]: Instancing new MixinPlatformAgentDefault for SecureJarResource(MixinSquared.beta._1)
[24Sep2026 13:54:32.609] [main/DEBUG] [mixin/]: MixinPlatformAgentDefault accepted container SecureJarResource(MixinSquared.beta._1)
[24Sep2026 13:54:32.609] [main/DEBUG] [mixin/]: Processing prepare() for PlatformAgent[MixinPlatformAgentDefault:SecureJarResource(MixinSquared.beta._1)]
[24Sep2026 13:54:32.609] [main/DEBUG] [mixin/]: inject() running with 12 agents
[24Sep2026 13:54:32.610] [main/DEBUG] [mixin/]: Processing inject() for PlatformAgent[MixinPlatformAgentDefault:ModLauncher Root Container(ModLauncher:4f56a0a2)]
[24Sep2026 13:54:32.610] [main/DEBUG] [mixin/]: Processing inject() for PlatformAgent[MixinPlatformAgentDefault:SecureJarResource(minecraft)]
[24Sep2026 13:54:32.610] [main/DEBUG] [mixin/]: Processing inject() for PlatformAgent[MixinPlatformAgentDefault:SecureJarResource(mixinextras)]
[24Sep2026 13:54:32.610] [main/DEBUG] [mixin/]: Processing inject() for PlatformAgent[MixinPlatformAgentDefault:SecureJarResource(forge)]
[24Sep2026 13:54:32.610] [main/DEBUG] [mixin/]: Processing inject() for PlatformAgent[MixinPlatformAgentDefault:SecureJarResource(mixinsquared)]
[24Sep2026 13:54:32.610] [main/DEBUG] [mixin/]: Processing inject() for PlatformAgent[MixinPlatformAgentDefault:SecureJarResource(geckolib)]
[24Sep2026 13:54:32.610] [main/DEBUG] [mixin/]: Processing inject() for PlatformAgent[MixinPlatformAgentDefault:SecureJarResource(aperture_innovations)]
[24Sep2026 13:54:32.610] [main/DEBUG] [mixin/]: Processing inject() for PlatformAgent[MixinPlatformAgentDefault:SecureJarResource(jei)]
[24Sep2026 13:54:32.610] [main/DEBUG] [mixin/]: Processing inject() for PlatformAgent[MixinPlatformAgentDefault:SecureJarResource(mekanism)]
[24Sep2026 13:54:32.610] [main/DEBUG] [mixin/]: Processing inject() for PlatformAgent[MixinPlatformAgentDefault:SecureJarResource(MixinExtras)]
[24Sep2026 13:54:32.610] [main/DEBUG] [mixin/]: Processing inject() for PlatformAgent[MixinPlatformAgentDefault:SecureJarResource(mclib)]
[24Sep2026 13:54:32.611] [main/DEBUG] [mixin/]: Processing inject() for PlatformAgent[MixinPlatformAgentDefault:SecureJarResource(MixinSquared.beta._1)]
[24Sep2026 13:54:32.611] [main/INFO] [cpw.mods.modlauncher.LaunchServiceHandler/MODLAUNCHER]: Launching target 'forgeclientuserdev' with arguments [--version, MOD_DEV, --gameDir, ., --assetsDir, C:\Users\Ché\.gradle\caches\forge_gradle\assets, --assetIndex, 5]
[24Sep2026 13:54:32.677] [main/DEBUG] [mixin/]: Error cleaning class output directory: .mixin.out
[24Sep2026 13:54:32.680] [main/DEBUG] [mixin/]: Preparing mixins for MixinEnvironment[DEFAULT]
[24Sep2026 13:54:32.681] [main/DEBUG] [mixin/]: Selecting config aperture_innovations.mixins.json
[24Sep2026 13:54:32.683] [main/WARN] [mixin/]: Reference map 'aperture_innovations.refmap.json' for aperture_innovations.mixins.json could not be read. If this is a development environment you can ignore this message
[24Sep2026 13:54:32.685] [main/DEBUG] [mixin/]: Selecting config mixinextras.init.mixins.json
[24Sep2026 13:54:32.726] [main/DEBUG] [MixinExtras|Service/]: com.llamalad7.mixinextras.service.MixinExtrasServiceImpl(version=0.4.1) is taking over from null
[24Sep2026 13:54:32.759] [main/DEBUG] [mixin/]: Registering new injector for @Inject with org.spongepowered.asm.mixin.injection.struct.CallbackInjectionInfo
[24Sep2026 13:54:32.759] [main/DEBUG] [mixin/]: Registering new injector for @ModifyArg with org.spongepowered.asm.mixin.injection.struct.ModifyArgInjectionInfo
[24Sep2026 13:54:32.764] [main/DEBUG] [mixin/]: Registering new injector for @ModifyArgs with org.spongepowered.asm.mixin.injection.struct.ModifyArgsInjectionInfo
[24Sep2026 13:54:32.764] [main/DEBUG] [mixin/]: Registering new injector for @Redirect with org.spongepowered.asm.mixin.injection.struct.RedirectInjectionInfo
[24Sep2026 13:54:32.768] [main/DEBUG] [mixin/]: Registering new injector for @ModifyVariable with org.spongepowered.asm.mixin.injection.struct.ModifyVariableInjectionInfo
[24Sep2026 13:54:32.768] [main/DEBUG] [mixin/]: Registering new injector for @ModifyConstant with org.spongepowered.asm.mixin.injection.struct.ModifyConstantInjectionInfo
[24Sep2026 13:54:32.781] [main/DEBUG] [mixin/]: Selecting config mixinsquared.forge.init.mixins.json
[24Sep2026 13:54:32.797] [main/DEBUG] [mixin/]: Registering new target selector for @mixinsquared:handler with com.bawnorton.mixinsquared.selector.DynamicSelectorHandler
[24Sep2026 13:54:32.803] [main/DEBUG] [mixinsquared/]: Registered canceller net.mistersecret312.aperture_innovations.mixin.ServerCoreCompatabilityCanceller
[24Sep2026 13:54:32.809] [main/DEBUG] [mixin/]: Selecting config geckolib.mixins.json
[24Sep2026 13:54:33.127] [main/INFO] [mixin/]: Remapping refMap geckolib.refmap.json using C:\Users\Ché\IdeaProjects\Portal20\build\createSrgToMcp\output.srg
[24Sep2026 13:54:33.127] [main/DEBUG] [mixin/]: Preparing aperture_innovations.mixins.json (4)
[24Sep2026 13:54:33.208] [main/DEBUG] [mixin/]: Preparing mixinextras.init.mixins.json (0)
[24Sep2026 13:54:33.208] [main/DEBUG] [mixin/]: Preparing mixinsquared.forge.init.mixins.json (0)
[24Sep2026 13:54:33.209] [main/DEBUG] [mixin/]: Preparing geckolib.mixins.json (1)
[24Sep2026 13:54:33.233] [main/DEBUG] [mixin/]: Prepared 5 mixins in 0.551 sec (110.2ms avg) (0ms load, 0ms transform, 0ms plugin)
[24Sep2026 13:54:33.557] [main/DEBUG] [io.netty.util.internal.logging.InternalLoggerFactory/]: Using SLF4J as the default logging framework
[24Sep2026 13:54:33.560] [main/DEBUG] [io.netty.util.ResourceLeakDetector/]: -Dio.netty.leakDetection.level: simple
[24Sep2026 13:54:33.561] [main/DEBUG] [io.netty.util.ResourceLeakDetector/]: -Dio.netty.leakDetection.targetRecords: 4
[24Sep2026 13:54:33.674] [main/DEBUG] [oshi.util.FileUtil/]: No oshi.properties file found from ClassLoader cpw.mods.modlauncher.TransformingClassLoader@3b95a6db
[24Sep2026 13:54:33.887] [main/DEBUG] [oshi.util.FileUtil/]: No oshi.architecture.properties file found from ClassLoader cpw.mods.modlauncher.TransformingClassLoader@3b95a6db
[24Sep2026 13:54:34.309] [pool-4-thread-1/INFO] [MixinExtras|Service/]: Initializing MixinExtras via com.llamalad7.mixinextras.service.MixinExtrasServiceImpl(version=0.4.1).
[24Sep2026 13:54:34.311] [pool-4-thread-1/DEBUG] [mixin/]: Registering new injector for @SugarWrapper with com.llamalad7.mixinextras.sugar.impl.SugarWrapperInjectionInfo
[24Sep2026 13:54:34.312] [pool-4-thread-1/DEBUG] [mixin/]: Registering new injector for @FactoryRedirectWrapper with com.llamalad7.mixinextras.wrapper.factory.FactoryRedirectWrapperInjectionInfo
[24Sep2026 13:54:34.315] [pool-4-thread-1/DEBUG] [mixin/]: Mixing EntityMixin from aperture_innovations.mixins.json into net.minecraft.world.entity.Entity
[24Sep2026 13:54:34.318] [pool-4-thread-1/DEBUG] [mixin/]: Renaming synthetic method lambda$tickMixin$0(Lnet/minecraft/world/entity/Entity;Lnet/mistersecret312/aperture_innovations/capabilities/HoldEntityCapability;)V to md30d6ff$lambda$tickMixin$0$0 in aperture_innovations.mixins.json:EntityMixin
[24Sep2026 13:54:34.423] [pool-4-thread-1/DEBUG] [mixin/]: Mixing LivingEntityMixin from aperture_innovations.mixins.json into net.minecraft.world.entity.LivingEntity
[24Sep2026 13:54:34.477] [pool-4-thread-1/DEBUG] [mixin/]: Mixing CollisionMixin from aperture_innovations.mixins.json into net.minecraft.world.level.CollisionGetter
[24Sep2026 13:54:34.477] [pool-4-thread-1/DEBUG] [mixin/]: Renaming synthetic method lambda$getBlockCollisions$2(Lnet/minecraft/world/phys/AABB;ZDLnet/minecraft/world/phys/shapes/VoxelShape;)Z to md30d6ff$lambda$getBlockCollisions$2$0 in aperture_innovations.mixins.json:CollisionMixin
[24Sep2026 13:54:34.478] [pool-4-thread-1/DEBUG] [mixin/]: Renaming synthetic method lambda$getBlockCollisions$1(Lnet/minecraft/world/level/CollisionGetter;Lnet/minecraft/world/entity/Entity;Lnet/minecraft/world/phys/AABB;)Ljava/util/Iterator; to md30d6ff$lambda$getBlockCollisions$1$1 in aperture_innovations.mixins.json:CollisionMixin
[24Sep2026 13:54:34.478] [pool-4-thread-1/DEBUG] [mixin/]: Renaming synthetic method lambda$getBlockCollisions$0(Lnet/minecraft/core/BlockPos$MutableBlockPos;Lnet/minecraft/world/phys/shapes/VoxelShape;)Lnet/minecraft/world/phys/shapes/VoxelShape; to md30d6ff$lambda$getBlockCollisions$0$2 in aperture_innovations.mixins.json:CollisionMixin
[24Sep2026 13:54:34.598] [pool-4-thread-1/DEBUG] [net.minecraftforge.coremod.transformer.CoreModBaseTransformer/COREMOD]: Transforming net/minecraft/world/entity/EntityType
[24Sep2026 13:54:35.102] [pool-4-thread-1/DEBUG] [net.minecraftforge.coremod.transformer.CoreModBaseTransformer/COREMOD]: Transforming net/minecraft/world/level/block/LiquidBlock
[24Sep2026 13:54:35.150] [pool-4-thread-1/DEBUG] [net.minecraftforge.coremod.transformer.CoreModBaseTransformer/COREMOD]: Transforming net/minecraft/world/level/block/StairBlock
[24Sep2026 13:54:35.236] [pool-4-thread-1/DEBUG] [net.minecraftforge.coremod.transformer.CoreModBaseTransformer/COREMOD]: Transforming net/minecraft/world/level/block/FlowerPotBlock
[24Sep2026 13:54:35.965] [pool-4-thread-1/DEBUG] [net.minecraftforge.coremod.transformer.CoreModBaseTransformer/COREMOD]: Transforming net/minecraft/world/item/ItemStack
[24Sep2026 13:54:36.435] [pool-4-thread-1/DEBUG] [net.minecraftforge.coremod.transformer.CoreModBaseTransformer/COREMOD]: Transforming net/minecraft/world/entity/animal/frog/Tadpole
[24Sep2026 13:54:36.477] [pool-4-thread-1/DEBUG] [net.minecraftforge.coremod.transformer.CoreModBaseTransformer/COREMOD]: Transforming net/minecraft/world/item/BucketItem
[24Sep2026 13:54:37.267] [pool-4-thread-1/DEBUG] [net.minecraftforge.coremod.transformer.CoreModBaseTransformer/COREMOD]: Transforming net/minecraft/world/entity/monster/Spider
[24Sep2026 13:54:37.332] [pool-4-thread-1/DEBUG] [net.minecraftforge.coremod.transformer.CoreModBaseTransformer/COREMOD]: Transforming net/minecraft/world/entity/monster/Zombie
[24Sep2026 13:54:37.338] [Datafixer Bootstrap/INFO] [com.mojang.datafixers.DataFixerBuilder/]: 188 Datafixer optimizations took 149 milliseconds
[24Sep2026 13:54:37.373] [pool-4-thread-1/DEBUG] [net.minecraftforge.coremod.transformer.CoreModBaseTransformer/COREMOD]: Transforming net/minecraft/world/entity/monster/ZombieVillager
[24Sep2026 13:54:37.446] [pool-4-thread-1/DEBUG] [net.minecraftforge.coremod.transformer.CoreModBaseTransformer/COREMOD]: Transforming net/minecraft/world/entity/monster/Evoker$EvokerSummonSpellGoal
[24Sep2026 13:54:37.626] [pool-4-thread-1/DEBUG] [net.minecraftforge.coremod.transformer.CoreModBaseTransformer/COREMOD]: Transforming net/minecraft/world/entity/animal/horse/SkeletonTrapGoal
[24Sep2026 13:54:37.652] [pool-4-thread-1/DEBUG] [net.minecraftforge.coremod.transformer.CoreModBaseTransformer/COREMOD]: Transforming net/minecraft/world/entity/monster/Strider
[24Sep2026 13:54:37.781] [pool-4-thread-1/DEBUG] [net.minecraftforge.coremod.transformer.CoreModBaseTransformer/COREMOD]: Transforming net/minecraft/world/entity/npc/Villager
[24Sep2026 13:54:37.868] [pool-4-thread-1/DEBUG] [net.minecraftforge.coremod.transformer.CoreModBaseTransformer/COREMOD]: Transforming net/minecraft/world/effect/MobEffectInstance
[24Sep2026 13:54:38.477] [pool-4-thread-1/DEBUG] [net.minecraftforge.coremod.transformer.CoreModBaseTransformer/COREMOD]: Transforming net/minecraft/world/level/levelgen/structure/Structure
[24Sep2026 13:54:38.518] [pool-4-thread-1/DEBUG] [net.minecraftforge.coremod.transformer.CoreModBaseTransformer/COREMOD]: Transforming net/minecraft/world/level/levelgen/structure/structures/OceanRuinPieces$OceanRuinPiece
[24Sep2026 13:54:38.530] [pool-4-thread-1/DEBUG] [net.minecraftforge.coremod.transformer.CoreModBaseTransformer/COREMOD]: Transforming net/minecraft/world/level/levelgen/structure/structures/SwampHutPiece
[24Sep2026 13:54:38.540] [pool-4-thread-1/DEBUG] [net.minecraftforge.coremod.transformer.CoreModBaseTransformer/COREMOD]: Transforming net/minecraft/world/level/levelgen/structure/structures/OceanMonumentPieces$OceanMonumentPiece
[24Sep2026 13:54:38.567] [pool-4-thread-1/DEBUG] [net.minecraftforge.coremod.transformer.CoreModBaseTransformer/COREMOD]: Transforming net/minecraft/world/level/levelgen/structure/structures/WoodlandMansionPieces$WoodlandMansionPiece
[24Sep2026 13:54:38.675] [pool-4-thread-1/DEBUG] [net.minecraftforge.coremod.transformer.CoreModBaseTransformer/COREMOD]: Transforming net/minecraft/world/level/biome/Biome
[24Sep2026 13:54:38.811] [pool-4-thread-1/DEBUG] [net.minecraftforge.registries.GameData/REGISTRIES]: Creating vanilla freeze snapshot
[24Sep2026 13:54:38.811] [pool-4-thread-1/DEBUG] [net.minecraftforge.registries.ForgeRegistry/REGISTRIES]: Registry minecraft:block Sync: VANILLA -> ACTIVE
[24Sep2026 13:54:38.824] [pool-4-thread-1/DEBUG] [net.minecraftforge.registries.ForgeRegistry/REGISTRIES]: Registry minecraft:fluid Sync: VANILLA -> ACTIVE
[24Sep2026 13:54:38.828] [pool-4-thread-1/DEBUG] [net.minecraftforge.registries.ForgeRegistry/REGISTRIES]: Registry minecraft:item Sync: VANILLA -> ACTIVE
[24Sep2026 13:54:38.837] [pool-4-thread-1/DEBUG] [net.minecraftforge.registries.ForgeRegistry/REGISTRIES]: Registry minecraft:mob_effect Sync: VANILLA -> ACTIVE
[24Sep2026 13:54:38.840] [pool-4-thread-1/DEBUG] [net.minecraftforge.registries.ForgeRegistry/REGISTRIES]: Registry minecraft:sound_event Sync: VANILLA -> ACTIVE
[24Sep2026 13:54:38.848] [pool-4-thread-1/DEBUG] [net.minecraftforge.registries.ForgeRegistry/REGISTRIES]: Registry minecraft:potion Sync: VANILLA -> ACTIVE
[24Sep2026 13:54:38.848] [pool-4-thread-1/DEBUG] [net.minecraftforge.registries.ForgeRegistry/REGISTRIES]: Registry minecraft:enchantment Sync: VANILLA -> ACTIVE
[24Sep2026 13:54:38.849] [pool-4-thread-1/DEBUG] [net.minecraftforge.registries.ForgeRegistry/REGISTRIES]: Registry minecraft:entity_type Sync: VANILLA -> ACTIVE
[24Sep2026 13:54:38.850] [pool-4-thread-1/DEBUG] [net.minecraftforge.registries.ForgeRegistry/REGISTRIES]: Registry minecraft:block_entity_type Sync: VANILLA -> ACTIVE
[24Sep2026 13:54:38.850] [pool-4-thread-1/DEBUG] [net.minecraftforge.registries.ForgeRegistry/REGISTRIES]: Registry minecraft:particle_type Sync: VANILLA -> ACTIVE
[24Sep2026 13:54:38.851] [pool-4-thread-1/DEBUG] [net.minecraftforge.registries.ForgeRegistry/REGISTRIES]: Registry minecraft:menu Sync: VANILLA -> ACTIVE
[24Sep2026 13:54:38.851] [pool-4-thread-1/DEBUG] [net.minecraftforge.registries.ForgeRegistry/REGISTRIES]: Registry minecraft:painting_variant Sync: VANILLA -> ACTIVE
[24Sep2026 13:54:38.851] [pool-4-thread-1/DEBUG] [net.minecraftforge.registries.ForgeRegistry/REGISTRIES]: Registry minecraft:recipe_type Sync: VANILLA -> ACTIVE
[24Sep2026 13:54:38.851] [pool-4-thread-1/DEBUG] [net.minecraftforge.registries.ForgeRegistry/REGISTRIES]: Registry minecraft:recipe_serializer Sync: VANILLA -> ACTIVE
[24Sep2026 13:54:38.851] [pool-4-thread-1/DEBUG] [net.minecraftforge.registries.ForgeRegistry/REGISTRIES]: Registry minecraft:attribute Sync: VANILLA -> ACTIVE
[24Sep2026 13:54:38.852] [pool-4-thread-1/DEBUG] [net.minecraftforge.registries.ForgeRegistry/REGISTRIES]: Registry minecraft:stat_type Sync: VANILLA -> ACTIVE
[24Sep2026 13:54:38.852] [pool-4-thread-1/DEBUG] [net.minecraftforge.registries.ForgeRegistry/REGISTRIES]: Registry minecraft:command_argument_type Sync: VANILLA -> ACTIVE
[24Sep2026 13:54:38.852] [pool-4-thread-1/DEBUG] [net.minecraftforge.registries.ForgeRegistry/REGISTRIES]: Registry minecraft:villager_profession Sync: VANILLA -> ACTIVE
[24Sep2026 13:54:38.852] [pool-4-thread-1/DEBUG] [net.minecraftforge.registries.ForgeRegistry/REGISTRIES]: Registry minecraft:point_of_interest_type Sync: VANILLA -> ACTIVE
[24Sep2026 13:54:38.856] [pool-4-thread-1/DEBUG] [net.minecraftforge.registries.ForgeRegistry/REGISTRIES]: Registry minecraft:memory_module_type Sync: VANILLA -> ACTIVE
[24Sep2026 13:54:38.856] [pool-4-thread-1/DEBUG] [net.minecraftforge.registries.ForgeRegistry/REGISTRIES]: Registry minecraft:sensor_type Sync: VANILLA -> ACTIVE
[24Sep2026 13:54:38.857] [pool-4-thread-1/DEBUG] [net.minecraftforge.registries.ForgeRegistry/REGISTRIES]: Registry minecraft:schedule Sync: VANILLA -> ACTIVE
[24Sep2026 13:54:38.857] [pool-4-thread-1/DEBUG] [net.minecraftforge.registries.ForgeRegistry/REGISTRIES]: Registry minecraft:activity Sync: VANILLA -> ACTIVE
[24Sep2026 13:54:38.857] [pool-4-thread-1/DEBUG] [net.minecraftforge.registries.ForgeRegistry/REGISTRIES]: Registry minecraft:worldgen/carver Sync: VANILLA -> ACTIVE
[24Sep2026 13:54:38.857] [pool-4-thread-1/DEBUG] [net.minecraftforge.registries.ForgeRegistry/REGISTRIES]: Registry minecraft:worldgen/feature Sync: VANILLA -> ACTIVE
[24Sep2026 13:54:38.857] [pool-4-thread-1/DEBUG] [net.minecraftforge.registries.ForgeRegistry/REGISTRIES]: Registry minecraft:chunk_status Sync: VANILLA -> ACTIVE
[24Sep2026 13:54:38.857] [pool-4-thread-1/DEBUG] [net.minecraftforge.registries.ForgeRegistry/REGISTRIES]: Registry minecraft:worldgen/block_state_provider_type Sync: VANILLA -> ACTIVE
[24Sep2026 13:54:38.857] [pool-4-thread-1/DEBUG] [net.minecraftforge.registries.ForgeRegistry/REGISTRIES]: Registry minecraft:worldgen/foliage_placer_type Sync: VANILLA -> ACTIVE
[24Sep2026 13:54:38.857] [pool-4-thread-1/DEBUG] [net.minecraftforge.registries.ForgeRegistry/REGISTRIES]: Registry minecraft:worldgen/tree_decorator_type Sync: VANILLA -> ACTIVE
[24Sep2026 13:54:38.857] [pool-4-thread-1/DEBUG] [net.minecraftforge.registries.ForgeRegistry/REGISTRIES]: Registry minecraft:worldgen/biome Sync: VANILLA -> ACTIVE
[24Sep2026 13:54:38.863] [pool-4-thread-1/DEBUG] [net.minecraftforge.registries.GameData/REGISTRIES]: Vanilla freeze snapshot created
[24Sep2026 13:54:38.885] [pool-4-thread-1/DEBUG] [io.netty.util.internal.PlatformDependent0/]: -Dio.netty.noUnsafe: false
[24Sep2026 13:54:38.885] [pool-4-thread-1/DEBUG] [io.netty.util.internal.PlatformDependent0/]: Java version: 17
[24Sep2026 13:54:38.886] [pool-4-thread-1/DEBUG] [io.netty.util.internal.PlatformDependent0/]: sun.misc.Unsafe.theUnsafe: available
[24Sep2026 13:54:38.886] [pool-4-thread-1/DEBUG] [io.netty.util.internal.PlatformDependent0/]: sun.misc.Unsafe.copyMemory: available
[24Sep2026 13:54:38.886] [pool-4-thread-1/DEBUG] [io.netty.util.internal.PlatformDependent0/]: sun.misc.Unsafe.storeFence: available
[24Sep2026 13:54:38.888] [pool-4-thread-1/DEBUG] [io.netty.util.internal.PlatformDependent0/]: java.nio.Buffer.address: available
[24Sep2026 13:54:38.888] [pool-4-thread-1/DEBUG] [io.netty.util.internal.PlatformDependent0/]: direct buffer constructor: unavailable
java.lang.UnsupportedOperationException: Reflective setAccessible(true) disabled
	at io.netty.util.internal.ReflectionUtil.trySetAccessible(ReflectionUtil.java:31) ~[netty-common-4.1.82.Final.jar%23151!/:4.1.82.Final]
	at io.netty.util.internal.PlatformDependent0$5.run(PlatformDependent0.java:288) ~[netty-common-4.1.82.Final.jar%23151!/:4.1.82.Final]
	at java.security.AccessController.doPrivileged(AccessController.java:318) ~[?:?]
	at io.netty.util.internal.PlatformDependent0.<clinit>(PlatformDependent0.java:282) ~[netty-common-4.1.82.Final.jar%23151!/:4.1.82.Final]
	at io.netty.util.internal.PlatformDependent.isAndroid(PlatformDependent.java:333) ~[netty-common-4.1.82.Final.jar%23151!/:4.1.82.Final]
	at io.netty.util.internal.PlatformDependent.<clinit>(PlatformDependent.java:88) ~[netty-common-4.1.82.Final.jar%23151!/:4.1.82.Final]
	at io.netty.util.ConstantPool.<init>(ConstantPool.java:34) ~[netty-common-4.1.82.Final.jar%23151!/:4.1.82.Final]
	at io.netty.util.AttributeKey$1.<init>(AttributeKey.java:27) ~[netty-common-4.1.82.Final.jar%23151!/:4.1.82.Final]
	at io.netty.util.AttributeKey.<clinit>(AttributeKey.java:27) ~[netty-common-4.1.82.Final.jar%23151!/:4.1.82.Final]
	at net.minecraftforge.network.NetworkConstants.<clinit>(NetworkConstants.java:34) ~[forge-1.20.1-47.4.13_mapped_official_1.20.1-recomp.jar%23190%23197!/:?]
	at net.minecraftforge.network.NetworkHooks.init(NetworkHooks.java:52) ~[forge-1.20.1-47.4.13_mapped_official_1.20.1-recomp.jar%23190%23197!/:?]
	at net.minecraft.server.Bootstrap.bootStrap(Bootstrap.java:62) ~[forge-1.20.1-47.4.13_mapped_official_1.20.1-recomp.jar%23191!/:?]
	at net.minecraft.client.main.Main.lambda$main$0(Main.java:151) ~[forge-1.20.1-47.4.13_mapped_official_1.20.1-recomp.jar%23191!/:?]
	at java.util.concurrent.Executors$RunnableAdapter.call(Executors.java:539) ~[?:?]
	at java.util.concurrent.FutureTask.run(FutureTask.java:264) ~[?:?]
	at java.util.concurrent.ThreadPoolExecutor.runWorker(ThreadPoolExecutor.java:1136) ~[?:?]
	at java.util.concurrent.ThreadPoolExecutor$Worker.run(ThreadPoolExecutor.java:635) ~[?:?]
	at java.lang.Thread.run(Thread.java:840) ~[?:?]
[24Sep2026 13:54:38.891] [pool-4-thread-1/DEBUG] [io.netty.util.internal.PlatformDependent0/]: java.nio.Bits.unaligned: available, true
[24Sep2026 13:54:38.892] [pool-4-thread-1/DEBUG] [io.netty.util.internal.PlatformDependent0/]: jdk.internal.misc.Unsafe.allocateUninitializedArray(int): unavailable
java.lang.IllegalAccessException: class io.netty.util.internal.PlatformDependent0$7 (in module io.netty.common) cannot access class jdk.internal.misc.Unsafe (in module java.base) because module java.base does not export jdk.internal.misc to module io.netty.common
	at jdk.internal.reflect.Reflection.newIllegalAccessException(Reflection.java:392) ~[?:?]
	at java.lang.reflect.AccessibleObject.checkAccess(AccessibleObject.java:674) ~[?:?]
	at java.lang.reflect.Method.invoke(Method.java:561) ~[?:?]
	at io.netty.util.internal.PlatformDependent0$7.run(PlatformDependent0.java:410) ~[netty-common-4.1.82.Final.jar%23151!/:4.1.82.Final]
	at java.security.AccessController.doPrivileged(AccessController.java:318) ~[?:?]
	at io.netty.util.internal.PlatformDependent0.<clinit>(PlatformDependent0.java:401) ~[netty-common-4.1.82.Final.jar%23151!/:4.1.82.Final]
	at io.netty.util.internal.PlatformDependent.isAndroid(PlatformDependent.java:333) ~[netty-common-4.1.82.Final.jar%23151!/:4.1.82.Final]
	at io.netty.util.internal.PlatformDependent.<clinit>(PlatformDependent.java:88) ~[netty-common-4.1.82.Final.jar%23151!/:4.1.82.Final]
	at io.netty.util.ConstantPool.<init>(ConstantPool.java:34) ~[netty-common-4.1.82.Final.jar%23151!/:4.1.82.Final]
	at io.netty.util.AttributeKey$1.<init>(AttributeKey.java:27) ~[netty-common-4.1.82.Final.jar%23151!/:4.1.82.Final]
	at io.netty.util.AttributeKey.<clinit>(AttributeKey.java:27) ~[netty-common-4.1.82.Final.jar%23151!/:4.1.82.Final]
	at net.minecraftforge.network.NetworkConstants.<clinit>(NetworkConstants.java:34) ~[forge-1.20.1-47.4.13_mapped_official_1.20.1-recomp.jar%23190%23197!/:?]
	at net.minecraftforge.network.NetworkHooks.init(NetworkHooks.java:52) ~[forge-1.20.1-47.4.13_mapped_official_1.20.1-recomp.jar%23190%23197!/:?]
	at net.minecraft.server.Bootstrap.bootStrap(Bootstrap.java:62) ~[forge-1.20.1-47.4.13_mapped_official_1.20.1-recomp.jar%23191!/:?]
	at net.minecraft.client.main.Main.lambda$main$0(Main.java:151) ~[forge-1.20.1-47.4.13_mapped_official_1.20.1-recomp.jar%23191!/:?]
	at java.util.concurrent.Executors$RunnableAdapter.call(Executors.java:539) ~[?:?]
	at java.util.concurrent.FutureTask.run(FutureTask.java:264) ~[?:?]
	at java.util.concurrent.ThreadPoolExecutor.runWorker(ThreadPoolExecutor.java:1136) ~[?:?]
	at java.util.concurrent.ThreadPoolExecutor$Worker.run(ThreadPoolExecutor.java:635) ~[?:?]
	at java.lang.Thread.run(Thread.java:840) ~[?:?]
[24Sep2026 13:54:38.894] [pool-4-thread-1/DEBUG] [io.netty.util.internal.PlatformDependent0/]: java.nio.DirectByteBuffer.<init>(long, int): unavailable
[24Sep2026 13:54:38.894] [pool-4-thread-1/DEBUG] [io.netty.util.internal.PlatformDependent/]: sun.misc.Unsafe: available
[24Sep2026 13:54:38.894] [pool-4-thread-1/DEBUG] [io.netty.util.internal.PlatformDependent/]: maxDirectMemory: 8493465600 bytes (maybe)
[24Sep2026 13:54:38.895] [pool-4-thread-1/DEBUG] [io.netty.util.internal.PlatformDependent/]: -Dio.netty.tmpdir: C:\Users\CH45B8~1\AppData\Local\Temp (java.io.tmpdir)
[24Sep2026 13:54:38.895] [pool-4-thread-1/DEBUG] [io.netty.util.internal.PlatformDependent/]: -Dio.netty.bitMode: 64 (sun.arch.data.model)
[24Sep2026 13:54:38.895] [pool-4-thread-1/DEBUG] [io.netty.util.internal.PlatformDependent/]: Platform: Windows
[24Sep2026 13:54:38.896] [pool-4-thread-1/DEBUG] [io.netty.util.internal.PlatformDependent/]: -Dio.netty.maxDirectMemory: -1 bytes
[24Sep2026 13:54:38.896] [pool-4-thread-1/DEBUG] [io.netty.util.internal.PlatformDependent/]: -Dio.netty.uninitializedArrayAllocationThreshold: -1
[24Sep2026 13:54:38.897] [pool-4-thread-1/DEBUG] [io.netty.util.internal.CleanerJava9/]: java.nio.ByteBuffer.cleaner(): available
[24Sep2026 13:54:38.897] [pool-4-thread-1/DEBUG] [io.netty.util.internal.PlatformDependent/]: -Dio.netty.noPreferDirect: false
[24Sep2026 13:54:38.952] [pool-4-thread-1/DEBUG] [net.minecraftforge.network.NetworkHooks/]: Loading Network data for FML net version: FML3
[24Sep2026 13:54:39.095] [Render thread/DEBUG] [mixin/]: Mixing LocalPlayerMixin from aperture_innovations.mixins.json into net.minecraft.client.player.LocalPlayer
[24Sep2026 13:54:39.201] [Render thread/WARN] [net.minecraft.server.packs.VanillaPackResourcesBuilder/]: Assets URL 'union:/C:/Users/Ché/IdeaProjects/Portal20/build/fg_cache/net/minecraftforge/forge/1.20.1-47.4.13_mapped_official_1.20.1/forge-1.20.1-47.4.13_mapped_official_1.20.1-recomp.jar%23191!/assets/.mcassetsroot' uses unexpected schema
[24Sep2026 13:54:39.201] [Render thread/WARN] [net.minecraft.server.packs.VanillaPackResourcesBuilder/]: Assets URL 'union:/C:/Users/Ché/IdeaProjects/Portal20/build/fg_cache/net/minecraftforge/forge/1.20.1-47.4.13_mapped_official_1.20.1/forge-1.20.1-47.4.13_mapped_official_1.20.1-recomp.jar%23191!/data/.mcassetsroot' uses unexpected schema
[24Sep2026 13:54:39.218] [Render thread/INFO] [com.mojang.authlib.yggdrasil.YggdrasilAuthenticationService/]: Environment: authHost='https://authserver.mojang.com', accountsHost='https://api.mojang.com', sessionHost='https://sessionserver.mojang.com', servicesHost='https://api.minecraftservices.com', name='PROD'
[24Sep2026 13:54:39.226] [Render thread/INFO] [net.minecraft.client.Minecraft/]: Setting user: Dev
[24Sep2026 13:54:39.337] [Render thread/INFO] [net.minecraft.client.Minecraft/]: Backend library: LWJGL version 3.3.1 build 7
[24Sep2026 13:54:39.472] [Render thread/DEBUG] [net.minecraftforge.common.ForgeI18n/CORE]: Loading I18N data entries: 6434
[24Sep2026 13:54:39.491] [Render thread/DEBUG] [net.minecraftforge.fml.ModWorkManager/LOADING]: Using 12 threads for parallel mod-loading
[24Sep2026 13:54:39.507] [Render thread/DEBUG] [net.minecraftforge.fml.javafmlmod.FMLJavaModLanguageProvider/LOADING]: Loading FMLModContainer from classloader cpw.mods.modlauncher.TransformingClassLoader@3b95a6db - got cpw.mods.cl.ModuleClassLoader@48b22fd4
[24Sep2026 13:54:39.509] [Render thread/DEBUG] [net.minecraftforge.fml.javafmlmod.FMLModContainer/LOADING]: Creating FMLModContainer instance for com.llamalad7.mixinextras.platform.forge.MixinExtrasMod
[24Sep2026 13:54:39.512] [Render thread/DEBUG] [net.minecraftforge.fml.javafmlmod.FMLJavaModLanguageProvider/LOADING]: Loading FMLModContainer from classloader cpw.mods.modlauncher.TransformingClassLoader@3b95a6db - got cpw.mods.cl.ModuleClassLoader@48b22fd4
[24Sep2026 13:54:39.512] [Render thread/DEBUG] [net.minecraftforge.fml.javafmlmod.FMLModContainer/LOADING]: Creating FMLModContainer instance for net.minecraftforge.common.ForgeMod
[24Sep2026 13:54:39.515] [Render thread/DEBUG] [net.minecraftforge.fml.javafmlmod.FMLJavaModLanguageProvider/LOADING]: Loading FMLModContainer from classloader cpw.mods.modlauncher.TransformingClassLoader@3b95a6db - got cpw.mods.cl.ModuleClassLoader@48b22fd4
[24Sep2026 13:54:39.515] [Render thread/DEBUG] [net.minecraftforge.fml.javafmlmod.FMLModContainer/LOADING]: Creating FMLModContainer instance for com.bawnorton.mixinsquared.platform.forge.MixinSquaredMod
[24Sep2026 13:54:39.515] [Render thread/DEBUG] [net.minecraftforge.fml.javafmlmod.FMLJavaModLanguageProvider/LOADING]: Loading FMLModContainer from classloader cpw.mods.modlauncher.TransformingClassLoader@3b95a6db - got cpw.mods.cl.ModuleClassLoader@48b22fd4
[24Sep2026 13:54:39.515] [Render thread/DEBUG] [net.minecraftforge.fml.javafmlmod.FMLModContainer/LOADING]: Creating FMLModContainer instance for software.bernie.example.GeckoLibMod
[24Sep2026 13:54:39.516] [Render thread/DEBUG] [net.minecraftforge.fml.javafmlmod.FMLJavaModLanguageProvider/LOADING]: Loading FMLModContainer from classloader cpw.mods.modlauncher.TransformingClassLoader@3b95a6db - got cpw.mods.cl.ModuleClassLoader@48b22fd4
[24Sep2026 13:54:39.516] [Render thread/DEBUG] [net.minecraftforge.fml.javafmlmod.FMLModContainer/LOADING]: Creating FMLModContainer instance for net.mistersecret312.aperture_innovations.ApertureInnovations
[24Sep2026 13:54:39.517] [Render thread/DEBUG] [net.minecraftforge.fml.javafmlmod.FMLJavaModLanguageProvider/LOADING]: Loading FMLModContainer from classloader cpw.mods.modlauncher.TransformingClassLoader@3b95a6db - got cpw.mods.cl.ModuleClassLoader@48b22fd4
[24Sep2026 13:54:39.517] [Render thread/DEBUG] [net.minecraftforge.fml.javafmlmod.FMLModContainer/LOADING]: Creating FMLModContainer instance for mezz.jei.forge.JustEnoughItems
[24Sep2026 13:54:39.518] [Render thread/DEBUG] [net.minecraftforge.fml.javafmlmod.FMLJavaModLanguageProvider/LOADING]: Loading FMLModContainer from classloader cpw.mods.modlauncher.TransformingClassLoader@3b95a6db - got cpw.mods.cl.ModuleClassLoader@48b22fd4
[24Sep2026 13:54:39.518] [Render thread/DEBUG] [net.minecraftforge.fml.javafmlmod.FMLModContainer/LOADING]: Creating FMLModContainer instance for mekanism.common.Mekanism
[24Sep2026 13:54:39.538] [modloading-worker-0/DEBUG] [net.minecraftforge.fml.javafmlmod.AutomaticEventSubscriber/LOADING]: Attempting to inject @EventBusSubscriber classes into the eventbus for mixinsquared
[24Sep2026 13:54:39.538] [modloading-worker-0/DEBUG] [net.minecraftforge.fml.javafmlmod.AutomaticEventSubscriber/LOADING]: Attempting to inject @EventBusSubscriber classes into the eventbus for mixinextras
[24Sep2026 13:54:39.577] [modloading-worker-0/DEBUG] [net.minecraftforge.versions.forge.ForgeVersion/CORE]: Forge Version package package net.minecraftforge.versions.forge, Forge, version 47.4 from cpw.mods.modlauncher.TransformingClassLoader@3b95a6db
[24Sep2026 13:54:39.578] [modloading-worker-0/DEBUG] [net.minecraftforge.versions.forge.ForgeVersion/CORE]: Found Forge version 47.4.13
[24Sep2026 13:54:39.578] [modloading-worker-0/DEBUG] [net.minecraftforge.versions.forge.ForgeVersion/CORE]: Found Forge spec 47.4
[24Sep2026 13:54:39.578] [modloading-worker-0/DEBUG] [net.minecraftforge.versions.forge.ForgeVersion/CORE]: Found Forge group net.minecraftforge
[24Sep2026 13:54:39.579] [modloading-worker-0/DEBUG] [net.minecraftforge.versions.mcp.MCPVersion/CORE]: MCP Version package package net.minecraftforge.versions.mcp, Minecraft, version 1.20.1 from cpw.mods.modlauncher.TransformingClassLoader@3b95a6db
[24Sep2026 13:54:39.579] [modloading-worker-0/DEBUG] [net.minecraftforge.versions.mcp.MCPVersion/CORE]: Found MC version information 1.20.1
[24Sep2026 13:54:39.579] [modloading-worker-0/DEBUG] [net.minecraftforge.versions.mcp.MCPVersion/CORE]: Found MCP version information 20230612.114412
[24Sep2026 13:54:39.580] [modloading-worker-0/DEBUG] [net.minecraftforge.fml.config.ConfigTracker/CONFIG]: Config file jei-server.toml for jei tracking
[24Sep2026 13:54:39.580] [modloading-worker-0/INFO] [net.minecraftforge.common.ForgeMod/FORGEMOD]: Forge mod loading, version 47.4.13, for MC 1.20.1 with MCP 20230612.114412
[24Sep2026 13:54:39.580] [modloading-worker-0/INFO] [net.minecraftforge.common.MinecraftForge/FORGE]: MinecraftForge v47.4.13 Initialized
[24Sep2026 13:54:39.628] [modloading-worker-0/DEBUG] [mezz.jei.common.platform.Services/]: Loaded mezz.jei.forge.platform.PlatformHelper@7354c51d for service interface mezz.jei.common.platform.IPlatformHelper
[24Sep2026 13:54:39.632] [modloading-worker-0/DEBUG] [net.minecraftforge.fml.javafmlmod.AutomaticEventSubscriber/LOADING]: Attempting to inject @EventBusSubscriber classes into the eventbus for geckolib
[24Sep2026 13:54:39.636] [modloading-worker-0/DEBUG] [net.minecraftforge.fml.javafmlmod.AutomaticEventSubscriber/LOADING]: Auto-subscribing software.bernie.example.GeckoLibMod to FORGE
[24Sep2026 13:54:39.637] [modloading-worker-0/DEBUG] [net.minecraftforge.fml.javafmlmod.AutomaticEventSubscriber/LOADING]: Auto-subscribing software.bernie.example.CommonListener to MOD
[24Sep2026 13:54:39.639] [modloading-worker-0/DEBUG] [net.minecraftforge.fml.javafmlmod.AutomaticEventSubscriber/LOADING]: Auto-subscribing software.bernie.example.ClientListener to MOD
[24Sep2026 13:54:39.666] [modloading-worker-0/DEBUG] [net.minecraftforge.fml.config.ConfigTracker/CONFIG]: Config file forge-client.toml for forge tracking
[24Sep2026 13:54:39.666] [modloading-worker-0/DEBUG] [net.minecraftforge.fml.config.ConfigTracker/CONFIG]: Config file forge-server.toml for forge tracking
[24Sep2026 13:54:39.666] [modloading-worker-0/DEBUG] [net.minecraftforge.fml.ModLoadingContext/]: Attempted to register an empty config for type COMMON on mod forge
[24Sep2026 13:54:39.710] [modloading-worker-0/DEBUG] [net.minecraftforge.fml.javafmlmod.AutomaticEventSubscriber/LOADING]: Attempting to inject @EventBusSubscriber classes into the eventbus for forge
[24Sep2026 13:54:39.711] [modloading-worker-0/DEBUG] [net.minecraftforge.fml.javafmlmod.AutomaticEventSubscriber/LOADING]: Auto-subscribing net.minecraftforge.common.ForgeSpawnEggItem$CommonHandler to MOD
[24Sep2026 13:54:39.712] [modloading-worker-0/DEBUG] [net.minecraftforge.fml.javafmlmod.AutomaticEventSubscriber/LOADING]: Auto-subscribing net.minecraftforge.common.ForgeSpawnEggItem$ColorRegisterHandler to MOD
[24Sep2026 13:54:39.718] [modloading-worker-0/DEBUG] [net.minecraftforge.fml.javafmlmod.AutomaticEventSubscriber/LOADING]: Auto-subscribing net.minecraftforge.client.model.data.ModelDataManager to FORGE
[24Sep2026 13:54:39.719] [modloading-worker-0/DEBUG] [net.minecraftforge.fml.config.ConfigTracker/CONFIG]: Config file aperture_innovations-common.toml for aperture_innovations tracking
[24Sep2026 13:54:39.721] [modloading-worker-0/DEBUG] [net.minecraftforge.fml.javafmlmod.AutomaticEventSubscriber/LOADING]: Auto-subscribing net.minecraftforge.client.ForgeHooksClient$ClientEvents to MOD
[24Sep2026 13:54:39.730] [modloading-worker-0/DEBUG] [mezz.jei.common.config.file.ConfigSerializer/]: Loading config file: C:\Users\Ché\IdeaProjects\Portal20\run\config\jei\jei-debug.ini
[24Sep2026 13:54:39.732] [modloading-worker-0/DEBUG] [mezz.jei.common.config.file.ConfigSerializer/]: Saving config file: C:\Users\Ché\IdeaProjects\Portal20\run\config\jei\jei-debug.ini
[24Sep2026 13:54:39.733] [modloading-worker-0/DEBUG] [net.minecraftforge.fml.javafmlmod.AutomaticEventSubscriber/LOADING]: Auto-subscribing net.minecraftforge.client.ClientForgeMod to MOD
[24Sep2026 13:54:39.739] [modloading-worker-0/DEBUG] [mezz.jei.common.config.file.ConfigSerializer/]: Loading config file: C:\Users\Ché\IdeaProjects\Portal20\run\config\jei\jei-mod-id-format.ini
[24Sep2026 13:54:39.740] [modloading-worker-0/DEBUG] [mezz.jei.common.config.file.ConfigSerializer/]: Saving config file: C:\Users\Ché\IdeaProjects\Portal20\run\config\jei\jei-mod-id-format.ini
[24Sep2026 13:54:39.745] [modloading-worker-0/DEBUG] [mezz.jei.common.config.file.ConfigSerializer/]: Loading config file: C:\Users\Ché\IdeaProjects\Portal20\run\config\jei\jei-colors.ini
[24Sep2026 13:54:39.747] [modloading-worker-0/DEBUG] [mezz.jei.common.config.file.ConfigSerializer/]: Saving config file: C:\Users\Ché\IdeaProjects\Portal20\run\config\jei\jei-colors.ini
[24Sep2026 13:54:39.754] [modloading-worker-0/DEBUG] [net.minecraftforge.fml.javafmlmod.AutomaticEventSubscriber/LOADING]: Attempting to inject @EventBusSubscriber classes into the eventbus for aperture_innovations
[24Sep2026 13:54:39.754] [modloading-worker-0/DEBUG] [net.minecraftforge.fml.javafmlmod.AutomaticEventSubscriber/LOADING]: Auto-subscribing net.mistersecret312.aperture_innovations.ApertureInnovations$ClientModEvents to MOD
[24Sep2026 13:54:39.758] [modloading-worker-0/DEBUG] [mezz.jei.common.config.file.ConfigSerializer/]: Loading config file: C:\Users\Ché\IdeaProjects\Portal20\run\config\jei\jei-client.ini
[24Sep2026 13:54:39.761] [modloading-worker-0/DEBUG] [mezz.jei.common.config.file.ConfigSerializer/]: Saving config file: C:\Users\Ché\IdeaProjects\Portal20\run\config\jei\jei-client.ini
[24Sep2026 13:54:39.764] [modloading-worker-0/DEBUG] [net.minecraftforge.fml.javafmlmod.AutomaticEventSubscriber/LOADING]: Auto-subscribing net.mistersecret312.aperture_innovations.client.model.LongFallBootsModel to MOD
[24Sep2026 13:54:39.766] [modloading-worker-0/INFO] [mezz.jei.library.load.PluginCaller/]: Sending ConfigManager...
[24Sep2026 13:54:39.768] [modloading-worker-0/DEBUG] [mezz.jei.library.load.PluginCallerTimerRunnable/]: Sending ConfigManager: jei:minecraft...
[24Sep2026 13:54:39.768] [modloading-worker-0/DEBUG] [mezz.jei.library.load.PluginCallerTimerRunnable/]: Sending ConfigManager: jei:debug...
[24Sep2026 13:54:39.768] [modloading-worker-0/DEBUG] [mezz.jei.library.load.PluginCallerTimerRunnable/]: Sending ConfigManager: jei:gui...
[24Sep2026 13:54:39.768] [modloading-worker-0/DEBUG] [mezz.jei.library.load.PluginCallerTimerRunnable/]: Sending ConfigManager: jei:forge_gui...
[24Sep2026 13:54:39.768] [modloading-worker-0/DEBUG] [mezz.jei.library.load.PluginCallerTimerRunnable/]: Sending ConfigManager: mekanism:jei_plugin...
[24Sep2026 13:54:39.768] [modloading-worker-0/DEBUG] [mezz.jei.library.load.PluginCallerTimerRunnable/]: Sending ConfigManager: jei:internal...
[24Sep2026 13:54:39.769] [modloading-worker-0/INFO] [mezz.jei.library.load.PluginCaller/]: Sending ConfigManager took 2.005 ms
[24Sep2026 13:54:39.778] [modloading-worker-0/DEBUG] [net.minecraftforge.fml.javafmlmod.AutomaticEventSubscriber/LOADING]: Attempting to inject @EventBusSubscriber classes into the eventbus for jei
[24Sep2026 13:54:39.778] [modloading-worker-0/DEBUG] [net.minecraftforge.fml.javafmlmod.AutomaticEventSubscriber/LOADING]: Auto-subscribing net.mistersecret312.aperture_innovations.client.resourcepack.ResourcePackReloadListener$ReloadListener to MOD
[24Sep2026 13:54:39.781] [modloading-worker-0/DEBUG] [net.minecraftforge.fml.javafmlmod.AutomaticEventSubscriber/LOADING]: Auto-subscribing net.mistersecret312.aperture_innovations.events.ClientEvents to FORGE
[24Sep2026 13:54:39.806] [modloading-worker-0/DEBUG] [net.minecraftforge.fml.javafmlmod.AutomaticEventSubscriber/LOADING]: Auto-subscribing net.mistersecret312.aperture_innovations.events.CommonEvents to FORGE
[24Sep2026 13:54:39.809] [modloading-worker-0/DEBUG] [net.minecraftforge.fml.config.ConfigTracker/CONFIG]: Config file Mekanism/client.toml for mekanism tracking
[24Sep2026 13:54:39.809] [modloading-worker-0/DEBUG] [net.minecraftforge.fml.config.ConfigTracker/CONFIG]: Config file Mekanism/common.toml for mekanism tracking
[24Sep2026 13:54:39.809] [modloading-worker-0/DEBUG] [net.minecraftforge.fml.config.ConfigTracker/CONFIG]: Config file Mekanism/general.toml for mekanism tracking
[24Sep2026 13:54:39.809] [modloading-worker-0/DEBUG] [net.minecraftforge.fml.config.ConfigTracker/CONFIG]: Config file Mekanism/gear.toml for mekanism tracking
[24Sep2026 13:54:39.809] [modloading-worker-0/DEBUG] [net.minecraftforge.fml.config.ConfigTracker/CONFIG]: Config file Mekanism/machine-storage.toml for mekanism tracking
[24Sep2026 13:54:39.809] [modloading-worker-0/DEBUG] [net.minecraftforge.fml.config.ConfigTracker/CONFIG]: Config file Mekanism/tiers.toml for mekanism tracking
[24Sep2026 13:54:39.809] [modloading-worker-0/DEBUG] [net.minecraftforge.fml.config.ConfigTracker/CONFIG]: Config file Mekanism/machine-usage.toml for mekanism tracking
[24Sep2026 13:54:39.810] [modloading-worker-0/DEBUG] [net.minecraftforge.fml.config.ConfigTracker/CONFIG]: Config file Mekanism/world.toml for mekanism tracking
[24Sep2026 13:54:39.818] [modloading-worker-0/DEBUG] [net.minecraftforge.fml.javafmlmod.AutomaticEventSubscriber/LOADING]: Auto-subscribing net.mistersecret312.aperture_innovations.init.CapabilityInit to MOD
[24Sep2026 13:54:40.827] [modloading-worker-0/DEBUG] [net.minecraftforge.fml.javafmlmod.AutomaticEventSubscriber/LOADING]: Attempting to inject @EventBusSubscriber classes into the eventbus for mekanism
[24Sep2026 13:54:40.828] [modloading-worker-0/DEBUG] [net.minecraftforge.fml.javafmlmod.AutomaticEventSubscriber/LOADING]: Auto-subscribing mekanism.common.recipe.MekanismRecipeType to FORGE
[24Sep2026 13:54:40.828] [modloading-worker-0/DEBUG] [net.minecraftforge.fml.javafmlmod.AutomaticEventSubscriber/LOADING]: Auto-subscribing mekanism.client.sound.SoundHandler to MOD
[24Sep2026 13:54:40.838] [modloading-worker-0/DEBUG] [net.minecraftforge.fml.javafmlmod.AutomaticEventSubscriber/LOADING]: Auto-subscribing mekanism.client.render.MekanismShaders to MOD
[24Sep2026 13:54:40.872] [modloading-worker-0/DEBUG] [net.minecraftforge.fml.javafmlmod.AutomaticEventSubscriber/LOADING]: Auto-subscribing mekanism.client.render.MekanismRenderer to MOD
[24Sep2026 13:54:40.880] [modloading-worker-0/DEBUG] [net.minecraftforge.fml.javafmlmod.AutomaticEventSubscriber/LOADING]: Auto-subscribing mekanism.client.ClientRegistration to MOD
[24Sep2026 13:54:40.930] [Render thread/DEBUG] [net.minecraftforge.registries.ObjectHolderRegistry/REGISTRIES]: Processing ObjectHolder annotations
[24Sep2026 13:54:40.945] [Render thread/DEBUG] [net.minecraftforge.registries.ObjectHolderRegistry/REGISTRIES]: Found 5023 ObjectHolder annotations
[24Sep2026 13:54:40.947] [Render thread/DEBUG] [net.minecraftforge.common.capabilities.CapabilityManager/CAPABILITIES]: Attempting to automatically register: Lmekanism/api/IAlloyInteraction;
[24Sep2026 13:54:40.948] [Render thread/DEBUG] [net.minecraftforge.common.capabilities.CapabilityManager/CAPABILITIES]: Attempting to automatically register: Lmekanism/api/IConfigCardAccess;
[24Sep2026 13:54:40.948] [Render thread/DEBUG] [net.minecraftforge.common.capabilities.CapabilityManager/CAPABILITIES]: Attempting to automatically register: Lmekanism/api/IConfigurable;
[24Sep2026 13:54:40.948] [Render thread/DEBUG] [net.minecraftforge.common.capabilities.CapabilityManager/CAPABILITIES]: Attempting to automatically register: Lmekanism/api/IEvaporationSolar;
[24Sep2026 13:54:40.948] [Render thread/DEBUG] [net.minecraftforge.common.capabilities.CapabilityManager/CAPABILITIES]: Attempting to automatically register: Lmekanism/api/chemical/gas/IGasHandler;
[24Sep2026 13:54:40.948] [Render thread/DEBUG] [net.minecraftforge.common.capabilities.CapabilityManager/CAPABILITIES]: Attempting to automatically register: Lmekanism/api/chemical/infuse/IInfusionHandler;
[24Sep2026 13:54:40.948] [Render thread/DEBUG] [net.minecraftforge.common.capabilities.CapabilityManager/CAPABILITIES]: Attempting to automatically register: Lmekanism/api/chemical/pigment/IPigmentHandler;
[24Sep2026 13:54:40.948] [Render thread/DEBUG] [net.minecraftforge.common.capabilities.CapabilityManager/CAPABILITIES]: Attempting to automatically register: Lmekanism/api/chemical/slurry/ISlurryHandler;
[24Sep2026 13:54:40.948] [Render thread/DEBUG] [net.minecraftforge.common.capabilities.CapabilityManager/CAPABILITIES]: Attempting to automatically register: Lmekanism/api/energy/IStrictEnergyHandler;
[24Sep2026 13:54:40.948] [Render thread/DEBUG] [net.minecraftforge.common.capabilities.CapabilityManager/CAPABILITIES]: Attempting to automatically register: Lmekanism/api/heat/IHeatHandler;
[24Sep2026 13:54:40.948] [Render thread/DEBUG] [net.minecraftforge.common.capabilities.CapabilityManager/CAPABILITIES]: Attempting to automatically register: Lmekanism/api/lasers/ILaserDissipation;
[24Sep2026 13:54:40.948] [Render thread/DEBUG] [net.minecraftforge.common.capabilities.CapabilityManager/CAPABILITIES]: Attempting to automatically register: Lmekanism/api/lasers/ILaserReceptor;
[24Sep2026 13:54:40.948] [Render thread/DEBUG] [net.minecraftforge.common.capabilities.CapabilityManager/CAPABILITIES]: Attempting to automatically register: Lmekanism/api/radiation/capability/IRadiationEntity;
[24Sep2026 13:54:40.948] [Render thread/DEBUG] [net.minecraftforge.common.capabilities.CapabilityManager/CAPABILITIES]: Attempting to automatically register: Lmekanism/api/radiation/capability/IRadiationShielding;
[24Sep2026 13:54:40.948] [Render thread/DEBUG] [net.minecraftforge.common.capabilities.CapabilityManager/CAPABILITIES]: Attempting to automatically register: Lmekanism/api/security/IOwnerObject;
[24Sep2026 13:54:40.948] [Render thread/DEBUG] [net.minecraftforge.common.capabilities.CapabilityManager/CAPABILITIES]: Attempting to automatically register: Lmekanism/api/security/ISecurityObject;
[24Sep2026 13:54:40.948] [Render thread/DEBUG] [net.minecraftforge.common.capabilities.CapabilityManager/CAPABILITIES]: Attempting to automatically register: Lnet/minecraftforge/energy/IEnergyStorage;
[24Sep2026 13:54:40.948] [Render thread/DEBUG] [net.minecraftforge.common.capabilities.CapabilityManager/CAPABILITIES]: Attempting to automatically register: Lnet/minecraftforge/fluids/capability/IFluidHandler;
[24Sep2026 13:54:40.948] [Render thread/DEBUG] [net.minecraftforge.common.capabilities.CapabilityManager/CAPABILITIES]: Attempting to automatically register: Lnet/minecraftforge/fluids/capability/IFluidHandlerItem;
[24Sep2026 13:54:40.948] [Render thread/DEBUG] [net.minecraftforge.common.capabilities.CapabilityManager/CAPABILITIES]: Attempting to automatically register: Lnet/minecraftforge/items/IItemHandler;
[24Sep2026 13:54:40.949] [Render thread/DEBUG] [net.minecraftforge.registries.GameData/REGISTRIES]: Unfreezing vanilla registries
[24Sep2026 13:54:40.953] [Render thread/DEBUG] [net.minecraftforge.registries.GameData/REGISTRIES]: Applying holder lookups: minecraft:sound_event
[24Sep2026 13:54:40.955] [Render thread/DEBUG] [net.minecraftforge.registries.GameData/REGISTRIES]: Holder lookups applied: minecraft:sound_event
[24Sep2026 13:54:40.959] [Render thread/DEBUG] [net.minecraftforge.registries.GameData/REGISTRIES]: Applying holder lookups: minecraft:fluid
[24Sep2026 13:54:40.960] [Render thread/DEBUG] [net.minecraftforge.registries.GameData/REGISTRIES]: Holder lookups applied: minecraft:fluid
[24Sep2026 13:54:41.101] [Render thread/DEBUG] [net.minecraftforge.registries.GameData/REGISTRIES]: Applying holder lookups: minecraft:block
[24Sep2026 13:54:41.102] [Render thread/DEBUG] [net.minecraftforge.registries.GameData/REGISTRIES]: Holder lookups applied: minecraft:block
[24Sep2026 13:54:41.104] [Render thread/DEBUG] [net.minecraftforge.registries.GameData/REGISTRIES]: Applying holder lookups: minecraft:attribute
[24Sep2026 13:54:41.104] [Render thread/DEBUG] [net.minecraftforge.registries.GameData/REGISTRIES]: Holder lookups applied: minecraft:attribute
[24Sep2026 13:54:41.105] [Render thread/DEBUG] [net.minecraftforge.registries.GameData/REGISTRIES]: Applying holder lookups: minecraft:mob_effect
[24Sep2026 13:54:41.105] [Render thread/DEBUG] [net.minecraftforge.registries.GameData/REGISTRIES]: Holder lookups applied: minecraft:mob_effect
[24Sep2026 13:54:41.108] [Render thread/DEBUG] [net.minecraftforge.registries.GameData/REGISTRIES]: Applying holder lookups: minecraft:particle_type
[24Sep2026 13:54:41.108] [Render thread/DEBUG] [net.minecraftforge.registries.GameData/REGISTRIES]: Holder lookups applied: minecraft:particle_type
[24Sep2026 13:54:41.119] [Render thread/DEBUG] [software.bernie.geckolib.GeckoLib/]: Registered SyncedAnimatable for class software.bernie.example.item.JackInTheBoxItem
[24Sep2026 13:54:41.126] [Render thread/DEBUG] [software.bernie.geckolib.GeckoLib/]: Registered SyncedAnimatable for class net.mistersecret312.aperture_innovations.items.PortalGunItem
[24Sep2026 13:54:41.187] [Render thread/DEBUG] [net.minecraftforge.registries.GameData/REGISTRIES]: Applying holder lookups: minecraft:item
[24Sep2026 13:54:41.188] [Render thread/DEBUG] [net.minecraftforge.registries.GameData/REGISTRIES]: Holder lookups applied: minecraft:item
[24Sep2026 13:54:41.195] [Render thread/DEBUG] [net.minecraftforge.registries.GameData/REGISTRIES]: Applying holder lookups: minecraft:entity_type
[24Sep2026 13:54:41.197] [Render thread/DEBUG] [net.minecraftforge.registries.GameData/REGISTRIES]: Holder lookups applied: minecraft:entity_type
[24Sep2026 13:54:41.197] [Render thread/DEBUG] [net.minecraftforge.registries.GameData/REGISTRIES]: Applying holder lookups: minecraft:sensor_type
[24Sep2026 13:54:41.197] [Render thread/DEBUG] [net.minecraftforge.registries.GameData/REGISTRIES]: Holder lookups applied: minecraft:sensor_type
[24Sep2026 13:54:41.198] [Render thread/DEBUG] [net.minecraftforge.registries.GameData/REGISTRIES]: Applying holder lookups: minecraft:memory_module_type
[24Sep2026 13:54:41.198] [Render thread/DEBUG] [net.minecraftforge.registries.GameData/REGISTRIES]: Holder lookups applied: minecraft:memory_module_type
[24Sep2026 13:54:41.198] [Render thread/DEBUG] [net.minecraftforge.registries.GameData/REGISTRIES]: Applying holder lookups: minecraft:potion
[24Sep2026 13:54:41.198] [Render thread/DEBUG] [net.minecraftforge.registries.GameData/REGISTRIES]: Holder lookups applied: minecraft:potion
[24Sep2026 13:54:41.198] [Render thread/DEBUG] [net.minecraftforge.registries.GameData/REGISTRIES]: Applying holder lookups: minecraft:game_event
[24Sep2026 13:54:41.199] [Render thread/DEBUG] [net.minecraftforge.registries.GameData/REGISTRIES]: Holder lookups applied: minecraft:game_event
[24Sep2026 13:54:41.199] [Render thread/DEBUG] [net.minecraftforge.registries.GameData/REGISTRIES]: Applying holder lookups: minecraft:enchantment
[24Sep2026 13:54:41.199] [Render thread/DEBUG] [net.minecraftforge.registries.GameData/REGISTRIES]: Holder lookups applied: minecraft:enchantment
[24Sep2026 13:54:41.207] [Render thread/DEBUG] [net.minecraftforge.registries.GameData/REGISTRIES]: Applying holder lookups: minecraft:block_entity_type
[24Sep2026 13:54:41.207] [Render thread/DEBUG] [net.minecraftforge.registries.GameData/REGISTRIES]: Holder lookups applied: minecraft:block_entity_type
[24Sep2026 13:54:41.207] [Render thread/DEBUG] [net.minecraftforge.registries.GameData/REGISTRIES]: Applying holder lookups: minecraft:painting_variant
[24Sep2026 13:54:41.208] [Render thread/DEBUG] [net.minecraftforge.registries.GameData/REGISTRIES]: Holder lookups applied: minecraft:painting_variant
[24Sep2026 13:54:41.208] [Render thread/DEBUG] [net.minecraftforge.registries.GameData/REGISTRIES]: Applying holder lookups: minecraft:stat_type
[24Sep2026 13:54:41.208] [Render thread/DEBUG] [net.minecraftforge.registries.GameData/REGISTRIES]: Holder lookups applied: minecraft:stat_type
[24Sep2026 13:54:41.208] [Render thread/DEBUG] [net.minecraftforge.registries.GameData/REGISTRIES]: Applying holder lookups: minecraft:custom_stat
[24Sep2026 13:54:41.209] [Render thread/DEBUG] [net.minecraftforge.registries.GameData/REGISTRIES]: Holder lookups applied: minecraft:custom_stat
[24Sep2026 13:54:41.209] [Render thread/DEBUG] [net.minecraftforge.registries.GameData/REGISTRIES]: Applying holder lookups: minecraft:chunk_status
[24Sep2026 13:54:41.209] [Render thread/DEBUG] [net.minecraftforge.registries.GameData/REGISTRIES]: Holder lookups applied: minecraft:chunk_status
[24Sep2026 13:54:41.209] [Render thread/DEBUG] [net.minecraftforge.registries.GameData/REGISTRIES]: Applying holder lookups: minecraft:rule_test
[24Sep2026 13:54:41.210] [Render thread/DEBUG] [net.minecraftforge.registries.GameData/REGISTRIES]: Holder lookups applied: minecraft:rule_test
[24Sep2026 13:54:41.210] [Render thread/DEBUG] [net.minecraftforge.registries.GameData/REGISTRIES]: Applying holder lookups: minecraft:rule_block_entity_modifier
[24Sep2026 13:54:41.210] [Render thread/DEBUG] [net.minecraftforge.registries.GameData/REGISTRIES]: Holder lookups applied: minecraft:rule_block_entity_modifier
[24Sep2026 13:54:41.210] [Render thread/DEBUG] [net.minecraftforge.registries.GameData/REGISTRIES]: Applying holder lookups: minecraft:pos_rule_test
[24Sep2026 13:54:41.210] [Render thread/DEBUG] [net.minecraftforge.registries.GameData/REGISTRIES]: Holder lookups applied: minecraft:pos_rule_test
[24Sep2026 13:54:41.367] [Render thread/DEBUG] [net.minecraftforge.registries.GameData/REGISTRIES]: Applying holder lookups: minecraft:menu
[24Sep2026 13:54:41.367] [Render thread/DEBUG] [net.minecraftforge.registries.GameData/REGISTRIES]: Holder lookups applied: minecraft:menu
[24Sep2026 13:54:41.379] [Render thread/DEBUG] [net.minecraftforge.registries.GameData/REGISTRIES]: Applying holder lookups: minecraft:recipe_type
[24Sep2026 13:54:41.380] [Render thread/DEBUG] [net.minecraftforge.registries.GameData/REGISTRIES]: Holder lookups applied: minecraft:recipe_type
[24Sep2026 13:54:41.422] [Render thread/DEBUG] [net.minecraftforge.registries.GameData/REGISTRIES]: Applying holder lookups: minecraft:recipe_serializer
[24Sep2026 13:54:41.422] [Render thread/DEBUG] [net.minecraftforge.registries.GameData/REGISTRIES]: Holder lookups applied: minecraft:recipe_serializer
[24Sep2026 13:54:41.422] [Render thread/DEBUG] [net.minecraftforge.registries.GameData/REGISTRIES]: Applying holder lookups: minecraft:position_source_type
[24Sep2026 13:54:41.423] [Render thread/DEBUG] [net.minecraftforge.registries.GameData/REGISTRIES]: Holder lookups applied: minecraft:position_source_type
[24Sep2026 13:54:41.424] [Render thread/DEBUG] [net.minecraftforge.registries.GameData/REGISTRIES]: Applying holder lookups: minecraft:command_argument_type
[24Sep2026 13:54:41.424] [Render thread/DEBUG] [net.minecraftforge.registries.GameData/REGISTRIES]: Holder lookups applied: minecraft:command_argument_type
[24Sep2026 13:54:41.424] [Render thread/DEBUG] [net.minecraftforge.registries.GameData/REGISTRIES]: Applying holder lookups: minecraft:villager_type
[24Sep2026 13:54:41.425] [Render thread/DEBUG] [net.minecraftforge.registries.GameData/REGISTRIES]: Holder lookups applied: minecraft:villager_type
[24Sep2026 13:54:41.425] [Render thread/DEBUG] [net.minecraftforge.registries.GameData/REGISTRIES]: Applying holder lookups: minecraft:villager_profession
[24Sep2026 13:54:41.425] [Render thread/DEBUG] [net.minecraftforge.registries.GameData/REGISTRIES]: Holder lookups applied: minecraft:villager_profession
[24Sep2026 13:54:41.425] [Render thread/DEBUG] [net.minecraftforge.registries.GameData/REGISTRIES]: Applying holder lookups: minecraft:point_of_interest_type
[24Sep2026 13:54:41.425] [Render thread/DEBUG] [net.minecraftforge.registries.GameData/REGISTRIES]: Holder lookups applied: minecraft:point_of_interest_type
[24Sep2026 13:54:41.425] [Render thread/DEBUG] [net.minecraftforge.registries.GameData/REGISTRIES]: Applying holder lookups: minecraft:schedule
[24Sep2026 13:54:41.425] [Render thread/DEBUG] [net.minecraftforge.registries.GameData/REGISTRIES]: Holder lookups applied: minecraft:schedule
[24Sep2026 13:54:41.425] [Render thread/DEBUG] [net.minecraftforge.registries.GameData/REGISTRIES]: Applying holder lookups: minecraft:activity
[24Sep2026 13:54:41.426] [Render thread/DEBUG] [net.minecraftforge.registries.GameData/REGISTRIES]: Holder lookups applied: minecraft:activity
[24Sep2026 13:54:41.426] [Render thread/DEBUG] [net.minecraftforge.registries.GameData/REGISTRIES]: Applying holder lookups: minecraft:loot_pool_entry_type
[24Sep2026 13:54:41.426] [Render thread/DEBUG] [net.minecraftforge.registries.GameData/REGISTRIES]: Holder lookups applied: minecraft:loot_pool_entry_type
[24Sep2026 13:54:41.427] [Render thread/DEBUG] [net.minecraftforge.registries.GameData/REGISTRIES]: Applying holder lookups: minecraft:loot_function_type
[24Sep2026 13:54:41.427] [Render thread/DEBUG] [net.minecraftforge.registries.GameData/REGISTRIES]: Holder lookups applied: minecraft:loot_function_type
[24Sep2026 13:54:41.429] [Render thread/DEBUG] [net.minecraftforge.registries.GameData/REGISTRIES]: Applying holder lookups: minecraft:loot_condition_type
[24Sep2026 13:54:41.430] [Render thread/DEBUG] [net.minecraftforge.registries.GameData/REGISTRIES]: Holder lookups applied: minecraft:loot_condition_type
[24Sep2026 13:54:41.430] [Render thread/DEBUG] [net.minecraftforge.registries.GameData/REGISTRIES]: Applying holder lookups: minecraft:loot_number_provider_type
[24Sep2026 13:54:41.431] [Render thread/DEBUG] [net.minecraftforge.registries.GameData/REGISTRIES]: Holder lookups applied: minecraft:loot_number_provider_type
[24Sep2026 13:54:41.431] [Render thread/DEBUG] [net.minecraftforge.registries.GameData/REGISTRIES]: Applying holder lookups: minecraft:loot_nbt_provider_type
[24Sep2026 13:54:41.431] [Render thread/DEBUG] [net.minecraftforge.registries.GameData/REGISTRIES]: Holder lookups applied: minecraft:loot_nbt_provider_type
[24Sep2026 13:54:41.431] [Render thread/DEBUG] [net.minecraftforge.registries.GameData/REGISTRIES]: Applying holder lookups: minecraft:loot_score_provider_type
[24Sep2026 13:54:41.433] [Render thread/DEBUG] [net.minecraftforge.registries.GameData/REGISTRIES]: Holder lookups applied: minecraft:loot_score_provider_type
[24Sep2026 13:54:41.433] [Render thread/DEBUG] [net.minecraftforge.registries.GameData/REGISTRIES]: Applying holder lookups: minecraft:float_provider_type
[24Sep2026 13:54:41.433] [Render thread/DEBUG] [net.minecraftforge.registries.GameData/REGISTRIES]: Holder lookups applied: minecraft:float_provider_type
[24Sep2026 13:54:41.433] [Render thread/DEBUG] [net.minecraftforge.registries.GameData/REGISTRIES]: Applying holder lookups: minecraft:int_provider_type
[24Sep2026 13:54:41.434] [Render thread/DEBUG] [net.minecraftforge.registries.GameData/REGISTRIES]: Holder lookups applied: minecraft:int_provider_type
[24Sep2026 13:54:41.434] [Render thread/DEBUG] [net.minecraftforge.registries.GameData/REGISTRIES]: Applying holder lookups: minecraft:height_provider_type
[24Sep2026 13:54:41.434] [Render thread/DEBUG] [net.minecraftforge.registries.GameData/REGISTRIES]: Holder lookups applied: minecraft:height_provider_type
[24Sep2026 13:54:41.434] [Render thread/DEBUG] [net.minecraftforge.registries.GameData/REGISTRIES]: Applying holder lookups: minecraft:block_predicate_type
[24Sep2026 13:54:41.435] [Render thread/DEBUG] [net.minecraftforge.registries.GameData/REGISTRIES]: Holder lookups applied: minecraft:block_predicate_type
[24Sep2026 13:54:41.435] [Render thread/DEBUG] [net.minecraftforge.registries.GameData/REGISTRIES]: Applying holder lookups: minecraft:worldgen/carver
[24Sep2026 13:54:41.435] [Render thread/DEBUG] [net.minecraftforge.registries.GameData/REGISTRIES]: Holder lookups applied: minecraft:worldgen/carver
[24Sep2026 13:54:41.438] [Render thread/DEBUG] [net.minecraftforge.registries.GameData/REGISTRIES]: Applying holder lookups: minecraft:worldgen/feature
[24Sep2026 13:54:41.438] [Render thread/DEBUG] [net.minecraftforge.registries.GameData/REGISTRIES]: Holder lookups applied: minecraft:worldgen/feature
[24Sep2026 13:54:41.438] [Render thread/DEBUG] [net.minecraftforge.registries.GameData/REGISTRIES]: Applying holder lookups: minecraft:worldgen/structure_processor
[24Sep2026 13:54:41.438] [Render thread/DEBUG] [net.minecraftforge.registries.GameData/REGISTRIES]: Holder lookups applied: minecraft:worldgen/structure_processor
[24Sep2026 13:54:41.438] [Render thread/DEBUG] [net.minecraftforge.registries.GameData/REGISTRIES]: Applying holder lookups: minecraft:worldgen/structure_placement
[24Sep2026 13:54:41.438] [Render thread/DEBUG] [net.minecraftforge.registries.GameData/REGISTRIES]: Holder lookups applied: minecraft:worldgen/structure_placement
[24Sep2026 13:54:41.438] [Render thread/DEBUG] [net.minecraftforge.registries.GameData/REGISTRIES]: Applying holder lookups: minecraft:worldgen/structure_piece
[24Sep2026 13:54:41.439] [Render thread/DEBUG] [net.minecraftforge.registries.GameData/REGISTRIES]: Holder lookups applied: minecraft:worldgen/structure_piece
[24Sep2026 13:54:41.439] [Render thread/DEBUG] [net.minecraftforge.registries.GameData/REGISTRIES]: Applying holder lookups: minecraft:worldgen/structure_type
[24Sep2026 13:54:41.439] [Render thread/DEBUG] [net.minecraftforge.registries.GameData/REGISTRIES]: Holder lookups applied: minecraft:worldgen/structure_type
[24Sep2026 13:54:41.439] [Render thread/DEBUG] [net.minecraftforge.registries.GameData/REGISTRIES]: Applying holder lookups: minecraft:worldgen/placement_modifier_type
[24Sep2026 13:54:41.439] [Render thread/DEBUG] [net.minecraftforge.registries.GameData/REGISTRIES]: Holder lookups applied: minecraft:worldgen/placement_modifier_type
[24Sep2026 13:54:41.440] [Render thread/DEBUG] [net.minecraftforge.registries.GameData/REGISTRIES]: Applying holder lookups: minecraft:worldgen/block_state_provider_type
[24Sep2026 13:54:41.440] [Render thread/DEBUG] [net.minecraftforge.registries.GameData/REGISTRIES]: Holder lookups applied: minecraft:worldgen/block_state_provider_type
[24Sep2026 13:54:41.440] [Render thread/DEBUG] [net.minecraftforge.registries.GameData/REGISTRIES]: Applying holder lookups: minecraft:worldgen/foliage_placer_type
[24Sep2026 13:54:41.440] [Render thread/DEBUG] [net.minecraftforge.registries.GameData/REGISTRIES]: Holder lookups applied: minecraft:worldgen/foliage_placer_type
[24Sep2026 13:54:41.440] [Render thread/DEBUG] [net.minecraftforge.registries.GameData/REGISTRIES]: Applying holder lookups: minecraft:worldgen/trunk_placer_type
[24Sep2026 13:54:41.440] [Render thread/DEBUG] [net.minecraftforge.registries.GameData/REGISTRIES]: Holder lookups applied: minecraft:worldgen/trunk_placer_type
[24Sep2026 13:54:41.440] [Render thread/DEBUG] [net.minecraftforge.registries.GameData/REGISTRIES]: Applying holder lookups: minecraft:worldgen/root_placer_type
[24Sep2026 13:54:41.440] [Render thread/DEBUG] [net.minecraftforge.registries.GameData/REGISTRIES]: Holder lookups applied: minecraft:worldgen/root_placer_type
[24Sep2026 13:54:41.440] [Render thread/DEBUG] [net.minecraftforge.registries.GameData/REGISTRIES]: Applying holder lookups: minecraft:worldgen/tree_decorator_type
[24Sep2026 13:54:41.440] [Render thread/DEBUG] [net.minecraftforge.registries.GameData/REGISTRIES]: Holder lookups applied: minecraft:worldgen/tree_decorator_type
[24Sep2026 13:54:41.440] [Render thread/DEBUG] [net.minecraftforge.registries.GameData/REGISTRIES]: Applying holder lookups: minecraft:worldgen/feature_size_type
[24Sep2026 13:54:41.441] [Render thread/DEBUG] [net.minecraftforge.registries.GameData/REGISTRIES]: Holder lookups applied: minecraft:worldgen/feature_size_type
[24Sep2026 13:54:41.441] [Render thread/DEBUG] [net.minecraftforge.registries.GameData/REGISTRIES]: Applying holder lookups: minecraft:worldgen/biome_source
[24Sep2026 13:54:41.441] [Render thread/DEBUG] [net.minecraftforge.registries.GameData/REGISTRIES]: Holder lookups applied: minecraft:worldgen/biome_source
[24Sep2026 13:54:41.441] [Render thread/DEBUG] [net.minecraftforge.registries.GameData/REGISTRIES]: Applying holder lookups: minecraft:worldgen/chunk_generator
[24Sep2026 13:54:41.441] [Render thread/DEBUG] [net.minecraftforge.registries.GameData/REGISTRIES]: Holder lookups applied: minecraft:worldgen/chunk_generator
[24Sep2026 13:54:41.441] [Render thread/DEBUG] [net.minecraftforge.registries.GameData/REGISTRIES]: Applying holder lookups: minecraft:worldgen/material_condition
[24Sep2026 13:54:41.441] [Render thread/DEBUG] [net.minecraftforge.registries.GameData/REGISTRIES]: Holder lookups applied: minecraft:worldgen/material_condition
[24Sep2026 13:54:41.443] [Render thread/DEBUG] [net.minecraftforge.registries.GameData/REGISTRIES]: Applying holder lookups: minecraft:worldgen/material_rule
[24Sep2026 13:54:41.443] [Render thread/DEBUG] [net.minecraftforge.registries.GameData/REGISTRIES]: Holder lookups applied: minecraft:worldgen/material_rule
[24Sep2026 13:54:41.443] [Render thread/DEBUG] [net.minecraftforge.registries.GameData/REGISTRIES]: Applying holder lookups: minecraft:worldgen/density_function_type
[24Sep2026 13:54:41.443] [Render thread/DEBUG] [net.minecraftforge.registries.GameData/REGISTRIES]: Holder lookups applied: minecraft:worldgen/density_function_type
[24Sep2026 13:54:41.443] [Render thread/DEBUG] [net.minecraftforge.registries.GameData/REGISTRIES]: Applying holder lookups: minecraft:worldgen/structure_pool_element
[24Sep2026 13:54:41.443] [Render thread/DEBUG] [net.minecraftforge.registries.GameData/REGISTRIES]: Holder lookups applied: minecraft:worldgen/structure_pool_element
[24Sep2026 13:54:41.443] [Render thread/DEBUG] [net.minecraftforge.registries.GameData/REGISTRIES]: Applying holder lookups: minecraft:cat_variant
[24Sep2026 13:54:41.443] [Render thread/DEBUG] [net.minecraftforge.registries.GameData/REGISTRIES]: Holder lookups applied: minecraft:cat_variant
[24Sep2026 13:54:41.443] [Render thread/DEBUG] [net.minecraftforge.registries.GameData/REGISTRIES]: Applying holder lookups: minecraft:frog_variant
[24Sep2026 13:54:41.444] [Render thread/DEBUG] [net.minecraftforge.registries.GameData/REGISTRIES]: Holder lookups applied: minecraft:frog_variant
[24Sep2026 13:54:41.444] [Render thread/DEBUG] [net.minecraftforge.registries.GameData/REGISTRIES]: Applying holder lookups: minecraft:banner_pattern
[24Sep2026 13:54:41.444] [Render thread/DEBUG] [net.minecraftforge.registries.GameData/REGISTRIES]: Holder lookups applied: minecraft:banner_pattern
[24Sep2026 13:54:41.444] [Render thread/DEBUG] [net.minecraftforge.registries.GameData/REGISTRIES]: Applying holder lookups: minecraft:instrument
[24Sep2026 13:54:41.444] [Render thread/DEBUG] [net.minecraftforge.registries.GameData/REGISTRIES]: Holder lookups applied: minecraft:instrument
[24Sep2026 13:54:41.444] [Render thread/DEBUG] [net.minecraftforge.registries.GameData/REGISTRIES]: Applying holder lookups: minecraft:decorated_pot_patterns
[24Sep2026 13:54:41.444] [Render thread/DEBUG] [net.minecraftforge.registries.GameData/REGISTRIES]: Holder lookups applied: minecraft:decorated_pot_patterns
[24Sep2026 13:54:41.445] [Render thread/DEBUG] [net.minecraftforge.registries.GameData/REGISTRIES]: Applying holder lookups: minecraft:creative_mode_tab
[24Sep2026 13:54:41.446] [Render thread/DEBUG] [net.minecraftforge.registries.GameData/REGISTRIES]: Holder lookups applied: minecraft:creative_mode_tab
[24Sep2026 13:54:41.452] [Render thread/DEBUG] [net.minecraftforge.registries.GameData/REGISTRIES]: Applying holder lookups: forge:biome_modifier_serializers
[24Sep2026 13:54:41.453] [Render thread/DEBUG] [net.minecraftforge.registries.GameData/REGISTRIES]: Holder lookups applied: forge:biome_modifier_serializers
[24Sep2026 13:54:41.453] [Render thread/DEBUG] [net.minecraftforge.registries.GameData/REGISTRIES]: Applying holder lookups: forge:display_contexts
[24Sep2026 13:54:41.453] [Render thread/DEBUG] [net.minecraftforge.registries.GameData/REGISTRIES]: Holder lookups applied: forge:display_contexts
[24Sep2026 13:54:41.453] [Render thread/DEBUG] [net.minecraftforge.registries.GameData/REGISTRIES]: Applying holder lookups: forge:entity_data_serializers
[24Sep2026 13:54:41.454] [Render thread/DEBUG] [net.minecraftforge.registries.GameData/REGISTRIES]: Holder lookups applied: forge:entity_data_serializers
[24Sep2026 13:54:41.456] [Render thread/DEBUG] [net.minecraftforge.registries.GameData/REGISTRIES]: Applying holder lookups: forge:fluid_type
[24Sep2026 13:54:41.456] [Render thread/DEBUG] [net.minecraftforge.registries.GameData/REGISTRIES]: Holder lookups applied: forge:fluid_type
[24Sep2026 13:54:41.457] [Render thread/DEBUG] [net.minecraftforge.registries.GameData/REGISTRIES]: Applying holder lookups: forge:global_loot_modifier_serializers
[24Sep2026 13:54:41.457] [Render thread/DEBUG] [net.minecraftforge.registries.GameData/REGISTRIES]: Holder lookups applied: forge:global_loot_modifier_serializers
[24Sep2026 13:54:41.460] [Render thread/DEBUG] [net.minecraftforge.registries.GameData/REGISTRIES]: Applying holder lookups: forge:holder_set_type
[24Sep2026 13:54:41.460] [Render thread/DEBUG] [net.minecraftforge.registries.GameData/REGISTRIES]: Holder lookups applied: forge:holder_set_type
[24Sep2026 13:54:41.461] [Render thread/DEBUG] [net.minecraftforge.registries.GameData/REGISTRIES]: Applying holder lookups: forge:structure_modifier_serializers
[24Sep2026 13:54:41.461] [Render thread/DEBUG] [net.minecraftforge.registries.GameData/REGISTRIES]: Holder lookups applied: forge:structure_modifier_serializers
[24Sep2026 13:54:41.462] [Render thread/DEBUG] [net.minecraftforge.registries.GameData/REGISTRIES]: Applying holder lookups: mekanism:gas
[24Sep2026 13:54:41.462] [Render thread/DEBUG] [net.minecraftforge.registries.GameData/REGISTRIES]: Holder lookups applied: mekanism:gas
[24Sep2026 13:54:41.465] [Render thread/DEBUG] [net.minecraftforge.registries.GameData/REGISTRIES]: Applying holder lookups: mekanism:infuse_type
[24Sep2026 13:54:41.465] [Render thread/DEBUG] [net.minecraftforge.registries.GameData/REGISTRIES]: Holder lookups applied: mekanism:infuse_type
[24Sep2026 13:54:41.466] [Render thread/DEBUG] [net.minecraftforge.registries.GameData/REGISTRIES]: Applying holder lookups: mekanism:module
[24Sep2026 13:54:41.466] [Render thread/DEBUG] [net.minecraftforge.registries.GameData/REGISTRIES]: Holder lookups applied: mekanism:module
[24Sep2026 13:54:41.466] [Render thread/DEBUG] [net.minecraftforge.registries.GameData/REGISTRIES]: Applying holder lookups: mekanism:pigment
[24Sep2026 13:54:41.466] [Render thread/DEBUG] [net.minecraftforge.registries.GameData/REGISTRIES]: Holder lookups applied: mekanism:pigment
[24Sep2026 13:54:41.466] [Render thread/DEBUG] [net.minecraftforge.registries.GameData/REGISTRIES]: Applying holder lookups: mekanism:robit_skin_serializer
[24Sep2026 13:54:41.468] [Render thread/DEBUG] [net.minecraftforge.registries.GameData/REGISTRIES]: Holder lookups applied: mekanism:robit_skin_serializer
[24Sep2026 13:54:41.469] [Render thread/DEBUG] [net.minecraftforge.registries.GameData/REGISTRIES]: Applying holder lookups: mekanism:slurry
[24Sep2026 13:54:41.470] [Render thread/DEBUG] [net.minecraftforge.registries.GameData/REGISTRIES]: Holder lookups applied: mekanism:slurry
[24Sep2026 13:54:41.470] [Render thread/DEBUG] [net.minecraftforge.registries.GameData/REGISTRIES]: Applying holder lookups: minecraft:worldgen/biome
[24Sep2026 13:54:41.470] [Render thread/DEBUG] [net.minecraftforge.registries.GameData/REGISTRIES]: Holder lookups applied: minecraft:worldgen/biome
[24Sep2026 13:54:41.553] [Render thread/DEBUG] [net.minecraftforge.client.loading.ClientModLoader/CORE]: Generating PackInfo named mod:mixinextras for mod file C:\Users\Ché\.gradle\caches\modules-2\files-2.1\io.github.llamalad7\mixinextras-forge\0.4.1\5c35573a7b76103724799ca1174a69699b8a9aec\mixinextras-forge-0.4.1.jar
[24Sep2026 13:54:41.553] [Render thread/DEBUG] [net.minecraftforge.client.loading.ClientModLoader/CORE]: Generating PackInfo named mod:forge for mod file /
[24Sep2026 13:54:41.553] [Render thread/DEBUG] [net.minecraftforge.client.loading.ClientModLoader/CORE]: Generating PackInfo named mod:mixinsquared for mod file C:\Users\Ché\.gradle\caches\modules-2\files-2.1\com.github.bawnorton.mixinsquared\mixinsquared-forge\0.3.7-beta.1\8b53c2a95719158d92a21179d3f20fd12123a0ca\mixinsquared-forge-0.3.7-beta.1.jar
[24Sep2026 13:54:41.553] [Render thread/DEBUG] [net.minecraftforge.client.loading.ClientModLoader/CORE]: Generating PackInfo named mod:geckolib for mod file C:\Users\Ché\.gradle\caches\forge_gradle\deobf_dependencies\software\bernie\geckolib\geckolib-forge-1.20.1\4.8.2_mapped_official_1.20.1\geckolib-forge-1.20.1-4.8.2_mapped_official_1.20.1.jar
[24Sep2026 13:54:41.554] [Render thread/DEBUG] [net.minecraftforge.client.loading.ClientModLoader/CORE]: Generating PackInfo named mod:aperture_innovations for mod file C:\Users\Ché\IdeaProjects\Portal20\build\resources\main
[24Sep2026 13:54:41.554] [Render thread/DEBUG] [net.minecraftforge.client.loading.ClientModLoader/CORE]: Generating PackInfo named mod:jei for mod file C:\Users\Ché\.gradle\caches\forge_gradle\deobf_dependencies\mezz\jei\jei-1.20.1-forge\15.20.0.106_mapped_official_1.20.1\jei-1.20.1-forge-15.20.0.106_mapped_official_1.20.1.jar
[24Sep2026 13:54:41.554] [Render thread/DEBUG] [net.minecraftforge.client.loading.ClientModLoader/CORE]: Generating PackInfo named mod:mekanism for mod file C:\Users\Ché\.gradle\caches\forge_gradle\deobf_dependencies\curse\maven\mekanism-268560\6552911_mapped_official_1.20.1\mekanism-268560-6552911_mapped_official_1.20.1.jar
[24Sep2026 13:54:41.563] [Render thread/DEBUG] [mixin/]: Mixing client.TextureManagerMixin from geckolib.mixins.json into net.minecraft.client.renderer.texture.TextureManager
[24Sep2026 13:54:41.827] [Render thread/INFO] [net.minecraftforge.gametest.ForgeGameTestHooks/]: Enabled Gametest Namespaces: [aperture_innovations]
[24Sep2026 13:54:42.134] [Render thread/INFO] [net.minecraft.server.packs.resources.ReloadableResourceManager/]: Reloading ResourceManager: vanilla, mod_resources
[24Sep2026 13:54:42.150] [modloading-worker-0/DEBUG] [net.minecraftforge.fml.config.ConfigTracker/CONFIG]: Loading configs type CLIENT
[24Sep2026 13:54:42.151] [modloading-worker-0/DEBUG] [net.minecraftforge.fml.config.ConfigFileTypeHandler/CONFIG]: Built TOML config for C:\Users\Ché\IdeaProjects\Portal20\run\config\forge-client.toml
[24Sep2026 13:54:42.152] [modloading-worker-0/DEBUG] [net.minecraftforge.fml.config.ConfigFileTypeHandler/CONFIG]: Loaded TOML config file C:\Users\Ché\IdeaProjects\Portal20\run\config\forge-client.toml
[24Sep2026 13:54:42.155] [modloading-worker-0/DEBUG] [net.minecraftforge.fml.config.ConfigFileTypeHandler/CONFIG]: Watching TOML config file C:\Users\Ché\IdeaProjects\Portal20\run\config\forge-client.toml for changes
[24Sep2026 13:54:42.158] [modloading-worker-0/DEBUG] [net.minecraftforge.common.ForgeConfig/FORGEMOD]: Loaded forge config file forge-client.toml
[24Sep2026 13:54:42.159] [modloading-worker-0/DEBUG] [net.minecraftforge.fml.config.ConfigFileTypeHandler/CONFIG]: Built TOML config for C:\Users\Ché\IdeaProjects\Portal20\run\config\Mekanism\client.toml
[24Sep2026 13:54:42.159] [modloading-worker-0/DEBUG] [net.minecraftforge.fml.config.ConfigFileTypeHandler/CONFIG]: Loaded TOML config file C:\Users\Ché\IdeaProjects\Portal20\run\config\Mekanism\client.toml
[24Sep2026 13:54:42.160] [modloading-worker-0/DEBUG] [net.minecraftforge.fml.config.ConfigFileTypeHandler/CONFIG]: Watching TOML config file C:\Users\Ché\IdeaProjects\Portal20\run\config\Mekanism\client.toml for changes
[24Sep2026 13:54:42.162] [modloading-worker-0/DEBUG] [net.minecraftforge.fml.config.ConfigTracker/CONFIG]: Loading configs type COMMON
[24Sep2026 13:54:42.163] [modloading-worker-0/DEBUG] [net.minecraftforge.fml.config.ConfigFileTypeHandler/CONFIG]: Built TOML config for C:\Users\Ché\IdeaProjects\Portal20\run\config\aperture_innovations-common.toml
[24Sep2026 13:54:42.163] [modloading-worker-0/DEBUG] [net.minecraftforge.fml.config.ConfigFileTypeHandler/CONFIG]: Loaded TOML config file C:\Users\Ché\IdeaProjects\Portal20\run\config\aperture_innovations-common.toml
[24Sep2026 13:54:42.163] [modloading-worker-0/DEBUG] [net.minecraftforge.fml.config.ConfigFileTypeHandler/CONFIG]: Watching TOML config file C:\Users\Ché\IdeaProjects\Portal20\run\config\aperture_innovations-common.toml for changes
[24Sep2026 13:54:42.163] [modloading-worker-0/DEBUG] [net.minecraftforge.fml.config.ConfigFileTypeHandler/CONFIG]: Built TOML config for C:\Users\Ché\IdeaProjects\Portal20\run\config\Mekanism\common.toml
[24Sep2026 13:54:42.164] [modloading-worker-0/DEBUG] [net.minecraftforge.fml.config.ConfigFileTypeHandler/CONFIG]: Loaded TOML config file C:\Users\Ché\IdeaProjects\Portal20\run\config\Mekanism\common.toml
[24Sep2026 13:54:42.164] [modloading-worker-0/DEBUG] [net.minecraftforge.fml.config.ConfigFileTypeHandler/CONFIG]: Watching TOML config file C:\Users\Ché\IdeaProjects\Portal20\run\config\Mekanism\common.toml for changes
[24Sep2026 13:54:42.212] [Worker-Main-4/INFO] [mekanism.common.Mekanism/]: Version 10.4.16 initializing...
[24Sep2026 13:54:42.256] [Forge Version Check/INFO] [net.minecraftforge.fml.VersionChecker/]: [forge] Starting version check at https://files.minecraftforge.net/net/minecraftforge/forge/promotions_slim.json
[24Sep2026 13:54:42.273] [Worker-Main-2/INFO] [net.minecraft.client.gui.font.providers.UnihexProvider/]: Found unifont_all_no_pua-15.0.06.hex, loading
[24Sep2026 13:54:42.384] [Worker-Main-4/INFO] [mekanism.common.Mekanism/]: Fake player readout: UUID = 46e82cd0-d480-3d48-800a-77431ede078e, name = [Mekanism]
[24Sep2026 13:54:42.385] [Worker-Main-4/INFO] [mekanism.common.Mekanism/]: Mod loaded.
[24Sep2026 13:54:42.386] [Render thread/DEBUG] [net.minecraftforge.fml.DeferredWorkQueue/LOADING]: Dispatching synchronous work for work queue COMMON_SETUP: 2 jobs
[24Sep2026 13:54:42.493] [Worker-Main-10/WARN] [net.minecraft.client.renderer.texture.SpriteLoader/]: Texture aperture_innovations:block/laser_test with size 16x3 limits mip level from 4 to 0
[24Sep2026 13:54:42.526] [Render thread/DEBUG] [net.minecraftforge.fml.DeferredWorkQueue/LOADING]: Synchronous work queue completed in 140.3 ms
[24Sep2026 13:54:42.604] [Worker-Main-4/INFO] [mekanism.common.Mekanism/]: Initialized HolidayManager.
[24Sep2026 13:54:42.647] [Render thread/DEBUG] [net.minecraftforge.fml.DeferredWorkQueue/LOADING]: Dispatching synchronous work for work queue SIDED_SETUP: 2 jobs
[24Sep2026 13:54:42.660] [Render thread/DEBUG] [net.minecraftforge.fml.DeferredWorkQueue/LOADING]: Synchronous work queue completed in 13.16 ms
[24Sep2026 13:54:42.803] [Forge Version Check/DEBUG] [net.minecraftforge.fml.VersionChecker/]: [forge] Received version check data:
{
  "homepage": "https://files.minecraftforge.net/net/minecraftforge/forge/",
  "promos": {
    "1.1-latest": "1.3.4.29",
    "1.2.3-latest": "1.4.1.64",
    "1.2.4-latest": "2.0.0.68",
    "1.2.5-latest": "3.4.9.171",
    "1.3.2-latest": "4.3.5.318",
    "1.4.0-latest": "5.0.0.326",
    "1.4.1-latest": "6.0.0.329",
    "1.4.2-latest": "6.0.1.355",
    "1.4.3-latest": "6.2.1.358",
    "1.4.4-latest": "6.3.0.378",
    "1.4.5-latest": "6.4.2.448",
    "1.4.6-latest": "6.5.0.489",
    "1.4.7-latest": "6.6.2.534",
    "1.5-latest": "7.7.0.598",
    "1.5.1-latest": "7.7.2.682",
    "1.5.2-latest": "7.8.1.738",
    "1.5.2-recommended": "7.8.1.738",
    "1.6.1-latest": "8.9.0.775",
    "1.6.2-latest": "9.10.1.871",
    "1.6.2-recommended": "9.10.1.871",
    "1.6.3-latest": "9.11.0.878",
    "1.6.4-latest": "9.11.1.1345",
    "1.6.4-recommended": "9.11.1.1345",
    "1.7.2-latest": "10.12.2.1161",
    "1.7.2-recommended": "10.12.2.1161",
    "1.7.10-latest": "10.13.4.1614",
    "1.7.10-recommended": "10.13.4.1614",
    "1.8-latest": "11.14.4.1577",
    "1.8-recommended": "11.14.4.1563",
    "1.8.8-latest": "11.15.0.1655",
    "1.8.9-latest": "11.15.1.2318",
    "1.8.9-recommended": "11.15.1.2318",
    "1.9-latest": "12.16.1.1938",
    "1.9-recommended": "12.16.1.1887",
    "1.9.4-latest": "12.17.0.2317",
    "1.9.4-recommended": "12.17.0.2317",
    "1.10-latest": "12.18.0.2000",
    "1.10.2-latest": "12.18.3.2511",
    "1.10.2-recommended": "12.18.3.2511",
    "1.11-latest": "13.19.1.2199",
    "1.11-recommended": "13.19.1.2189",
    "1.11.2-latest": "13.20.1.2588",
    "1.11.2-recommended": "13.20.1.2588",
    "1.12-latest": "14.21.1.2443",
    "1.12-recommended": "14.21.1.2387",
    "1.12.1-latest": "14.22.1.2485",
    "1.12.1-recommended": "14.22.1.2478",
    "1.12.2-latest": "14.23.5.2864",
    "1.12.2-recommended": "14.23.5.2859",
    "1.13.2-latest": "25.0.223",
    "1.14.2-latest": "26.0.63",
    "1.14.3-latest": "27.0.60",
    "1.14.4-latest": "28.2.30",
    "1.14.4-recommended": "28.2.26",
    "1.15-latest": "29.0.4",
    "1.15.1-latest": "30.0.51",
    "1.15.2-latest": "31.2.62",
    "1.15.2-recommended": "31.2.57",
    "1.16.1-latest": "32.0.108",
    "1.16.2-latest": "33.0.61",
    "1.16.3-latest": "34.1.42",
    "1.16.3-recommended": "34.1.0",
    "1.16.4-latest": "35.1.37",
    "1.16.4-recommended": "35.1.4",
    "1.16.5-latest": "36.2.42",
    "1.16.5-recommended": "36.2.34",
    "1.17.1-latest": "37.1.1",
    "1.17.1-recommended": "37.1.1",
    "1.18-latest": "38.0.17",
    "1.18.1-latest": "39.1.2",
    "1.18.1-recommended": "39.1.0",
    "1.18.2-recommended": "40.3.0",
    "1.18.2-latest": "40.3.12",
    "1.19-latest": "41.1.0",
    "1.19-recommended": "41.1.0",
    "1.19.1-latest": "42.0.9",
    "1.19.2-recommended": "43.5.0",
    "1.19.2-latest": "43.5.2",
    "1.19.3-latest": "44.1.23",
    "1.19.3-recommended": "44.1.0",
    "1.19.4-recommended": "45.4.0",
    "1.19.4-latest": "45.4.5",
    "1.20-latest": "46.0.14",
    "1.20.1-recommended": "47.4.10",
    "1.20.1-latest": "47.4.23",
    "1.20.2-latest": "48.1.0",
    "1.20.2-recommended": "48.1.0",
    "1.20.3-latest": "49.0.2",
    "1.20.4-latest": "49.2.8",
    "1.20.4-recommended": "49.2.0",
    "1.20.6-latest": "50.2.10",
    "1.20.6-recommended": "50.2.0",
    "1.21-latest": "51.0.33",
    "1.21.1-latest": "52.1.16",
    "1.21.1-recommended": "52.1.0",
    "1.21.3-latest": "53.1.12",
    "1.21.3-recommended": "53.1.0",
    "1.21.4-latest": "54.1.18",
    "1.21.4-recommended": "54.1.14",
    "1.21.5-latest": "55.1.14",
    "1.21.5-recommended": "55.1.0",
    "1.21.6-latest": "56.0.9",
    "1.21.7-latest": "57.0.3",
    "1.21.8-latest": "58.1.22",
    "1.21.8-recommended": "58.1.0",
    "1.21.9-latest": "59.0.5",
    "1.21.10-latest": "60.1.15",
    "1.21.10-recommended": "60.1.0",
    "1.21.11-latest": "61.2.1",
    "1.21.11-recommended": "61.2.0",
    "26.1-latest": "62.0.9",
    "26.1.1-latest": "63.0.2",
    "26.1.2-latest": "64.1.3",
    "26.1.2-recommended": "64.1.0",
    "26.2-latest": "65.1.3",
    "26.2-recommended": "65.1.0",
    "26.3-latest": "66.0.3"
  }
}
[24Sep2026 13:54:42.804] [Forge Version Check/INFO] [net.minecraftforge.fml.VersionChecker/]: [forge] Found status: OUTDATED Current: 47.4.13 Target: 47.4.23
[24Sep2026 13:54:43.938] [Worker-Main-3/WARN] [net.minecraft.client.resources.model.ModelManager/]: Missing textures in model aperture_innovations:portal_gun#inventory:
    minecraft:textures/atlas/blocks.png:minecraft:item/portal_gun
[24Sep2026 13:54:43.938] [Worker-Main-3/WARN] [net.minecraft.client.resources.model.ModelManager/]: Missing textures in model aperture_innovations:antline_checkmark#active=false,facing=up,normal=north:
    minecraft:textures/atlas/blocks.png:aperture_innovations:block/antline_relay_inactive
[24Sep2026 13:54:44.045] [Worker-Main-9/DEBUG] [mekanism.common.Mekanism/]: Received IMC message 'add_meka_tool_modules' from 'mekanism' for module 'mekanism:energy_unit'.
[24Sep2026 13:54:44.045] [Worker-Main-9/DEBUG] [mekanism.common.Mekanism/]: Received IMC message 'add_meka_tool_modules' from 'mekanism' for module 'mekanism:attack_amplification_unit'.
[24Sep2026 13:54:44.045] [Worker-Main-9/DEBUG] [mekanism.common.Mekanism/]: Received IMC message 'add_meka_tool_modules' from 'mekanism' for module 'mekanism:silk_touch_unit'.
[24Sep2026 13:54:44.045] [Worker-Main-9/DEBUG] [mekanism.common.Mekanism/]: Received IMC message 'add_meka_tool_modules' from 'mekanism' for module 'mekanism:fortune_unit'.
[24Sep2026 13:54:44.045] [Worker-Main-9/DEBUG] [mekanism.common.Mekanism/]: Received IMC message 'add_meka_tool_modules' from 'mekanism' for module 'mekanism:blasting_unit'.
[24Sep2026 13:54:44.046] [Worker-Main-9/DEBUG] [mekanism.common.Mekanism/]: Received IMC message 'add_meka_tool_modules' from 'mekanism' for module 'mekanism:vein_mining_unit'.
[24Sep2026 13:54:44.046] [Worker-Main-9/DEBUG] [mekanism.common.Mekanism/]: Received IMC message 'add_meka_tool_modules' from 'mekanism' for module 'mekanism:farming_unit'.
[24Sep2026 13:54:44.046] [Worker-Main-9/DEBUG] [mekanism.common.Mekanism/]: Received IMC message 'add_meka_tool_modules' from 'mekanism' for module 'mekanism:shearing_unit'.
[24Sep2026 13:54:44.046] [Worker-Main-9/DEBUG] [mekanism.common.Mekanism/]: Received IMC message 'add_meka_tool_modules' from 'mekanism' for module 'mekanism:teleportation_unit'.
[24Sep2026 13:54:44.046] [Worker-Main-9/DEBUG] [mekanism.common.Mekanism/]: Received IMC message 'add_meka_tool_modules' from 'mekanism' for module 'mekanism:excavation_escalation_unit'.
[24Sep2026 13:54:44.046] [Worker-Main-9/DEBUG] [mekanism.common.Mekanism/]: Received IMC message 'add_meka_suit_helmet_modules' from 'mekanism' for module 'mekanism:energy_unit'.
[24Sep2026 13:54:44.046] [Worker-Main-9/DEBUG] [mekanism.common.Mekanism/]: Received IMC message 'add_meka_suit_helmet_modules' from 'mekanism' for module 'mekanism:color_modulation_unit'.
[24Sep2026 13:54:44.046] [Worker-Main-9/DEBUG] [mekanism.common.Mekanism/]: Received IMC message 'add_meka_suit_helmet_modules' from 'mekanism' for module 'mekanism:laser_dissipation_unit'.
[24Sep2026 13:54:44.046] [Worker-Main-9/DEBUG] [mekanism.common.Mekanism/]: Received IMC message 'add_meka_suit_helmet_modules' from 'mekanism' for module 'mekanism:radiation_shielding_unit'.
[24Sep2026 13:54:44.046] [Worker-Main-9/DEBUG] [mekanism.common.Mekanism/]: Received IMC message 'add_meka_suit_helmet_modules' from 'mekanism' for module 'mekanism:electrolytic_breathing_unit'.
[24Sep2026 13:54:44.046] [Worker-Main-9/DEBUG] [mekanism.common.Mekanism/]: Received IMC message 'add_meka_suit_helmet_modules' from 'mekanism' for module 'mekanism:inhalation_purification_unit'.
[24Sep2026 13:54:44.046] [Worker-Main-9/DEBUG] [mekanism.common.Mekanism/]: Received IMC message 'add_meka_suit_helmet_modules' from 'mekanism' for module 'mekanism:vision_enhancement_unit'.
[24Sep2026 13:54:44.046] [Worker-Main-9/DEBUG] [mekanism.common.Mekanism/]: Received IMC message 'add_meka_suit_helmet_modules' from 'mekanism' for module 'mekanism:nutritional_injection_unit'.
[24Sep2026 13:54:44.046] [Worker-Main-9/DEBUG] [mekanism.common.Mekanism/]: Received IMC message 'add_meka_suit_bodyarmor_modules' from 'mekanism' for module 'mekanism:energy_unit'.
[24Sep2026 13:54:44.046] [Worker-Main-9/DEBUG] [mekanism.common.Mekanism/]: Received IMC message 'add_meka_suit_bodyarmor_modules' from 'mekanism' for module 'mekanism:color_modulation_unit'.
[24Sep2026 13:54:44.046] [Worker-Main-9/DEBUG] [mekanism.common.Mekanism/]: Received IMC message 'add_meka_suit_bodyarmor_modules' from 'mekanism' for module 'mekanism:laser_dissipation_unit'.
[24Sep2026 13:54:44.046] [Worker-Main-9/DEBUG] [mekanism.common.Mekanism/]: Received IMC message 'add_meka_suit_bodyarmor_modules' from 'mekanism' for module 'mekanism:radiation_shielding_unit'.
[24Sep2026 13:54:44.046] [Worker-Main-9/DEBUG] [mekanism.common.Mekanism/]: Received IMC message 'add_meka_suit_bodyarmor_modules' from 'mekanism' for module 'mekanism:jetpack_unit'.
[24Sep2026 13:54:44.046] [Worker-Main-9/DEBUG] [mekanism.common.Mekanism/]: Received IMC message 'add_meka_suit_bodyarmor_modules' from 'mekanism' for module 'mekanism:gravitational_modulating_unit'.
[24Sep2026 13:54:44.046] [Worker-Main-9/DEBUG] [mekanism.common.Mekanism/]: Received IMC message 'add_meka_suit_bodyarmor_modules' from 'mekanism' for module 'mekanism:charge_distribution_unit'.
[24Sep2026 13:54:44.046] [Worker-Main-9/DEBUG] [mekanism.common.Mekanism/]: Received IMC message 'add_meka_suit_bodyarmor_modules' from 'mekanism' for module 'mekanism:dosimeter_unit'.
[24Sep2026 13:54:44.046] [Worker-Main-9/DEBUG] [mekanism.common.Mekanism/]: Received IMC message 'add_meka_suit_bodyarmor_modules' from 'mekanism' for module 'mekanism:geiger_unit'.
[24Sep2026 13:54:44.046] [Worker-Main-9/DEBUG] [mekanism.common.Mekanism/]: Received IMC message 'add_meka_suit_bodyarmor_modules' from 'mekanism' for module 'mekanism:elytra_unit'.
[24Sep2026 13:54:44.046] [Worker-Main-9/DEBUG] [mekanism.common.Mekanism/]: Received IMC message 'add_meka_suit_pants_modules' from 'mekanism' for module 'mekanism:energy_unit'.
[24Sep2026 13:54:44.046] [Worker-Main-9/DEBUG] [mekanism.common.Mekanism/]: Received IMC message 'add_meka_suit_pants_modules' from 'mekanism' for module 'mekanism:color_modulation_unit'.
[24Sep2026 13:54:44.046] [Worker-Main-9/DEBUG] [mekanism.common.Mekanism/]: Received IMC message 'add_meka_suit_pants_modules' from 'mekanism' for module 'mekanism:laser_dissipation_unit'.
[24Sep2026 13:54:44.046] [Worker-Main-9/DEBUG] [mekanism.common.Mekanism/]: Received IMC message 'add_meka_suit_pants_modules' from 'mekanism' for module 'mekanism:radiation_shielding_unit'.
[24Sep2026 13:54:44.046] [Worker-Main-9/DEBUG] [mekanism.common.Mekanism/]: Received IMC message 'add_meka_suit_pants_modules' from 'mekanism' for module 'mekanism:locomotive_boosting_unit'.
[24Sep2026 13:54:44.047] [Worker-Main-9/DEBUG] [mekanism.common.Mekanism/]: Received IMC message 'add_meka_suit_pants_modules' from 'mekanism' for module 'mekanism:gyroscopic_stabilization_unit'.
[24Sep2026 13:54:44.047] [Worker-Main-9/DEBUG] [mekanism.common.Mekanism/]: Received IMC message 'add_meka_suit_pants_modules' from 'mekanism' for module 'mekanism:hydrostatic_repulsor_unit'.
[24Sep2026 13:54:44.047] [Worker-Main-9/DEBUG] [mekanism.common.Mekanism/]: Received IMC message 'add_meka_suit_pants_modules' from 'mekanism' for module 'mekanism:motorized_servo_unit'.
[24Sep2026 13:54:44.047] [Worker-Main-9/DEBUG] [mekanism.common.Mekanism/]: Received IMC message 'add_meka_suit_boots_modules' from 'mekanism' for module 'mekanism:energy_unit'.
[24Sep2026 13:54:44.047] [Worker-Main-9/DEBUG] [mekanism.common.Mekanism/]: Received IMC message 'add_meka_suit_boots_modules' from 'mekanism' for module 'mekanism:color_modulation_unit'.
[24Sep2026 13:54:44.047] [Worker-Main-9/DEBUG] [mekanism.common.Mekanism/]: Received IMC message 'add_meka_suit_boots_modules' from 'mekanism' for module 'mekanism:laser_dissipation_unit'.
[24Sep2026 13:54:44.047] [Worker-Main-9/DEBUG] [mekanism.common.Mekanism/]: Received IMC message 'add_meka_suit_boots_modules' from 'mekanism' for module 'mekanism:radiation_shielding_unit'.
[24Sep2026 13:54:44.047] [Worker-Main-9/DEBUG] [mekanism.common.Mekanism/]: Received IMC message 'add_meka_suit_boots_modules' from 'mekanism' for module 'mekanism:hydraulic_propulsion_unit'.
[24Sep2026 13:54:44.047] [Worker-Main-9/DEBUG] [mekanism.common.Mekanism/]: Received IMC message 'add_meka_suit_boots_modules' from 'mekanism' for module 'mekanism:magnetic_attraction_unit'.
[24Sep2026 13:54:44.047] [Worker-Main-9/DEBUG] [mekanism.common.Mekanism/]: Received IMC message 'add_meka_suit_boots_modules' from 'mekanism' for module 'mekanism:frost_walker_unit'.
[24Sep2026 13:54:44.111] [modloading-worker-0/DEBUG] [net.minecraftforge.registries.GameData/REGISTRIES]: Freezing registries
[24Sep2026 13:54:44.112] [modloading-worker-0/DEBUG] [net.minecraftforge.registries.ForgeRegistry/REGISTRIES]: Registry minecraft:block Sync: FROZEN -> ACTIVE
[24Sep2026 13:54:44.120] [modloading-worker-0/DEBUG] [net.minecraftforge.registries.ForgeRegistry/REGISTRIES]: Registry minecraft:fluid Sync: FROZEN -> ACTIVE
[24Sep2026 13:54:44.121] [modloading-worker-0/DEBUG] [net.minecraftforge.registries.ForgeRegistry/REGISTRIES]: Registry minecraft:item Sync: FROZEN -> ACTIVE
[24Sep2026 13:54:44.129] [modloading-worker-0/DEBUG] [net.minecraftforge.registries.ForgeRegistry/REGISTRIES]: Registry minecraft:mob_effect Sync: FROZEN -> ACTIVE
[24Sep2026 13:54:44.129] [modloading-worker-0/DEBUG] [net.minecraftforge.registries.ForgeRegistry/REGISTRIES]: Registry minecraft:sound_event Sync: FROZEN -> ACTIVE
[24Sep2026 13:54:44.135] [modloading-worker-0/DEBUG] [net.minecraftforge.registries.ForgeRegistry/REGISTRIES]: Registry minecraft:potion Sync: FROZEN -> ACTIVE
[24Sep2026 13:54:44.135] [modloading-worker-0/DEBUG] [net.minecraftforge.registries.ForgeRegistry/REGISTRIES]: Registry minecraft:enchantment Sync: FROZEN -> ACTIVE
[24Sep2026 13:54:44.135] [modloading-worker-0/DEBUG] [net.minecraftforge.registries.ForgeRegistry/REGISTRIES]: Registry minecraft:entity_type Sync: FROZEN -> ACTIVE
[24Sep2026 13:54:44.136] [modloading-worker-0/DEBUG] [net.minecraftforge.registries.ForgeRegistry/REGISTRIES]: Registry minecraft:block_entity_type Sync: FROZEN -> ACTIVE
[24Sep2026 13:54:44.137] [modloading-worker-0/DEBUG] [net.minecraftforge.registries.ForgeRegistry/REGISTRIES]: Registry minecraft:particle_type Sync: FROZEN -> ACTIVE
[24Sep2026 13:54:44.137] [modloading-worker-0/DEBUG] [net.minecraftforge.registries.ForgeRegistry/REGISTRIES]: Registry minecraft:menu Sync: FROZEN -> ACTIVE
[24Sep2026 13:54:44.137] [modloading-worker-0/DEBUG] [net.minecraftforge.registries.ForgeRegistry/REGISTRIES]: Registry minecraft:painting_variant Sync: FROZEN -> ACTIVE
[24Sep2026 13:54:44.137] [modloading-worker-0/DEBUG] [net.minecraftforge.registries.ForgeRegistry/REGISTRIES]: Registry minecraft:recipe_type Sync: FROZEN -> ACTIVE
[24Sep2026 13:54:44.138] [modloading-worker-0/DEBUG] [net.minecraftforge.registries.ForgeRegistry/REGISTRIES]: Registry minecraft:recipe_serializer Sync: FROZEN -> ACTIVE
[24Sep2026 13:54:44.138] [modloading-worker-0/DEBUG] [net.minecraftforge.registries.ForgeRegistry/REGISTRIES]: Registry minecraft:attribute Sync: FROZEN -> ACTIVE
[24Sep2026 13:54:44.138] [modloading-worker-0/DEBUG] [net.minecraftforge.registries.ForgeRegistry/REGISTRIES]: Registry minecraft:stat_type Sync: FROZEN -> ACTIVE
[24Sep2026 13:54:44.138] [modloading-worker-0/DEBUG] [net.minecraftforge.registries.ForgeRegistry/REGISTRIES]: Registry minecraft:command_argument_type Sync: FROZEN -> ACTIVE
[24Sep2026 13:54:44.139] [modloading-worker-0/DEBUG] [net.minecraftforge.registries.ForgeRegistry/REGISTRIES]: Registry minecraft:villager_profession Sync: FROZEN -> ACTIVE
[24Sep2026 13:54:44.139] [modloading-worker-0/DEBUG] [net.minecraftforge.registries.ForgeRegistry/REGISTRIES]: Registry minecraft:point_of_interest_type Sync: FROZEN -> ACTIVE
[24Sep2026 13:54:44.140] [modloading-worker-0/DEBUG] [net.minecraftforge.registries.ForgeRegistry/REGISTRIES]: Registry minecraft:memory_module_type Sync: FROZEN -> ACTIVE
[24Sep2026 13:54:44.142] [modloading-worker-0/DEBUG] [net.minecraftforge.registries.ForgeRegistry/REGISTRIES]: Registry minecraft:sensor_type Sync: FROZEN -> ACTIVE
[24Sep2026 13:54:44.143] [modloading-worker-0/DEBUG] [net.minecraftforge.registries.ForgeRegistry/REGISTRIES]: Registry minecraft:schedule Sync: FROZEN -> ACTIVE
[24Sep2026 13:54:44.143] [modloading-worker-0/DEBUG] [net.minecraftforge.registries.ForgeRegistry/REGISTRIES]: Registry minecraft:activity Sync: FROZEN -> ACTIVE
[24Sep2026 13:54:44.143] [modloading-worker-0/DEBUG] [net.minecraftforge.registries.ForgeRegistry/REGISTRIES]: Registry minecraft:worldgen/carver Sync: FROZEN -> ACTIVE
[24Sep2026 13:54:44.143] [modloading-worker-0/DEBUG] [net.minecraftforge.registries.ForgeRegistry/REGISTRIES]: Registry minecraft:worldgen/feature Sync: FROZEN -> ACTIVE
[24Sep2026 13:54:44.143] [modloading-worker-0/DEBUG] [net.minecraftforge.registries.ForgeRegistry/REGISTRIES]: Registry minecraft:chunk_status Sync: FROZEN -> ACTIVE
[24Sep2026 13:54:44.143] [modloading-worker-0/DEBUG] [net.minecraftforge.registries.ForgeRegistry/REGISTRIES]: Registry minecraft:worldgen/block_state_provider_type Sync: FROZEN -> ACTIVE
[24Sep2026 13:54:44.144] [modloading-worker-0/DEBUG] [net.minecraftforge.registries.ForgeRegistry/REGISTRIES]: Registry minecraft:worldgen/foliage_placer_type Sync: FROZEN -> ACTIVE
[24Sep2026 13:54:44.144] [modloading-worker-0/DEBUG] [net.minecraftforge.registries.ForgeRegistry/REGISTRIES]: Registry minecraft:worldgen/tree_decorator_type Sync: FROZEN -> ACTIVE
[24Sep2026 13:54:44.144] [modloading-worker-0/DEBUG] [net.minecraftforge.registries.ForgeRegistry/REGISTRIES]: Registry minecraft:worldgen/biome Sync: FROZEN -> ACTIVE
[24Sep2026 13:54:44.144] [modloading-worker-0/DEBUG] [net.minecraftforge.registries.ForgeRegistry/REGISTRIES]: Registry forge:entity_data_serializers Sync: FROZEN -> ACTIVE
[24Sep2026 13:54:44.144] [modloading-worker-0/DEBUG] [net.minecraftforge.registries.ForgeRegistry/REGISTRIES]: Registry forge:global_loot_modifier_serializers Sync: FROZEN -> ACTIVE
[24Sep2026 13:54:44.144] [modloading-worker-0/DEBUG] [net.minecraftforge.registries.ForgeRegistry/REGISTRIES]: Registry forge:biome_modifier_serializers Sync: FROZEN -> ACTIVE
[24Sep2026 13:54:44.145] [modloading-worker-0/DEBUG] [net.minecraftforge.registries.ForgeRegistry/REGISTRIES]: Registry forge:fluid_type Sync: FROZEN -> ACTIVE
[24Sep2026 13:54:44.145] [modloading-worker-0/DEBUG] [net.minecraftforge.registries.ForgeRegistry/REGISTRIES]: Registry forge:structure_modifier_serializers Sync: FROZEN -> ACTIVE
[24Sep2026 13:54:44.145] [modloading-worker-0/DEBUG] [net.minecraftforge.registries.ForgeRegistry/REGISTRIES]: Registry forge:holder_set_type Sync: FROZEN -> ACTIVE
[24Sep2026 13:54:44.145] [modloading-worker-0/DEBUG] [net.minecraftforge.registries.ForgeRegistry/REGISTRIES]: Registry forge:display_contexts Sync: FROZEN -> ACTIVE
[24Sep2026 13:54:44.145] [modloading-worker-0/DEBUG] [net.minecraftforge.registries.ForgeRegistry/REGISTRIES]: Registry mekanism:gas Sync: FROZEN -> ACTIVE
[24Sep2026 13:54:44.145] [modloading-worker-0/DEBUG] [net.minecraftforge.registries.ForgeRegistry/REGISTRIES]: Registry mekanism:infuse_type Sync: FROZEN -> ACTIVE
[24Sep2026 13:54:44.145] [modloading-worker-0/DEBUG] [net.minecraftforge.registries.ForgeRegistry/REGISTRIES]: Registry mekanism:pigment Sync: FROZEN -> ACTIVE
[24Sep2026 13:54:44.145] [modloading-worker-0/DEBUG] [net.minecraftforge.registries.ForgeRegistry/REGISTRIES]: Registry mekanism:slurry Sync: FROZEN -> ACTIVE
[24Sep2026 13:54:44.146] [modloading-worker-0/DEBUG] [net.minecraftforge.registries.ForgeRegistry/REGISTRIES]: Registry mekanism:robit_skin_serializer Sync: FROZEN -> ACTIVE
[24Sep2026 13:54:44.147] [modloading-worker-0/DEBUG] [net.minecraftforge.registries.ForgeRegistry/REGISTRIES]: Registry mekanism:module Sync: FROZEN -> ACTIVE
[24Sep2026 13:54:44.875] [modloading-worker-0/DEBUG] [net.minecraftforge.registries.GameData/REGISTRIES]: All registries frozen
[24Sep2026 13:54:44.902] [Render thread/DEBUG] [net.minecraftforge.common.ForgeI18n/CORE]: Loading I18N data entries: 8333
[24Sep2026 13:54:44.923] [Render thread/WARN] [net.minecraft.client.sounds.SoundEngine/]: Missing sound for event: minecraft:item.goat_horn.play
[24Sep2026 13:54:44.923] [Render thread/WARN] [net.minecraft.client.sounds.SoundEngine/]: Missing sound for event: minecraft:entity.goat.screaming.horn_break
[24Sep2026 13:54:44.961] [Render thread/INFO] [com.mojang.blaze3d.audio.Library/]: OpenAL initialized on device OpenAL Soft on Speakers (2- Dell AC511 USB SoundBar)
[24Sep2026 13:54:44.963] [Render thread/INFO] [net.minecraft.client.sounds.SoundEngine/SOUNDS]: Sound engine started
[24Sep2026 13:54:45.050] [Render thread/INFO] [net.minecraft.client.renderer.texture.TextureAtlas/]: Created: 2048x1024x4 minecraft:textures/atlas/blocks.png-atlas
[24Sep2026 13:54:45.067] [Render thread/INFO] [net.minecraft.client.renderer.texture.TextureAtlas/]: Created: 256x256x4 minecraft:textures/atlas/signs.png-atlas
[24Sep2026 13:54:45.068] [Render thread/INFO] [net.minecraft.client.renderer.texture.TextureAtlas/]: Created: 512x512x4 minecraft:textures/atlas/banner_patterns.png-atlas
[24Sep2026 13:54:45.068] [Render thread/INFO] [net.minecraft.client.renderer.texture.TextureAtlas/]: Created: 512x512x4 minecraft:textures/atlas/shield_patterns.png-atlas
[24Sep2026 13:54:45.068] [Render thread/INFO] [net.minecraft.client.renderer.texture.TextureAtlas/]: Created: 1024x1024x4 minecraft:textures/atlas/armor_trims.png-atlas
[24Sep2026 13:54:45.070] [Render thread/INFO] [net.minecraft.client.renderer.texture.TextureAtlas/]: Created: 256x256x4 minecraft:textures/atlas/chest.png-atlas
[24Sep2026 13:54:45.072] [Render thread/INFO] [net.minecraft.client.renderer.texture.TextureAtlas/]: Created: 128x64x4 minecraft:textures/atlas/decorated_pot.png-atlas
[24Sep2026 13:54:45.072] [Render thread/INFO] [net.minecraft.client.renderer.texture.TextureAtlas/]: Created: 512x256x4 minecraft:textures/atlas/beds.png-atlas
[24Sep2026 13:54:45.072] [Render thread/INFO] [net.minecraft.client.renderer.texture.TextureAtlas/]: Created: 512x256x4 minecraft:textures/atlas/shulker_boxes.png-atlas
[24Sep2026 13:54:45.216] [Render thread/DEBUG] [mekanism.common.Mekanism/]: Added Mekanism Armor Layer to entity of type: minecraft:player
[24Sep2026 13:54:45.216] [Render thread/DEBUG] [mekanism.common.Mekanism/]: Added Mekanism Elytra Layer to entity of type: minecraft:player
[24Sep2026 13:54:45.216] [Render thread/DEBUG] [mekanism.common.Mekanism/]: Added Mekanism Armor Layer to entity of type: minecraft:player
[24Sep2026 13:54:45.216] [Render thread/DEBUG] [mekanism.common.Mekanism/]: Added Mekanism Elytra Layer to entity of type: minecraft:player
[24Sep2026 13:54:45.216] [Render thread/DEBUG] [mekanism.common.Mekanism/]: Added Mekanism Armor Layer to entity of type: minecraft:zombie_villager
[24Sep2026 13:54:45.218] [Render thread/DEBUG] [mekanism.common.Mekanism/]: Added Mekanism Elytra Layer to entity of type: minecraft:zombie_villager
[24Sep2026 13:54:45.218] [Render thread/DEBUG] [mekanism.common.Mekanism/]: Added Mekanism Armor Layer to entity of type: minecraft:zombie
[24Sep2026 13:54:45.218] [Render thread/DEBUG] [mekanism.common.Mekanism/]: Added Mekanism Elytra Layer to entity of type: minecraft:zombie
[24Sep2026 13:54:45.218] [Render thread/DEBUG] [mekanism.common.Mekanism/]: Added Mekanism Armor Layer to entity of type: minecraft:armor_stand
[24Sep2026 13:54:45.218] [Render thread/DEBUG] [mekanism.common.Mekanism/]: Added Mekanism Elytra Layer to entity of type: minecraft:armor_stand
[24Sep2026 13:54:45.218] [Render thread/DEBUG] [mekanism.common.Mekanism/]: Added Mekanism Armor Layer to entity of type: minecraft:piglin_brute
[24Sep2026 13:54:45.218] [Render thread/DEBUG] [mekanism.common.Mekanism/]: Added Mekanism Elytra Layer to entity of type: minecraft:piglin_brute
[24Sep2026 13:54:45.218] [Render thread/DEBUG] [mekanism.common.Mekanism/]: Added Mekanism Armor Layer to entity of type: minecraft:wither_skeleton
[24Sep2026 13:54:45.218] [Render thread/DEBUG] [mekanism.common.Mekanism/]: Added Mekanism Elytra Layer to entity of type: minecraft:wither_skeleton
[24Sep2026 13:54:45.218] [Render thread/DEBUG] [mekanism.common.Mekanism/]: Added Mekanism Armor Layer to entity of type: minecraft:husk
[24Sep2026 13:54:45.218] [Render thread/DEBUG] [mekanism.common.Mekanism/]: Added Mekanism Elytra Layer to entity of type: minecraft:husk
[24Sep2026 13:54:45.218] [Render thread/DEBUG] [mekanism.common.Mekanism/]: Added Mekanism Armor Layer to entity of type: minecraft:piglin
[24Sep2026 13:54:45.218] [Render thread/DEBUG] [mekanism.common.Mekanism/]: Added Mekanism Elytra Layer to entity of type: minecraft:piglin
[24Sep2026 13:54:45.218] [Render thread/DEBUG] [mekanism.common.Mekanism/]: Added Mekanism Armor Layer to entity of type: minecraft:stray
[24Sep2026 13:54:45.218] [Render thread/DEBUG] [mekanism.common.Mekanism/]: Added Mekanism Elytra Layer to entity of type: minecraft:stray
[24Sep2026 13:54:45.218] [Render thread/DEBUG] [mekanism.common.Mekanism/]: Added Mekanism Armor Layer to entity of type: minecraft:zombified_piglin
[24Sep2026 13:54:45.218] [Render thread/DEBUG] [mekanism.common.Mekanism/]: Added Mekanism Elytra Layer to entity of type: minecraft:zombified_piglin
[24Sep2026 13:54:45.218] [Render thread/DEBUG] [mekanism.common.Mekanism/]: Added Mekanism Armor Layer to entity of type: minecraft:skeleton
[24Sep2026 13:54:45.218] [Render thread/DEBUG] [mekanism.common.Mekanism/]: Added Mekanism Elytra Layer to entity of type: minecraft:skeleton
[24Sep2026 13:54:45.218] [Render thread/DEBUG] [mekanism.common.Mekanism/]: Added Mekanism Armor Layer to entity of type: minecraft:giant
[24Sep2026 13:54:45.218] [Render thread/DEBUG] [mekanism.common.Mekanism/]: Added Mekanism Armor Layer to entity of type: minecraft:drowned
[24Sep2026 13:54:45.218] [Render thread/DEBUG] [mekanism.common.Mekanism/]: Added Mekanism Elytra Layer to entity of type: minecraft:drowned
[24Sep2026 13:54:45.247] [Render thread/WARN] [net.minecraft.client.renderer.ShaderInstance/]: Shader rendertype_entity_translucent_emissive could not find sampler named Sampler2 in the specified shader program.
[24Sep2026 13:54:45.306] [Render thread/INFO] [net.minecraft.client.renderer.texture.TextureAtlas/]: Created: 256x256x0 minecraft:textures/atlas/particles.png-atlas
[24Sep2026 13:54:45.307] [Render thread/INFO] [net.minecraft.client.renderer.texture.TextureAtlas/]: Created: 256x256x0 minecraft:textures/atlas/paintings.png-atlas
[24Sep2026 13:54:45.308] [Render thread/INFO] [net.minecraft.client.renderer.texture.TextureAtlas/]: Created: 128x128x0 minecraft:textures/atlas/mob_effects.png-atlas
[24Sep2026 13:54:45.318] [Render thread/INFO] [net.minecraft.client.renderer.texture.TextureAtlas/]: Created: 256x256x0 jei:textures/atlas/gui.png-atlas
[24Sep2026 13:54:45.319] [Render thread/INFO] [net.minecraft.client.renderer.texture.TextureAtlas/]: Created: 512x256x0 mekanism:textures/atlas/robit.png-atlas
[24Sep2026 13:54:45.740] [Realms Notification Availability checker #1/INFO] [com.mojang.realmsclient.client.RealmsClient/]: Could not authorize you against Realms server: java.lang.RuntimeException: Failed to parse into SignedJWT: 0
[24Sep2026 13:54:48.679] [Render thread/INFO] [net.minecraftforge.registries.GameData/REGISTRIES]: Injecting existing registry data into this CLIENT instance
[24Sep2026 13:54:48.691] [Render thread/DEBUG] [net.minecraftforge.registries.ForgeRegistry/REGISTRIES]: Registry minecraft:entity_type: Fixed minecraft:entity_type id mismatch aperture_innovations:different_turret: 135 (init) -> 138 (map).
[24Sep2026 13:54:48.692] [Render thread/DEBUG] [net.minecraftforge.registries.ForgeRegistry/REGISTRIES]: Registry minecraft:entity_type: Fixed minecraft:entity_type id mismatch aperture_innovations:weighted_companion_cube: 136 (init) -> 135 (map).
[24Sep2026 13:54:48.692] [Render thread/DEBUG] [net.minecraftforge.registries.ForgeRegistry/REGISTRIES]: Registry minecraft:entity_type: Fixed minecraft:entity_type id mismatch mekanism:flame: 137 (init) -> 136 (map).
[24Sep2026 13:54:48.692] [Render thread/DEBUG] [net.minecraftforge.registries.ForgeRegistry/REGISTRIES]: Registry minecraft:entity_type: Fixed minecraft:entity_type id mismatch mekanism:robit: 138 (init) -> 137 (map).
[24Sep2026 13:54:48.692] [Render thread/DEBUG] [net.minecraftforge.registries.ForgeRegistry/REGISTRIES]: Registry minecraft:item: Fixed minecraft:item id mismatch aperture_innovations:antline: 1287 (init) -> 1286 (map).
[24Sep2026 13:54:48.693] [Render thread/DEBUG] [net.minecraftforge.registries.ForgeRegistry/REGISTRIES]: Registry minecraft:item: Fixed minecraft:item id mismatch aperture_innovations:antline_checkmark: 1288 (init) -> 1287 (map).
[24Sep2026 13:54:48.693] [Render thread/DEBUG] [net.minecraftforge.registries.ForgeRegistry/REGISTRIES]: Registry minecraft:item: Fixed minecraft:item id mismatch aperture_innovations:antline_timer: 1289 (init) -> 1288 (map).
[24Sep2026 13:54:48.693] [Render thread/DEBUG] [net.minecraftforge.registries.ForgeRegistry/REGISTRIES]: Registry minecraft:item: Fixed minecraft:item id mismatch aperture_innovations:concrete_surface_1x2_block: 1286 (init) -> 1285 (map).
[24Sep2026 13:54:48.693] [Render thread/DEBUG] [net.minecraftforge.registries.ForgeRegistry/REGISTRIES]: Registry minecraft:item: Fixed minecraft:item id mismatch aperture_innovations:concrete_surface_block: 1284 (init) -> 1283 (map).
[24Sep2026 13:54:48.693] [Render thread/DEBUG] [net.minecraftforge.registries.ForgeRegistry/REGISTRIES]: Registry minecraft:item: Fixed minecraft:item id mismatch aperture_innovations:concrete_surface_tile_block: 1285 (init) -> 1284 (map).
[24Sep2026 13:54:48.693] [Render thread/DEBUG] [net.minecraftforge.registries.ForgeRegistry/REGISTRIES]: Registry minecraft:item: Fixed minecraft:item id mismatch aperture_innovations:different_turret_spawn_egg: 1280 (init) -> 1670 (map).
[24Sep2026 13:54:48.693] [Render thread/DEBUG] [net.minecraftforge.registries.ForgeRegistry/REGISTRIES]: Registry minecraft:item: Fixed minecraft:item id mismatch aperture_innovations:large_button: 1291 (init) -> 1290 (map).
[24Sep2026 13:54:48.693] [Render thread/DEBUG] [net.minecraftforge.registries.ForgeRegistry/REGISTRIES]: Registry minecraft:item: Fixed minecraft:item id mismatch aperture_innovations:metal_surface_1x2_block: 1283 (init) -> 1282 (map).
[24Sep2026 13:54:48.693] [Render thread/DEBUG] [net.minecraftforge.registries.ForgeRegistry/REGISTRIES]: Registry minecraft:item: Fixed minecraft:item id mismatch aperture_innovations:metal_surface_block: 1281 (init) -> 1280 (map).
[24Sep2026 13:54:48.693] [Render thread/DEBUG] [net.minecraftforge.registries.ForgeRegistry/REGISTRIES]: Registry minecraft:item: Fixed minecraft:item id mismatch aperture_innovations:metal_surface_tile_block: 1282 (init) -> 1281 (map).
[24Sep2026 13:54:48.693] [Render thread/DEBUG] [net.minecraftforge.registries.ForgeRegistry/REGISTRIES]: Registry minecraft:item: Fixed minecraft:item id mismatch aperture_innovations:pedestal_button: 1290 (init) -> 1289 (map).
[24Sep2026 13:54:48.693] [Render thread/DEBUG] [net.minecraftforge.registries.ForgeRegistry/REGISTRIES]: Registry minecraft:item: Fixed minecraft:item id mismatch mekanism:advanced_bin: 1533 (init) -> 1532 (map).
[24Sep2026 13:54:48.693] [Render thread/DEBUG] [net.minecraftforge.registries.ForgeRegistry/REGISTRIES]: Registry minecraft:item: Fixed minecraft:item id mismatch mekanism:advanced_chemical_tank: 1647 (init) -> 1646 (map).
[24Sep2026 13:54:48.693] [Render thread/DEBUG] [net.minecraftforge.registries.ForgeRegistry/REGISTRIES]: Registry minecraft:item: Fixed minecraft:item id mismatch mekanism:advanced_combining_factory: 1485 (init) -> 1484 (map).
[24Sep2026 13:54:48.693] [Render thread/DEBUG] [net.minecraftforge.registries.ForgeRegistry/REGISTRIES]: Registry minecraft:item: Fixed minecraft:item id mismatch mekanism:advanced_compressing_factory: 1484 (init) -> 1483 (map).
[24Sep2026 13:54:48.693] [Render thread/DEBUG] [net.minecraftforge.registries.ForgeRegistry/REGISTRIES]: Registry minecraft:item: Fixed minecraft:item id mismatch mekanism:advanced_control_circuit: 1372 (init) -> 1371 (map).
[24Sep2026 13:54:48.693] [Render thread/DEBUG] [net.minecraftforge.registries.ForgeRegistry/REGISTRIES]: Registry minecraft:item: Fixed minecraft:item id mismatch mekanism:advanced_crushing_factory: 1483 (init) -> 1482 (map).
[24Sep2026 13:54:48.693] [Render thread/DEBUG] [net.minecraftforge.registries.ForgeRegistry/REGISTRIES]: Registry minecraft:item: Fixed minecraft:item id mismatch mekanism:advanced_energy_cube: 1619 (init) -> 1618 (map).
[24Sep2026 13:54:48.693] [Render thread/DEBUG] [net.minecraftforge.registries.ForgeRegistry/REGISTRIES]: Registry minecraft:item: Fixed minecraft:item id mismatch mekanism:advanced_enriching_factory: 1482 (init) -> 1481 (map).
[24Sep2026 13:54:48.693] [Render thread/DEBUG] [net.minecraftforge.registries.ForgeRegistry/REGISTRIES]: Registry minecraft:item: Fixed minecraft:item id mismatch mekanism:advanced_fluid_tank: 1590 (init) -> 1589 (map).
[24Sep2026 13:54:48.693] [Render thread/DEBUG] [net.minecraftforge.registries.ForgeRegistry/REGISTRIES]: Registry minecraft:item: Fixed minecraft:item id mismatch mekanism:advanced_induction_cell: 1548 (init) -> 1547 (map).
[24Sep2026 13:54:48.693] [Render thread/DEBUG] [net.minecraftforge.registries.ForgeRegistry/REGISTRIES]: Registry minecraft:item: Fixed minecraft:item id mismatch mekanism:advanced_induction_provider: 1552 (init) -> 1551 (map).
[24Sep2026 13:54:48.693] [Render thread/DEBUG] [net.minecraftforge.registries.ForgeRegistry/REGISTRIES]: Registry minecraft:item: Fixed minecraft:item id mismatch mekanism:advanced_infusing_factory: 1488 (init) -> 1487 (map).
[24Sep2026 13:54:48.693] [Render thread/DEBUG] [net.minecraftforge.registries.ForgeRegistry/REGISTRIES]: Registry minecraft:item: Fixed minecraft:item id mismatch mekanism:advanced_injecting_factory: 1487 (init) -> 1486 (map).
[24Sep2026 13:54:48.693] [Render thread/DEBUG] [net.minecraftforge.registries.ForgeRegistry/REGISTRIES]: Registry minecraft:item: Fixed minecraft:item id mismatch mekanism:advanced_logistical_transporter: 1636 (init) -> 1635 (map).
[24Sep2026 13:54:48.693] [Render thread/DEBUG] [net.minecraftforge.registries.ForgeRegistry/REGISTRIES]: Registry minecraft:item: Fixed minecraft:item id mismatch mekanism:advanced_mechanical_pipe: 1628 (init) -> 1627 (map).
[24Sep2026 13:54:48.693] [Render thread/DEBUG] [net.minecraftforge.registries.ForgeRegistry/REGISTRIES]: Registry minecraft:item: Fixed minecraft:item id mismatch mekanism:advanced_pressurized_tube: 1632 (init) -> 1631 (map).
[24Sep2026 13:54:48.693] [Render thread/DEBUG] [net.minecraftforge.registries.ForgeRegistry/REGISTRIES]: Registry minecraft:item: Fixed minecraft:item id mismatch mekanism:advanced_purifying_factory: 1486 (init) -> 1485 (map).
[24Sep2026 13:54:48.693] [Render thread/DEBUG] [net.minecraftforge.registries.ForgeRegistry/REGISTRIES]: Registry minecraft:item: Fixed minecraft:item id mismatch mekanism:advanced_sawing_factory: 1489 (init) -> 1488 (map).
[24Sep2026 13:54:48.693] [Render thread/DEBUG] [net.minecraftforge.registries.ForgeRegistry/REGISTRIES]: Registry minecraft:item: Fixed minecraft:item id mismatch mekanism:advanced_smelting_factory: 1481 (init) -> 1480 (map).
[24Sep2026 13:54:48.693] [Render thread/DEBUG] [net.minecraftforge.registries.ForgeRegistry/REGISTRIES]: Registry minecraft:item: Fixed minecraft:item id mismatch mekanism:advanced_thermodynamic_conductor: 1642 (init) -> 1641 (map).
[24Sep2026 13:54:48.693] [Render thread/DEBUG] [net.minecraftforge.registries.ForgeRegistry/REGISTRIES]: Registry minecraft:item: Fixed minecraft:item id mismatch mekanism:advanced_tier_installer: 1368 (init) -> 1367 (map).
[24Sep2026 13:54:48.693] [Render thread/DEBUG] [net.minecraftforge.registries.ForgeRegistry/REGISTRIES]: Registry minecraft:item: Fixed minecraft:item id mismatch mekanism:advanced_universal_cable: 1624 (init) -> 1623 (map).
[24Sep2026 13:54:48.693] [Render thread/DEBUG] [net.minecraftforge.registries.ForgeRegistry/REGISTRIES]: Registry minecraft:item: Fixed minecraft:item id mismatch mekanism:alloy_atomic: 1377 (init) -> 1376 (map).
[24Sep2026 13:54:48.693] [Render thread/DEBUG] [net.minecraftforge.registries.ForgeRegistry/REGISTRIES]: Registry minecraft:item: Fixed minecraft:item id mismatch mekanism:alloy_infused: 1375 (init) -> 1374 (map).
[24Sep2026 13:54:48.693] [Render thread/DEBUG] [net.minecraftforge.registries.ForgeRegistry/REGISTRIES]: Registry minecraft:item: Fixed minecraft:item id mismatch mekanism:alloy_reinforced: 1376 (init) -> 1375 (map).
[24Sep2026 13:54:48.693] [Render thread/DEBUG] [net.minecraftforge.registries.ForgeRegistry/REGISTRIES]: Registry minecraft:item: Fixed minecraft:item id mismatch mekanism:antiprotonic_nucleosynthesizer: 1605 (init) -> 1604 (map).
[24Sep2026 13:54:48.693] [Render thread/DEBUG] [net.minecraftforge.registries.ForgeRegistry/REGISTRIES]: Registry minecraft:item: Fixed minecraft:item id mismatch mekanism:atomic_disassembler: 1310 (init) -> 1309 (map).
[24Sep2026 13:54:48.693] [Render thread/DEBUG] [net.minecraftforge.registries.ForgeRegistry/REGISTRIES]: Registry minecraft:item: Fixed minecraft:item id mismatch mekanism:basic_bin: 1532 (init) -> 1531 (map).
[24Sep2026 13:54:48.693] [Render thread/DEBUG] [net.minecraftforge.registries.ForgeRegistry/REGISTRIES]: Registry minecraft:item: Fixed minecraft:item id mismatch mekanism:basic_chemical_tank: 1646 (init) -> 1645 (map).
[24Sep2026 13:54:48.693] [Render thread/DEBUG] [net.minecraftforge.registries.ForgeRegistry/REGISTRIES]: Registry minecraft:item: Fixed minecraft:item id mismatch mekanism:basic_combining_factory: 1476 (init) -> 1475 (map).
[24Sep2026 13:54:48.693] [Render thread/DEBUG] [net.minecraftforge.registries.ForgeRegistry/REGISTRIES]: Registry minecraft:item: Fixed minecraft:item id mismatch mekanism:basic_compressing_factory: 1475 (init) -> 1474 (map).
[24Sep2026 13:54:48.695] [Render thread/DEBUG] [net.minecraftforge.registries.ForgeRegistry/REGISTRIES]: Registry minecraft:item: Fixed minecraft:item id mismatch mekanism:basic_control_circuit: 1371 (init) -> 1370 (map).
[24Sep2026 13:54:48.695] [Render thread/DEBUG] [net.minecraftforge.registries.ForgeRegistry/REGISTRIES]: Registry minecraft:item: Fixed minecraft:item id mismatch mekanism:basic_crushing_factory: 1474 (init) -> 1473 (map).
[24Sep2026 13:54:48.695] [Render thread/DEBUG] [net.minecraftforge.registries.ForgeRegistry/REGISTRIES]: Registry minecraft:item: Fixed minecraft:item id mismatch mekanism:basic_energy_cube: 1618 (init) -> 1617 (map).
[24Sep2026 13:54:48.695] [Render thread/DEBUG] [net.minecraftforge.registries.ForgeRegistry/REGISTRIES]: Registry minecraft:item: Fixed minecraft:item id mismatch mekanism:basic_enriching_factory: 1473 (init) -> 1472 (map).
[24Sep2026 13:54:48.695] [Render thread/DEBUG] [net.minecraftforge.registries.ForgeRegistry/REGISTRIES]: Registry minecraft:item: Fixed minecraft:item id mismatch mekanism:basic_fluid_tank: 1589 (init) -> 1588 (map).
[24Sep2026 13:54:48.695] [Render thread/DEBUG] [net.minecraftforge.registries.ForgeRegistry/REGISTRIES]: Registry minecraft:item: Fixed minecraft:item id mismatch mekanism:basic_induction_cell: 1547 (init) -> 1546 (map).
[24Sep2026 13:54:48.695] [Render thread/DEBUG] [net.minecraftforge.registries.ForgeRegistry/REGISTRIES]: Registry minecraft:item: Fixed minecraft:item id mismatch mekanism:basic_induction_provider: 1551 (init) -> 1550 (map).
[24Sep2026 13:54:48.695] [Render thread/DEBUG] [net.minecraftforge.registries.ForgeRegistry/REGISTRIES]: Registry minecraft:item: Fixed minecraft:item id mismatch mekanism:basic_infusing_factory: 1479 (init) -> 1478 (map).
[24Sep2026 13:54:48.695] [Render thread/DEBUG] [net.minecraftforge.registries.ForgeRegistry/REGISTRIES]: Registry minecraft:item: Fixed minecraft:item id mismatch mekanism:basic_injecting_factory: 1478 (init) -> 1477 (map).
[24Sep2026 13:54:48.695] [Render thread/DEBUG] [net.minecraftforge.registries.ForgeRegistry/REGISTRIES]: Registry minecraft:item: Fixed minecraft:item id mismatch mekanism:basic_logistical_transporter: 1635 (init) -> 1634 (map).
[24Sep2026 13:54:48.695] [Render thread/DEBUG] [net.minecraftforge.registries.ForgeRegistry/REGISTRIES]: Registry minecraft:item: Fixed minecraft:item id mismatch mekanism:basic_mechanical_pipe: 1627 (init) -> 1626 (map).
[24Sep2026 13:54:48.695] [Render thread/DEBUG] [net.minecraftforge.registries.ForgeRegistry/REGISTRIES]: Registry minecraft:item: Fixed minecraft:item id mismatch mekanism:basic_pressurized_tube: 1631 (init) -> 1630 (map).
[24Sep2026 13:54:48.695] [Render thread/DEBUG] [net.minecraftforge.registries.ForgeRegistry/REGISTRIES]: Registry minecraft:item: Fixed minecraft:item id mismatch mekanism:basic_purifying_factory: 1477 (init) -> 1476 (map).
[24Sep2026 13:54:48.695] [Render thread/DEBUG] [net.minecraftforge.registries.ForgeRegistry/REGISTRIES]: Registry minecraft:item: Fixed minecraft:item id mismatch mekanism:basic_sawing_factory: 1480 (init) -> 1479 (map).
[24Sep2026 13:54:48.695] [Render thread/DEBUG] [net.minecraftforge.registries.ForgeRegistry/REGISTRIES]: Registry minecraft:item: Fixed minecraft:item id mismatch mekanism:basic_smelting_factory: 1472 (init) -> 1471 (map).
[24Sep2026 13:54:48.695] [Render thread/DEBUG] [net.minecraftforge.registries.ForgeRegistry/REGISTRIES]: Registry minecraft:item: Fixed minecraft:item id mismatch mekanism:basic_thermodynamic_conductor: 1641 (init) -> 1640 (map).
[24Sep2026 13:54:48.695] [Render thread/DEBUG] [net.minecraftforge.registries.ForgeRegistry/REGISTRIES]: Registry minecraft:item: Fixed minecraft:item id mismatch mekanism:basic_tier_installer: 1367 (init) -> 1366 (map).
[24Sep2026 13:54:48.695] [Render thread/DEBUG] [net.minecraftforge.registries.ForgeRegistry/REGISTRIES]: Registry minecraft:item: Fixed minecraft:item id mismatch mekanism:basic_universal_cable: 1623 (init) -> 1622 (map).
[24Sep2026 13:54:48.695] [Render thread/DEBUG] [net.minecraftforge.registries.ForgeRegistry/REGISTRIES]: Registry minecraft:item: Fixed minecraft:item id mismatch mekanism:bio_fuel: 1398 (init) -> 1397 (map).
[24Sep2026 13:54:48.695] [Render thread/DEBUG] [net.minecraftforge.registries.ForgeRegistry/REGISTRIES]: Registry minecraft:item: Fixed minecraft:item id mismatch mekanism:block_bronze: 1526 (init) -> 1525 (map).
[24Sep2026 13:54:48.695] [Render thread/DEBUG] [net.minecraftforge.registries.ForgeRegistry/REGISTRIES]: Registry minecraft:item: Fixed minecraft:item id mismatch mekanism:block_charcoal: 1528 (init) -> 1527 (map).
[24Sep2026 13:54:48.695] [Render thread/DEBUG] [net.minecraftforge.registries.ForgeRegistry/REGISTRIES]: Registry minecraft:item: Fixed minecraft:item id mismatch mekanism:block_fluorite: 1531 (init) -> 1530 (map).
[24Sep2026 13:54:48.695] [Render thread/DEBUG] [net.minecraftforge.registries.ForgeRegistry/REGISTRIES]: Registry minecraft:item: Fixed minecraft:item id mismatch mekanism:block_lead: 1512 (init) -> 1511 (map).
[24Sep2026 13:54:48.695] [Render thread/DEBUG] [net.minecraftforge.registries.ForgeRegistry/REGISTRIES]: Registry minecraft:item: Fixed minecraft:item id mismatch mekanism:block_osmium: 1508 (init) -> 1507 (map).
[24Sep2026 13:54:48.695] [Render thread/DEBUG] [net.minecraftforge.registries.ForgeRegistry/REGISTRIES]: Registry minecraft:item: Fixed minecraft:item id mismatch mekanism:block_raw_lead: 1513 (init) -> 1512 (map).
[24Sep2026 13:54:48.695] [Render thread/DEBUG] [net.minecraftforge.registries.ForgeRegistry/REGISTRIES]: Registry minecraft:item: Fixed minecraft:item id mismatch mekanism:block_raw_osmium: 1509 (init) -> 1508 (map).
[24Sep2026 13:54:48.695] [Render thread/DEBUG] [net.minecraftforge.registries.ForgeRegistry/REGISTRIES]: Registry minecraft:item: Fixed minecraft:item id mismatch mekanism:block_raw_tin: 1511 (init) -> 1510 (map).
[24Sep2026 13:54:48.695] [Render thread/DEBUG] [net.minecraftforge.registries.ForgeRegistry/REGISTRIES]: Registry minecraft:item: Fixed minecraft:item id mismatch mekanism:block_raw_uranium: 1515 (init) -> 1514 (map).
[24Sep2026 13:54:48.695] [Render thread/DEBUG] [net.minecraftforge.registries.ForgeRegistry/REGISTRIES]: Registry minecraft:item: Fixed minecraft:item id mismatch mekanism:block_refined_glowstone: 1529 (init) -> 1528 (map).
[24Sep2026 13:54:48.695] [Render thread/DEBUG] [net.minecraftforge.registries.ForgeRegistry/REGISTRIES]: Registry minecraft:item: Fixed minecraft:item id mismatch mekanism:block_refined_obsidian: 1527 (init) -> 1526 (map).
[24Sep2026 13:54:48.695] [Render thread/DEBUG] [net.minecraftforge.registries.ForgeRegistry/REGISTRIES]: Registry minecraft:item: Fixed minecraft:item id mismatch mekanism:block_salt: 1652 (init) -> 1651 (map).
[24Sep2026 13:54:48.695] [Render thread/DEBUG] [net.minecraftforge.registries.ForgeRegistry/REGISTRIES]: Registry minecraft:item: Fixed minecraft:item id mismatch mekanism:block_steel: 1530 (init) -> 1529 (map).
[24Sep2026 13:54:48.695] [Render thread/DEBUG] [net.minecraftforge.registries.ForgeRegistry/REGISTRIES]: Registry minecraft:item: Fixed minecraft:item id mismatch mekanism:block_tin: 1510 (init) -> 1509 (map).
[24Sep2026 13:54:48.695] [Render thread/DEBUG] [net.minecraftforge.registries.ForgeRegistry/REGISTRIES]: Registry minecraft:item: Fixed minecraft:item id mismatch mekanism:block_uranium: 1514 (init) -> 1513 (map).
[24Sep2026 13:54:48.695] [Render thread/DEBUG] [net.minecraftforge.registries.ForgeRegistry/REGISTRIES]: Registry minecraft:item: Fixed minecraft:item id mismatch mekanism:boiler_casing: 1557 (init) -> 1556 (map).
[24Sep2026 13:54:48.695] [Render thread/DEBUG] [net.minecraftforge.registries.ForgeRegistry/REGISTRIES]: Registry minecraft:item: Fixed minecraft:item id mismatch mekanism:boiler_valve: 1558 (init) -> 1557 (map).
[24Sep2026 13:54:48.695] [Render thread/DEBUG] [net.minecraftforge.registries.ForgeRegistry/REGISTRIES]: Registry minecraft:item: Fixed minecraft:item id mismatch mekanism:bounding_block: 1645 (init) -> 1644 (map).
[24Sep2026 13:54:48.696] [Render thread/DEBUG] [net.minecraftforge.registries.ForgeRegistry/REGISTRIES]: Registry minecraft:item: Fixed minecraft:item id mismatch mekanism:brine_bucket: 1666 (init) -> 1665 (map).
[24Sep2026 13:54:48.696] [Render thread/DEBUG] [net.minecraftforge.registries.ForgeRegistry/REGISTRIES]: Registry minecraft:item: Fixed minecraft:item id mismatch mekanism:canteen: 1304 (init) -> 1303 (map).
[24Sep2026 13:54:48.696] [Render thread/DEBUG] [net.minecraftforge.registries.ForgeRegistry/REGISTRIES]: Registry minecraft:item: Fixed minecraft:item id mismatch mekanism:cardboard_box: 1651 (init) -> 1650 (map).
[24Sep2026 13:54:48.696] [Render thread/DEBUG] [net.minecraftforge.registries.ForgeRegistry/REGISTRIES]: Registry minecraft:item: Fixed minecraft:item id mismatch mekanism:chargepad: 1574 (init) -> 1573 (map).
[24Sep2026 13:54:48.696] [Render thread/DEBUG] [net.minecraftforge.registries.ForgeRegistry/REGISTRIES]: Registry minecraft:item: Fixed minecraft:item id mismatch mekanism:chemical_crystallizer: 1584 (init) -> 1583 (map).
[24Sep2026 13:54:48.696] [Render thread/DEBUG] [net.minecraftforge.registries.ForgeRegistry/REGISTRIES]: Registry minecraft:item: Fixed minecraft:item id mismatch mekanism:chemical_dissolution_chamber: 1582 (init) -> 1581 (map).
[24Sep2026 13:54:48.696] [Render thread/DEBUG] [net.minecraftforge.registries.ForgeRegistry/REGISTRIES]: Registry minecraft:item: Fixed minecraft:item id mismatch mekanism:chemical_infuser: 1578 (init) -> 1577 (map).
[24Sep2026 13:54:48.696] [Render thread/DEBUG] [net.minecraftforge.registries.ForgeRegistry/REGISTRIES]: Registry minecraft:item: Fixed minecraft:item id mismatch mekanism:chemical_injection_chamber: 1579 (init) -> 1578 (map).
[24Sep2026 13:54:48.696] [Render thread/DEBUG] [net.minecraftforge.registries.ForgeRegistry/REGISTRIES]: Registry minecraft:item: Fixed minecraft:item id mismatch mekanism:chemical_oxidizer: 1577 (init) -> 1576 (map).
[24Sep2026 13:54:48.696] [Render thread/DEBUG] [net.minecraftforge.registries.ForgeRegistry/REGISTRIES]: Registry minecraft:item: Fixed minecraft:item id mismatch mekanism:chemical_washer: 1583 (init) -> 1582 (map).
[24Sep2026 13:54:48.696] [Render thread/DEBUG] [net.minecraftforge.registries.ForgeRegistry/REGISTRIES]: Registry minecraft:item: Fixed minecraft:item id mismatch mekanism:chlorine_bucket: 1655 (init) -> 1654 (map).
[24Sep2026 13:54:48.696] [Render thread/DEBUG] [net.minecraftforge.registries.ForgeRegistry/REGISTRIES]: Registry minecraft:item: Fixed minecraft:item id mismatch mekanism:clump_copper: 1456 (init) -> 1455 (map).
[24Sep2026 13:54:48.696] [Render thread/DEBUG] [net.minecraftforge.registries.ForgeRegistry/REGISTRIES]: Registry minecraft:item: Fixed minecraft:item id mismatch mekanism:clump_gold: 1454 (init) -> 1453 (map).
[24Sep2026 13:54:48.696] [Render thread/DEBUG] [net.minecraftforge.registries.ForgeRegistry/REGISTRIES]: Registry minecraft:item: Fixed minecraft:item id mismatch mekanism:clump_iron: 1453 (init) -> 1452 (map).
[24Sep2026 13:54:48.696] [Render thread/DEBUG] [net.minecraftforge.registries.ForgeRegistry/REGISTRIES]: Registry minecraft:item: Fixed minecraft:item id mismatch mekanism:clump_lead: 1458 (init) -> 1457 (map).
[24Sep2026 13:54:48.696] [Render thread/DEBUG] [net.minecraftforge.registries.ForgeRegistry/REGISTRIES]: Registry minecraft:item: Fixed minecraft:item id mismatch mekanism:clump_osmium: 1455 (init) -> 1454 (map).
[24Sep2026 13:54:48.696] [Render thread/DEBUG] [net.minecraftforge.registries.ForgeRegistry/REGISTRIES]: Registry minecraft:item: Fixed minecraft:item id mismatch mekanism:clump_tin: 1457 (init) -> 1456 (map).
[24Sep2026 13:54:48.696] [Render thread/DEBUG] [net.minecraftforge.registries.ForgeRegistry/REGISTRIES]: Registry minecraft:item: Fixed minecraft:item id mismatch mekanism:clump_uranium: 1459 (init) -> 1458 (map).
[24Sep2026 13:54:48.696] [Render thread/DEBUG] [net.minecraftforge.registries.ForgeRegistry/REGISTRIES]: Registry minecraft:item: Fixed minecraft:item id mismatch mekanism:combiner: 1564 (init) -> 1563 (map).
[24Sep2026 13:54:48.696] [Render thread/DEBUG] [net.minecraftforge.registries.ForgeRegistry/REGISTRIES]: Registry minecraft:item: Fixed minecraft:item id mismatch mekanism:configuration_card: 1298 (init) -> 1297 (map).
[24Sep2026 13:54:48.696] [Render thread/DEBUG] [net.minecraftforge.registries.ForgeRegistry/REGISTRIES]: Registry minecraft:item: Fixed minecraft:item id mismatch mekanism:configurator: 1294 (init) -> 1293 (map).
[24Sep2026 13:54:48.696] [Render thread/DEBUG] [net.minecraftforge.registries.ForgeRegistry/REGISTRIES]: Registry minecraft:item: Fixed minecraft:item id mismatch mekanism:crafting_formula: 1299 (init) -> 1298 (map).
[24Sep2026 13:54:48.696] [Render thread/DEBUG] [net.minecraftforge.registries.ForgeRegistry/REGISTRIES]: Registry minecraft:item: Fixed minecraft:item id mismatch mekanism:creative_bin: 1536 (init) -> 1535 (map).
[24Sep2026 13:54:48.697] [Render thread/DEBUG] [net.minecraftforge.registries.ForgeRegistry/REGISTRIES]: Registry minecraft:item: Fixed minecraft:item id mismatch mekanism:creative_chemical_tank: 1650 (init) -> 1649 (map).
[24Sep2026 13:54:48.697] [Render thread/DEBUG] [net.minecraftforge.registries.ForgeRegistry/REGISTRIES]: Registry minecraft:item: Fixed minecraft:item id mismatch mekanism:creative_energy_cube: 1622 (init) -> 1621 (map).
[24Sep2026 13:54:48.697] [Render thread/DEBUG] [net.minecraftforge.registries.ForgeRegistry/REGISTRIES]: Registry minecraft:item: Fixed minecraft:item id mismatch mekanism:creative_fluid_tank: 1593 (init) -> 1592 (map).
[24Sep2026 13:54:48.697] [Render thread/DEBUG] [net.minecraftforge.registries.ForgeRegistry/REGISTRIES]: Registry minecraft:item: Fixed minecraft:item id mismatch mekanism:crusher: 1565 (init) -> 1564 (map).
[24Sep2026 13:54:48.697] [Render thread/DEBUG] [net.minecraftforge.registries.ForgeRegistry/REGISTRIES]: Registry minecraft:item: Fixed minecraft:item id mismatch mekanism:crystal_copper: 1435 (init) -> 1434 (map).
[24Sep2026 13:54:48.697] [Render thread/DEBUG] [net.minecraftforge.registries.ForgeRegistry/REGISTRIES]: Registry minecraft:item: Fixed minecraft:item id mismatch mekanism:crystal_gold: 1433 (init) -> 1432 (map).
[24Sep2026 13:54:48.697] [Render thread/DEBUG] [net.minecraftforge.registries.ForgeRegistry/REGISTRIES]: Registry minecraft:item: Fixed minecraft:item id mismatch mekanism:crystal_iron: 1432 (init) -> 1431 (map).
[24Sep2026 13:54:48.697] [Render thread/DEBUG] [net.minecraftforge.registries.ForgeRegistry/REGISTRIES]: Registry minecraft:item: Fixed minecraft:item id mismatch mekanism:crystal_lead: 1437 (init) -> 1436 (map).
[24Sep2026 13:54:48.697] [Render thread/DEBUG] [net.minecraftforge.registries.ForgeRegistry/REGISTRIES]: Registry minecraft:item: Fixed minecraft:item id mismatch mekanism:crystal_osmium: 1434 (init) -> 1433 (map).
[24Sep2026 13:54:48.697] [Render thread/DEBUG] [net.minecraftforge.registries.ForgeRegistry/REGISTRIES]: Registry minecraft:item: Fixed minecraft:item id mismatch mekanism:crystal_tin: 1436 (init) -> 1435 (map).
[24Sep2026 13:54:48.697] [Render thread/DEBUG] [net.minecraftforge.registries.ForgeRegistry/REGISTRIES]: Registry minecraft:item: Fixed minecraft:item id mismatch mekanism:crystal_uranium: 1438 (init) -> 1437 (map).
[24Sep2026 13:54:48.697] [Render thread/DEBUG] [net.minecraftforge.registries.ForgeRegistry/REGISTRIES]: Registry minecraft:item: Fixed minecraft:item id mismatch mekanism:deepslate_fluorite_ore: 1523 (init) -> 1522 (map).
[24Sep2026 13:54:48.697] [Render thread/DEBUG] [net.minecraftforge.registries.ForgeRegistry/REGISTRIES]: Registry minecraft:item: Fixed minecraft:item id mismatch mekanism:deepslate_lead_ore: 1525 (init) -> 1524 (map).
[24Sep2026 13:54:48.697] [Render thread/DEBUG] [net.minecraftforge.registries.ForgeRegistry/REGISTRIES]: Registry minecraft:item: Fixed minecraft:item id mismatch mekanism:deepslate_osmium_ore: 1519 (init) -> 1518 (map).
[24Sep2026 13:54:48.697] [Render thread/DEBUG] [net.minecraftforge.registries.ForgeRegistry/REGISTRIES]: Registry minecraft:item: Fixed minecraft:item id mismatch mekanism:deepslate_tin_ore: 1517 (init) -> 1516 (map).
[24Sep2026 13:54:48.697] [Render thread/DEBUG] [net.minecraftforge.registries.ForgeRegistry/REGISTRIES]: Registry minecraft:item: Fixed minecraft:item id mismatch mekanism:deepslate_uranium_ore: 1521 (init) -> 1520 (map).
[24Sep2026 13:54:48.697] [Render thread/DEBUG] [net.minecraftforge.registries.ForgeRegistry/REGISTRIES]: Registry minecraft:item: Fixed minecraft:item id mismatch mekanism:dictionary: 1296 (init) -> 1295 (map).
[24Sep2026 13:54:48.697] [Render thread/DEBUG] [net.minecraftforge.registries.ForgeRegistry/REGISTRIES]: Registry minecraft:item: Fixed minecraft:item id mismatch mekanism:digital_miner: 1566 (init) -> 1565 (map).
[24Sep2026 13:54:48.697] [Render thread/DEBUG] [net.minecraftforge.registries.ForgeRegistry/REGISTRIES]: Registry minecraft:item: Fixed minecraft:item id mismatch mekanism:dimensional_stabilizer: 1612 (init) -> 1611 (map).
[24Sep2026 13:54:48.697] [Render thread/DEBUG] [net.minecraftforge.registries.ForgeRegistry/REGISTRIES]: Registry minecraft:item: Fixed minecraft:item id mismatch mekanism:dirty_dust_copper: 1449 (init) -> 1448 (map).
[24Sep2026 13:54:48.697] [Render thread/DEBUG] [net.minecraftforge.registries.ForgeRegistry/REGISTRIES]: Registry minecraft:item: Fixed minecraft:item id mismatch mekanism:dirty_dust_gold: 1447 (init) -> 1446 (map).
[24Sep2026 13:54:48.697] [Render thread/DEBUG] [net.minecraftforge.registries.ForgeRegistry/REGISTRIES]: Registry minecraft:item: Fixed minecraft:item id mismatch mekanism:dirty_dust_iron: 1446 (init) -> 1445 (map).
[24Sep2026 13:54:48.697] [Render thread/DEBUG] [net.minecraftforge.registries.ForgeRegistry/REGISTRIES]: Registry minecraft:item: Fixed minecraft:item id mismatch mekanism:dirty_dust_lead: 1451 (init) -> 1450 (map).
[24Sep2026 13:54:48.698] [Render thread/DEBUG] [net.minecraftforge.registries.ForgeRegistry/REGISTRIES]: Registry minecraft:item: Fixed minecraft:item id mismatch mekanism:dirty_dust_osmium: 1448 (init) -> 1447 (map).
[24Sep2026 13:54:48.698] [Render thread/DEBUG] [net.minecraftforge.registries.ForgeRegistry/REGISTRIES]: Registry minecraft:item: Fixed minecraft:item id mismatch mekanism:dirty_dust_tin: 1450 (init) -> 1449 (map).
[24Sep2026 13:54:48.698] [Render thread/DEBUG] [net.minecraftforge.registries.ForgeRegistry/REGISTRIES]: Registry minecraft:item: Fixed minecraft:item id mismatch mekanism:dirty_dust_uranium: 1452 (init) -> 1451 (map).
[24Sep2026 13:54:48.698] [Render thread/DEBUG] [net.minecraftforge.registries.ForgeRegistry/REGISTRIES]: Registry minecraft:item: Fixed minecraft:item id mismatch mekanism:dirty_netherite_scrap: 1402 (init) -> 1401 (map).
[24Sep2026 13:54:48.698] [Render thread/DEBUG] [net.minecraftforge.registries.ForgeRegistry/REGISTRIES]: Registry minecraft:item: Fixed minecraft:item id mismatch mekanism:diversion_transporter: 1640 (init) -> 1639 (map).
[24Sep2026 13:54:48.698] [Render thread/DEBUG] [net.minecraftforge.registries.ForgeRegistry/REGISTRIES]: Registry minecraft:item: Fixed minecraft:item id mismatch mekanism:dosimeter: 1303 (init) -> 1302 (map).
[24Sep2026 13:54:48.698] [Render thread/DEBUG] [net.minecraftforge.registries.ForgeRegistry/REGISTRIES]: Registry minecraft:item: Fixed minecraft:item id mismatch mekanism:dust_bronze: 1403 (init) -> 1402 (map).
[24Sep2026 13:54:48.698] [Render thread/DEBUG] [net.minecraftforge.registries.ForgeRegistry/REGISTRIES]: Registry minecraft:item: Fixed minecraft:item id mismatch mekanism:dust_charcoal: 1406 (init) -> 1405 (map).
[24Sep2026 13:54:48.698] [Render thread/DEBUG] [net.minecraftforge.registries.ForgeRegistry/REGISTRIES]: Registry minecraft:item: Fixed minecraft:item id mismatch mekanism:dust_coal: 1405 (init) -> 1404 (map).
[24Sep2026 13:54:48.698] [Render thread/DEBUG] [net.minecraftforge.registries.ForgeRegistry/REGISTRIES]: Registry minecraft:item: Fixed minecraft:item id mismatch mekanism:dust_copper: 1442 (init) -> 1441 (map).
[24Sep2026 13:54:48.698] [Render thread/DEBUG] [net.minecraftforge.registries.ForgeRegistry/REGISTRIES]: Registry minecraft:item: Fixed minecraft:item id mismatch mekanism:dust_diamond: 1409 (init) -> 1408 (map).
[24Sep2026 13:54:48.698] [Render thread/DEBUG] [net.minecraftforge.registries.ForgeRegistry/REGISTRIES]: Registry minecraft:item: Fixed minecraft:item id mismatch mekanism:dust_emerald: 1408 (init) -> 1407 (map).
[24Sep2026 13:54:48.698] [Render thread/DEBUG] [net.minecraftforge.registries.ForgeRegistry/REGISTRIES]: Registry minecraft:item: Fixed minecraft:item id mismatch mekanism:dust_fluorite: 1416 (init) -> 1415 (map).
[24Sep2026 13:54:48.698] [Render thread/DEBUG] [net.minecraftforge.registries.ForgeRegistry/REGISTRIES]: Registry minecraft:item: Fixed minecraft:item id mismatch mekanism:dust_gold: 1440 (init) -> 1439 (map).
[24Sep2026 13:54:48.698] [Render thread/DEBUG] [net.minecraftforge.registries.ForgeRegistry/REGISTRIES]: Registry minecraft:item: Fixed minecraft:item id mismatch mekanism:dust_iron: 1439 (init) -> 1438 (map).
[24Sep2026 13:54:48.698] [Render thread/DEBUG] [net.minecraftforge.registries.ForgeRegistry/REGISTRIES]: Registry minecraft:item: Fixed minecraft:item id mismatch mekanism:dust_lapis_lazuli: 1404 (init) -> 1403 (map).
[24Sep2026 13:54:48.698] [Render thread/DEBUG] [net.minecraftforge.registries.ForgeRegistry/REGISTRIES]: Registry minecraft:item: Fixed minecraft:item id mismatch mekanism:dust_lead: 1444 (init) -> 1443 (map).
[24Sep2026 13:54:48.698] [Render thread/DEBUG] [net.minecraftforge.registries.ForgeRegistry/REGISTRIES]: Registry minecraft:item: Fixed minecraft:item id mismatch mekanism:dust_lithium: 1413 (init) -> 1412 (map).
[24Sep2026 13:54:48.698] [Render thread/DEBUG] [net.minecraftforge.registries.ForgeRegistry/REGISTRIES]: Registry minecraft:item: Fixed minecraft:item id mismatch mekanism:dust_netherite: 1410 (init) -> 1409 (map).
[24Sep2026 13:54:48.698] [Render thread/DEBUG] [net.minecraftforge.registries.ForgeRegistry/REGISTRIES]: Registry minecraft:item: Fixed minecraft:item id mismatch mekanism:dust_obsidian: 1415 (init) -> 1414 (map).
[24Sep2026 13:54:48.698] [Render thread/DEBUG] [net.minecraftforge.registries.ForgeRegistry/REGISTRIES]: Registry minecraft:item: Fixed minecraft:item id mismatch mekanism:dust_osmium: 1441 (init) -> 1440 (map).
[24Sep2026 13:54:48.698] [Render thread/DEBUG] [net.minecraftforge.registries.ForgeRegistry/REGISTRIES]: Registry minecraft:item: Fixed minecraft:item id mismatch mekanism:dust_quartz: 1407 (init) -> 1406 (map).
[24Sep2026 13:54:48.698] [Render thread/DEBUG] [net.minecraftforge.registries.ForgeRegistry/REGISTRIES]: Registry minecraft:item: Fixed minecraft:item id mismatch mekanism:dust_refined_obsidian: 1414 (init) -> 1413 (map).
[24Sep2026 13:54:48.698] [Render thread/DEBUG] [net.minecraftforge.registries.ForgeRegistry/REGISTRIES]: Registry minecraft:item: Fixed minecraft:item id mismatch mekanism:dust_steel: 1411 (init) -> 1410 (map).
[24Sep2026 13:54:48.698] [Render thread/DEBUG] [net.minecraftforge.registries.ForgeRegistry/REGISTRIES]: Registry minecraft:item: Fixed minecraft:item id mismatch mekanism:dust_sulfur: 1412 (init) -> 1411 (map).
[24Sep2026 13:54:48.698] [Render thread/DEBUG] [net.minecraftforge.registries.ForgeRegistry/REGISTRIES]: Registry minecraft:item: Fixed minecraft:item id mismatch mekanism:dust_tin: 1443 (init) -> 1442 (map).
[24Sep2026 13:54:48.698] [Render thread/DEBUG] [net.minecraftforge.registries.ForgeRegistry/REGISTRIES]: Registry minecraft:item: Fixed minecraft:item id mismatch mekanism:dust_uranium: 1445 (init) -> 1444 (map).
[24Sep2026 13:54:48.698] [Render thread/DEBUG] [net.minecraftforge.registries.ForgeRegistry/REGISTRIES]: Registry minecraft:item: Fixed minecraft:item id mismatch mekanism:dye_base: 1399 (init) -> 1398 (map).
[24Sep2026 13:54:48.698] [Render thread/DEBUG] [net.minecraftforge.registries.ForgeRegistry/REGISTRIES]: Registry minecraft:item: Fixed minecraft:item id mismatch mekanism:dynamic_tank: 1539 (init) -> 1538 (map).
[24Sep2026 13:54:48.698] [Render thread/DEBUG] [net.minecraftforge.registries.ForgeRegistry/REGISTRIES]: Registry minecraft:item: Fixed minecraft:item id mismatch mekanism:dynamic_valve: 1541 (init) -> 1540 (map).
[24Sep2026 13:54:48.698] [Render thread/DEBUG] [net.minecraftforge.registries.ForgeRegistry/REGISTRIES]: Registry minecraft:item: Fixed minecraft:item id mismatch mekanism:electric_bow: 1311 (init) -> 1310 (map).
[24Sep2026 13:54:48.698] [Render thread/DEBUG] [net.minecraftforge.registries.ForgeRegistry/REGISTRIES]: Registry minecraft:item: Fixed minecraft:item id mismatch mekanism:electric_pump: 1571 (init) -> 1570 (map).
[24Sep2026 13:54:48.698] [Render thread/DEBUG] [net.minecraftforge.registries.ForgeRegistry/REGISTRIES]: Registry minecraft:item: Fixed minecraft:item id mismatch mekanism:electrolytic_core: 1388 (init) -> 1387 (map).
[24Sep2026 13:54:48.698] [Render thread/DEBUG] [net.minecraftforge.registries.ForgeRegistry/REGISTRIES]: Registry minecraft:item: Fixed minecraft:item id mismatch mekanism:electrolytic_separator: 1580 (init) -> 1579 (map).
[24Sep2026 13:54:48.698] [Render thread/DEBUG] [net.minecraftforge.registries.ForgeRegistry/REGISTRIES]: Registry minecraft:item: Fixed minecraft:item id mismatch mekanism:elite_bin: 1534 (init) -> 1533 (map).
[24Sep2026 13:54:48.698] [Render thread/DEBUG] [net.minecraftforge.registries.ForgeRegistry/REGISTRIES]: Registry minecraft:item: Fixed minecraft:item id mismatch mekanism:elite_chemical_tank: 1648 (init) -> 1647 (map).
[24Sep2026 13:54:48.698] [Render thread/DEBUG] [net.minecraftforge.registries.ForgeRegistry/REGISTRIES]: Registry minecraft:item: Fixed minecraft:item id mismatch mekanism:elite_combining_factory: 1494 (init) -> 1493 (map).
[24Sep2026 13:54:48.698] [Render thread/DEBUG] [net.minecraftforge.registries.ForgeRegistry/REGISTRIES]: Registry minecraft:item: Fixed minecraft:item id mismatch mekanism:elite_compressing_factory: 1493 (init) -> 1492 (map).
[24Sep2026 13:54:48.698] [Render thread/DEBUG] [net.minecraftforge.registries.ForgeRegistry/REGISTRIES]: Registry minecraft:item: Fixed minecraft:item id mismatch mekanism:elite_control_circuit: 1373 (init) -> 1372 (map).
[24Sep2026 13:54:48.698] [Render thread/DEBUG] [net.minecraftforge.registries.ForgeRegistry/REGISTRIES]: Registry minecraft:item: Fixed minecraft:item id mismatch mekanism:elite_crushing_factory: 1492 (init) -> 1491 (map).
[24Sep2026 13:54:48.698] [Render thread/DEBUG] [net.minecraftforge.registries.ForgeRegistry/REGISTRIES]: Registry minecraft:item: Fixed minecraft:item id mismatch mekanism:elite_energy_cube: 1620 (init) -> 1619 (map).
[24Sep2026 13:54:48.698] [Render thread/DEBUG] [net.minecraftforge.registries.ForgeRegistry/REGISTRIES]: Registry minecraft:item: Fixed minecraft:item id mismatch mekanism:elite_enriching_factory: 1491 (init) -> 1490 (map).
[24Sep2026 13:54:48.698] [Render thread/DEBUG] [net.minecraftforge.registries.ForgeRegistry/REGISTRIES]: Registry minecraft:item: Fixed minecraft:item id mismatch mekanism:elite_fluid_tank: 1591 (init) -> 1590 (map).
[24Sep2026 13:54:48.698] [Render thread/DEBUG] [net.minecraftforge.registries.ForgeRegistry/REGISTRIES]: Registry minecraft:item: Fixed minecraft:item id mismatch mekanism:elite_induction_cell: 1549 (init) -> 1548 (map).
[24Sep2026 13:54:48.698] [Render thread/DEBUG] [net.minecraftforge.registries.ForgeRegistry/REGISTRIES]: Registry minecraft:item: Fixed minecraft:item id mismatch mekanism:elite_induction_provider: 1553 (init) -> 1552 (map).
[24Sep2026 13:54:48.698] [Render thread/DEBUG] [net.minecraftforge.registries.ForgeRegistry/REGISTRIES]: Registry minecraft:item: Fixed minecraft:item id mismatch mekanism:elite_infusing_factory: 1497 (init) -> 1496 (map).
[24Sep2026 13:54:48.698] [Render thread/DEBUG] [net.minecraftforge.registries.ForgeRegistry/REGISTRIES]: Registry minecraft:item: Fixed minecraft:item id mismatch mekanism:elite_injecting_factory: 1496 (init) -> 1495 (map).
[24Sep2026 13:54:48.698] [Render thread/DEBUG] [net.minecraftforge.registries.ForgeRegistry/REGISTRIES]: Registry minecraft:item: Fixed minecraft:item id mismatch mekanism:elite_logistical_transporter: 1637 (init) -> 1636 (map).
[24Sep2026 13:54:48.698] [Render thread/DEBUG] [net.minecraftforge.registries.ForgeRegistry/REGISTRIES]: Registry minecraft:item: Fixed minecraft:item id mismatch mekanism:elite_mechanical_pipe: 1629 (init) -> 1628 (map).
[24Sep2026 13:54:48.698] [Render thread/DEBUG] [net.minecraftforge.registries.ForgeRegistry/REGISTRIES]: Registry minecraft:item: Fixed minecraft:item id mismatch mekanism:elite_pressurized_tube: 1633 (init) -> 1632 (map).
[24Sep2026 13:54:48.698] [Render thread/DEBUG] [net.minecraftforge.registries.ForgeRegistry/REGISTRIES]: Registry minecraft:item: Fixed minecraft:item id mismatch mekanism:elite_purifying_factory: 1495 (init) -> 1494 (map).
[24Sep2026 13:54:48.698] [Render thread/DEBUG] [net.minecraftforge.registries.ForgeRegistry/REGISTRIES]: Registry minecraft:item: Fixed minecraft:item id mismatch mekanism:elite_sawing_factory: 1498 (init) -> 1497 (map).
[24Sep2026 13:54:48.698] [Render thread/DEBUG] [net.minecraftforge.registries.ForgeRegistry/REGISTRIES]: Registry minecraft:item: Fixed minecraft:item id mismatch mekanism:elite_smelting_factory: 1490 (init) -> 1489 (map).
[24Sep2026 13:54:48.698] [Render thread/DEBUG] [net.minecraftforge.registries.ForgeRegistry/REGISTRIES]: Registry minecraft:item: Fixed minecraft:item id mismatch mekanism:elite_thermodynamic_conductor: 1643 (init) -> 1642 (map).
[24Sep2026 13:54:48.698] [Render thread/DEBUG] [net.minecraftforge.registries.ForgeRegistry/REGISTRIES]: Registry minecraft:item: Fixed minecraft:item id mismatch mekanism:elite_tier_installer: 1369 (init) -> 1368 (map).
[24Sep2026 13:54:48.698] [Render thread/DEBUG] [net.minecraftforge.registries.ForgeRegistry/REGISTRIES]: Registry minecraft:item: Fixed minecraft:item id mismatch mekanism:elite_universal_cable: 1625 (init) -> 1624 (map).
[24Sep2026 13:54:48.698] [Render thread/DEBUG] [net.minecraftforge.registries.ForgeRegistry/REGISTRIES]: Registry minecraft:item: Fixed minecraft:item id mismatch mekanism:energized_smelter: 1569 (init) -> 1568 (map).
[24Sep2026 13:54:48.698] [Render thread/DEBUG] [net.minecraftforge.registries.ForgeRegistry/REGISTRIES]: Registry minecraft:item: Fixed minecraft:item id mismatch mekanism:energy_tablet: 1293 (init) -> 1292 (map).
[24Sep2026 13:54:48.698] [Render thread/DEBUG] [net.minecraftforge.registries.ForgeRegistry/REGISTRIES]: Registry minecraft:item: Fixed minecraft:item id mismatch mekanism:enriched_carbon: 1378 (init) -> 1377 (map).
[24Sep2026 13:54:48.698] [Render thread/DEBUG] [net.minecraftforge.registries.ForgeRegistry/REGISTRIES]: Registry minecraft:item: Fixed minecraft:item id mismatch mekanism:enriched_diamond: 1380 (init) -> 1379 (map).
[24Sep2026 13:54:48.698] [Render thread/DEBUG] [net.minecraftforge.registries.ForgeRegistry/REGISTRIES]: Registry minecraft:item: Fixed minecraft:item id mismatch mekanism:enriched_gold: 1382 (init) -> 1381 (map).
[24Sep2026 13:54:48.698] [Render thread/DEBUG] [net.minecraftforge.registries.ForgeRegistry/REGISTRIES]: Registry minecraft:item: Fixed minecraft:item id mismatch mekanism:enriched_iron: 1394 (init) -> 1393 (map).
[24Sep2026 13:54:48.698] [Render thread/DEBUG] [net.minecraftforge.registries.ForgeRegistry/REGISTRIES]: Registry minecraft:item: Fixed minecraft:item id mismatch mekanism:enriched_redstone: 1379 (init) -> 1378 (map).
[24Sep2026 13:54:48.698] [Render thread/DEBUG] [net.minecraftforge.registries.ForgeRegistry/REGISTRIES]: Registry minecraft:item: Fixed minecraft:item id mismatch mekanism:enriched_refined_obsidian: 1381 (init) -> 1380 (map).
[24Sep2026 13:54:48.698] [Render thread/DEBUG] [net.minecraftforge.registries.ForgeRegistry/REGISTRIES]: Registry minecraft:item: Fixed minecraft:item id mismatch mekanism:enriched_tin: 1383 (init) -> 1382 (map).
[24Sep2026 13:54:48.698] [Render thread/DEBUG] [net.minecraftforge.registries.ForgeRegistry/REGISTRIES]: Registry minecraft:item: Fixed minecraft:item id mismatch mekanism:enrichment_chamber: 1562 (init) -> 1561 (map).
[24Sep2026 13:54:48.698] [Render thread/DEBUG] [net.minecraftforge.registries.ForgeRegistry/REGISTRIES]: Registry minecraft:item: Fixed minecraft:item id mismatch mekanism:ethene_bucket: 1663 (init) -> 1662 (map).
[24Sep2026 13:54:48.698] [Render thread/DEBUG] [net.minecraftforge.registries.ForgeRegistry/REGISTRIES]: Registry minecraft:item: Fixed minecraft:item id mismatch mekanism:flamethrower: 1312 (init) -> 1311 (map).
[24Sep2026 13:54:48.700] [Render thread/DEBUG] [net.minecraftforge.registries.ForgeRegistry/REGISTRIES]: Registry minecraft:item: Fixed minecraft:item id mismatch mekanism:fluidic_plenisher: 1594 (init) -> 1593 (map).
[24Sep2026 13:54:48.700] [Render thread/DEBUG] [net.minecraftforge.registries.ForgeRegistry/REGISTRIES]: Registry minecraft:item: Fixed minecraft:item id mismatch mekanism:fluorite_gem: 1400 (init) -> 1399 (map).
[24Sep2026 13:54:48.700] [Render thread/DEBUG] [net.minecraftforge.registries.ForgeRegistry/REGISTRIES]: Registry minecraft:item: Fixed minecraft:item id mismatch mekanism:fluorite_ore: 1522 (init) -> 1521 (map).
[24Sep2026 13:54:48.700] [Render thread/DEBUG] [net.minecraftforge.registries.ForgeRegistry/REGISTRIES]: Registry minecraft:item: Fixed minecraft:item id mismatch mekanism:formulaic_assemblicator: 1602 (init) -> 1601 (map).
[24Sep2026 13:54:48.700] [Render thread/DEBUG] [net.minecraftforge.registries.ForgeRegistry/REGISTRIES]: Registry minecraft:item: Fixed minecraft:item id mismatch mekanism:free_runners: 1314 (init) -> 1313 (map).
[24Sep2026 13:54:48.700] [Render thread/DEBUG] [net.minecraftforge.registries.ForgeRegistry/REGISTRIES]: Registry minecraft:item: Fixed minecraft:item id mismatch mekanism:free_runners_armored: 1315 (init) -> 1314 (map).
[24Sep2026 13:54:48.700] [Render thread/DEBUG] [net.minecraftforge.registries.ForgeRegistry/REGISTRIES]: Registry minecraft:item: Fixed minecraft:item id mismatch mekanism:fuelwood_heater: 1603 (init) -> 1602 (map).
[24Sep2026 13:54:48.700] [Render thread/DEBUG] [net.minecraftforge.registries.ForgeRegistry/REGISTRIES]: Registry minecraft:item: Fixed minecraft:item id mismatch mekanism:gauge_dropper: 1301 (init) -> 1300 (map).
[24Sep2026 13:54:48.700] [Render thread/DEBUG] [net.minecraftforge.registries.ForgeRegistry/REGISTRIES]: Registry minecraft:item: Fixed minecraft:item id mismatch mekanism:geiger_counter: 1302 (init) -> 1301 (map).
[24Sep2026 13:54:48.700] [Render thread/DEBUG] [net.minecraftforge.registries.ForgeRegistry/REGISTRIES]: Registry minecraft:item: Fixed minecraft:item id mismatch mekanism:hazmat_boots: 1324 (init) -> 1323 (map).
[24Sep2026 13:54:48.700] [Render thread/DEBUG] [net.minecraftforge.registries.ForgeRegistry/REGISTRIES]: Registry minecraft:item: Fixed minecraft:item id mismatch mekanism:hazmat_gown: 1322 (init) -> 1321 (map).
[24Sep2026 13:54:48.700] [Render thread/DEBUG] [net.minecraftforge.registries.ForgeRegistry/REGISTRIES]: Registry minecraft:item: Fixed minecraft:item id mismatch mekanism:hazmat_mask: 1321 (init) -> 1320 (map).
[24Sep2026 13:54:48.700] [Render thread/DEBUG] [net.minecraftforge.registries.ForgeRegistry/REGISTRIES]: Registry minecraft:item: Fixed minecraft:item id mismatch mekanism:hazmat_pants: 1323 (init) -> 1322 (map).
[24Sep2026 13:54:48.700] [Render thread/DEBUG] [net.minecraftforge.registries.ForgeRegistry/REGISTRIES]: Registry minecraft:item: Fixed minecraft:item id mismatch mekanism:hdpe_elytra: 1320 (init) -> 1319 (map).
[24Sep2026 13:54:48.700] [Render thread/DEBUG] [net.minecraftforge.registries.ForgeRegistry/REGISTRIES]: Registry minecraft:item: Fixed minecraft:item id mismatch mekanism:hdpe_pellet: 1384 (init) -> 1383 (map).
[24Sep2026 13:54:48.700] [Render thread/DEBUG] [net.minecraftforge.registries.ForgeRegistry/REGISTRIES]: Registry minecraft:item: Fixed minecraft:item id mismatch mekanism:hdpe_rod: 1385 (init) -> 1384 (map).
[24Sep2026 13:54:48.700] [Render thread/DEBUG] [net.minecraftforge.registries.ForgeRegistry/REGISTRIES]: Registry minecraft:item: Fixed minecraft:item id mismatch mekanism:hdpe_sheet: 1386 (init) -> 1385 (map).
[24Sep2026 13:54:48.700] [Render thread/DEBUG] [net.minecraftforge.registries.ForgeRegistry/REGISTRIES]: Registry minecraft:item: Fixed minecraft:item id mismatch mekanism:hdpe_stick: 1387 (init) -> 1386 (map).
[24Sep2026 13:54:48.700] [Render thread/DEBUG] [net.minecraftforge.registries.ForgeRegistry/REGISTRIES]: Registry minecraft:item: Fixed minecraft:item id mismatch mekanism:heavy_water_bucket: 1669 (init) -> 1668 (map).
[24Sep2026 13:54:48.700] [Render thread/DEBUG] [net.minecraftforge.registries.ForgeRegistry/REGISTRIES]: Registry minecraft:item: Fixed minecraft:item id mismatch mekanism:hydrofluoric_acid_bucket: 1660 (init) -> 1659 (map).
[24Sep2026 13:54:48.700] [Render thread/DEBUG] [net.minecraftforge.registries.ForgeRegistry/REGISTRIES]: Registry minecraft:item: Fixed minecraft:item id mismatch mekanism:hydrogen_bucket: 1653 (init) -> 1652 (map).
[24Sep2026 13:54:48.700] [Render thread/DEBUG] [net.minecraftforge.registries.ForgeRegistry/REGISTRIES]: Registry minecraft:item: Fixed minecraft:item id mismatch mekanism:hydrogen_chloride_bucket: 1659 (init) -> 1658 (map).
[24Sep2026 13:54:48.700] [Render thread/DEBUG] [net.minecraftforge.registries.ForgeRegistry/REGISTRIES]: Registry minecraft:item: Fixed minecraft:item id mismatch mekanism:induction_casing: 1545 (init) -> 1544 (map).
[24Sep2026 13:54:48.700] [Render thread/DEBUG] [net.minecraftforge.registries.ForgeRegistry/REGISTRIES]: Registry minecraft:item: Fixed minecraft:item id mismatch mekanism:induction_port: 1546 (init) -> 1545 (map).
[24Sep2026 13:54:48.700] [Render thread/DEBUG] [net.minecraftforge.registries.ForgeRegistry/REGISTRIES]: Registry minecraft:item: Fixed minecraft:item id mismatch mekanism:industrial_alarm: 1561 (init) -> 1560 (map).
[24Sep2026 13:54:48.700] [Render thread/DEBUG] [net.minecraftforge.registries.ForgeRegistry/REGISTRIES]: Registry minecraft:item: Fixed minecraft:item id mismatch mekanism:ingot_bronze: 1417 (init) -> 1416 (map).
[24Sep2026 13:54:48.700] [Render thread/DEBUG] [net.minecraftforge.registries.ForgeRegistry/REGISTRIES]: Registry minecraft:item: Fixed minecraft:item id mismatch mekanism:ingot_lead: 1462 (init) -> 1461 (map).
[24Sep2026 13:54:48.700] [Render thread/DEBUG] [net.minecraftforge.registries.ForgeRegistry/REGISTRIES]: Registry minecraft:item: Fixed minecraft:item id mismatch mekanism:ingot_osmium: 1460 (init) -> 1459 (map).
[24Sep2026 13:54:48.700] [Render thread/DEBUG] [net.minecraftforge.registries.ForgeRegistry/REGISTRIES]: Registry minecraft:item: Fixed minecraft:item id mismatch mekanism:ingot_refined_glowstone: 1419 (init) -> 1418 (map).
[24Sep2026 13:54:48.700] [Render thread/DEBUG] [net.minecraftforge.registries.ForgeRegistry/REGISTRIES]: Registry minecraft:item: Fixed minecraft:item id mismatch mekanism:ingot_refined_obsidian: 1418 (init) -> 1417 (map).
[24Sep2026 13:54:48.700] [Render thread/DEBUG] [net.minecraftforge.registries.ForgeRegistry/REGISTRIES]: Registry minecraft:item: Fixed minecraft:item id mismatch mekanism:ingot_steel: 1420 (init) -> 1419 (map).
[24Sep2026 13:54:48.700] [Render thread/DEBUG] [net.minecraftforge.registries.ForgeRegistry/REGISTRIES]: Registry minecraft:item: Fixed minecraft:item id mismatch mekanism:ingot_tin: 1461 (init) -> 1460 (map).
[24Sep2026 13:54:48.700] [Render thread/DEBUG] [net.minecraftforge.registries.ForgeRegistry/REGISTRIES]: Registry minecraft:item: Fixed minecraft:item id mismatch mekanism:ingot_uranium: 1463 (init) -> 1462 (map).
[24Sep2026 13:54:48.700] [Render thread/DEBUG] [net.minecraftforge.registries.ForgeRegistry/REGISTRIES]: Registry minecraft:item: Fixed minecraft:item id mismatch mekanism:isotopic_centrifuge: 1587 (init) -> 1586 (map).
[24Sep2026 13:54:48.700] [Render thread/DEBUG] [net.minecraftforge.registries.ForgeRegistry/REGISTRIES]: Registry minecraft:item: Fixed minecraft:item id mismatch mekanism:jetpack: 1318 (init) -> 1317 (map).
[24Sep2026 13:54:48.700] [Render thread/DEBUG] [net.minecraftforge.registries.ForgeRegistry/REGISTRIES]: Registry minecraft:item: Fixed minecraft:item id mismatch mekanism:jetpack_armored: 1319 (init) -> 1318 (map).
[24Sep2026 13:54:48.700] [Render thread/DEBUG] [net.minecraftforge.registries.ForgeRegistry/REGISTRIES]: Registry minecraft:item: Fixed minecraft:item id mismatch mekanism:laser: 1595 (init) -> 1594 (map).
[24Sep2026 13:54:48.700] [Render thread/DEBUG] [net.minecraftforge.registries.ForgeRegistry/REGISTRIES]: Registry minecraft:item: Fixed minecraft:item id mismatch mekanism:laser_amplifier: 1596 (init) -> 1595 (map).
[24Sep2026 13:54:48.700] [Render thread/DEBUG] [net.minecraftforge.registries.ForgeRegistry/REGISTRIES]: Registry minecraft:item: Fixed minecraft:item id mismatch mekanism:laser_tractor_beam: 1597 (init) -> 1596 (map).
[24Sep2026 13:54:48.700] [Render thread/DEBUG] [net.minecraftforge.registries.ForgeRegistry/REGISTRIES]: Registry minecraft:item: Fixed minecraft:item id mismatch mekanism:lead_ore: 1524 (init) -> 1523 (map).
[24Sep2026 13:54:48.700] [Render thread/DEBUG] [net.minecraftforge.registries.ForgeRegistry/REGISTRIES]: Registry minecraft:item: Fixed minecraft:item id mismatch mekanism:lithium_bucket: 1667 (init) -> 1666 (map).
[24Sep2026 13:54:48.700] [Render thread/DEBUG] [net.minecraftforge.registries.ForgeRegistry/REGISTRIES]: Registry minecraft:item: Fixed minecraft:item id mismatch mekanism:logistical_sorter: 1575 (init) -> 1574 (map).
[24Sep2026 13:54:48.700] [Render thread/DEBUG] [net.minecraftforge.registries.ForgeRegistry/REGISTRIES]: Registry minecraft:item: Fixed minecraft:item id mismatch mekanism:meka_tool: 1313 (init) -> 1312 (map).
[24Sep2026 13:54:48.700] [Render thread/DEBUG] [net.minecraftforge.registries.ForgeRegistry/REGISTRIES]: Registry minecraft:item: Fixed minecraft:item id mismatch mekanism:mekasuit_bodyarmor: 1326 (init) -> 1325 (map).
[24Sep2026 13:54:48.700] [Render thread/DEBUG] [net.minecraftforge.registries.ForgeRegistry/REGISTRIES]: Registry minecraft:item: Fixed minecraft:item id mismatch mekanism:mekasuit_boots: 1328 (init) -> 1327 (map).
[24Sep2026 13:54:48.700] [Render thread/DEBUG] [net.minecraftforge.registries.ForgeRegistry/REGISTRIES]: Registry minecraft:item: Fixed minecraft:item id mismatch mekanism:mekasuit_helmet: 1325 (init) -> 1324 (map).
[24Sep2026 13:54:48.701] [Render thread/DEBUG] [net.minecraftforge.registries.ForgeRegistry/REGISTRIES]: Registry minecraft:item: Fixed minecraft:item id mismatch mekanism:mekasuit_pants: 1327 (init) -> 1326 (map).
[24Sep2026 13:54:48.701] [Render thread/DEBUG] [net.minecraftforge.registries.ForgeRegistry/REGISTRIES]: Registry minecraft:item: Fixed minecraft:item id mismatch mekanism:metallurgic_infuser: 1567 (init) -> 1566 (map).
[24Sep2026 13:54:48.701] [Render thread/DEBUG] [net.minecraftforge.registries.ForgeRegistry/REGISTRIES]: Registry minecraft:item: Fixed minecraft:item id mismatch mekanism:modification_station: 1604 (init) -> 1603 (map).
[24Sep2026 13:54:48.701] [Render thread/DEBUG] [net.minecraftforge.registries.ForgeRegistry/REGISTRIES]: Registry minecraft:item: Fixed minecraft:item id mismatch mekanism:module_attack_amplification_unit: 1335 (init) -> 1334 (map).
[24Sep2026 13:54:48.701] [Render thread/DEBUG] [net.minecraftforge.registries.ForgeRegistry/REGISTRIES]: Registry minecraft:item: Fixed minecraft:item id mismatch mekanism:module_base: 1329 (init) -> 1328 (map).
[24Sep2026 13:54:48.701] [Render thread/DEBUG] [net.minecraftforge.registries.ForgeRegistry/REGISTRIES]: Registry minecraft:item: Fixed minecraft:item id mismatch mekanism:module_blasting_unit: 1340 (init) -> 1339 (map).
[24Sep2026 13:54:48.701] [Render thread/DEBUG] [net.minecraftforge.registries.ForgeRegistry/REGISTRIES]: Registry minecraft:item: Fixed minecraft:item id mismatch mekanism:module_charge_distribution_unit: 1350 (init) -> 1349 (map).
[24Sep2026 13:54:48.701] [Render thread/DEBUG] [net.minecraftforge.registries.ForgeRegistry/REGISTRIES]: Registry minecraft:item: Fixed minecraft:item id mismatch mekanism:module_color_modulation_unit: 1331 (init) -> 1330 (map).
[24Sep2026 13:54:48.701] [Render thread/DEBUG] [net.minecraftforge.registries.ForgeRegistry/REGISTRIES]: Registry minecraft:item: Fixed minecraft:item id mismatch mekanism:module_dosimeter_unit: 1347 (init) -> 1346 (map).
[24Sep2026 13:54:48.701] [Render thread/DEBUG] [net.minecraftforge.registries.ForgeRegistry/REGISTRIES]: Registry minecraft:item: Fixed minecraft:item id mismatch mekanism:module_electrolytic_breathing_unit: 1343 (init) -> 1342 (map).
[24Sep2026 13:54:48.701] [Render thread/DEBUG] [net.minecraftforge.registries.ForgeRegistry/REGISTRIES]: Registry minecraft:item: Fixed minecraft:item id mismatch mekanism:module_elytra_unit: 1352 (init) -> 1351 (map).
[24Sep2026 13:54:48.701] [Render thread/DEBUG] [net.minecraftforge.registries.ForgeRegistry/REGISTRIES]: Registry minecraft:item: Fixed minecraft:item id mismatch mekanism:module_energy_unit: 1330 (init) -> 1329 (map).
[24Sep2026 13:54:48.701] [Render thread/DEBUG] [net.minecraftforge.registries.ForgeRegistry/REGISTRIES]: Registry minecraft:item: Fixed minecraft:item id mismatch mekanism:module_excavation_escalation_unit: 1334 (init) -> 1333 (map).
[24Sep2026 13:54:48.701] [Render thread/DEBUG] [net.minecraftforge.registries.ForgeRegistry/REGISTRIES]: Registry minecraft:item: Fixed minecraft:item id mismatch mekanism:module_farming_unit: 1336 (init) -> 1335 (map).
[24Sep2026 13:54:48.701] [Render thread/DEBUG] [net.minecraftforge.registries.ForgeRegistry/REGISTRIES]: Registry minecraft:item: Fixed minecraft:item id mismatch mekanism:module_fortune_unit: 1339 (init) -> 1338 (map).
[24Sep2026 13:54:48.701] [Render thread/DEBUG] [net.minecraftforge.registries.ForgeRegistry/REGISTRIES]: Registry minecraft:item: Fixed minecraft:item id mismatch mekanism:module_frost_walker_unit: 1359 (init) -> 1358 (map).
[24Sep2026 13:54:48.701] [Render thread/DEBUG] [net.minecraftforge.registries.ForgeRegistry/REGISTRIES]: Registry minecraft:item: Fixed minecraft:item id mismatch mekanism:module_geiger_unit: 1348 (init) -> 1347 (map).
[24Sep2026 13:54:48.701] [Render thread/DEBUG] [net.minecraftforge.registries.ForgeRegistry/REGISTRIES]: Registry minecraft:item: Fixed minecraft:item id mismatch mekanism:module_gravitational_modulating_unit: 1351 (init) -> 1350 (map).
[24Sep2026 13:54:48.701] [Render thread/DEBUG] [net.minecraftforge.registries.ForgeRegistry/REGISTRIES]: Registry minecraft:item: Fixed minecraft:item id mismatch mekanism:module_gyroscopic_stabilization_unit: 1353 (init) -> 1352 (map).
[24Sep2026 13:54:48.701] [Render thread/DEBUG] [net.minecraftforge.registries.ForgeRegistry/REGISTRIES]: Registry minecraft:item: Fixed minecraft:item id mismatch mekanism:module_hydraulic_propulsion_unit: 1357 (init) -> 1356 (map).
[24Sep2026 13:54:48.701] [Render thread/DEBUG] [net.minecraftforge.registries.ForgeRegistry/REGISTRIES]: Registry minecraft:item: Fixed minecraft:item id mismatch mekanism:module_hydrostatic_repulsor_unit: 1354 (init) -> 1353 (map).
[24Sep2026 13:54:48.701] [Render thread/DEBUG] [net.minecraftforge.registries.ForgeRegistry/REGISTRIES]: Registry minecraft:item: Fixed minecraft:item id mismatch mekanism:module_inhalation_purification_unit: 1344 (init) -> 1343 (map).
[24Sep2026 13:54:48.701] [Render thread/DEBUG] [net.minecraftforge.registries.ForgeRegistry/REGISTRIES]: Registry minecraft:item: Fixed minecraft:item id mismatch mekanism:module_jetpack_unit: 1349 (init) -> 1348 (map).
[24Sep2026 13:54:48.701] [Render thread/DEBUG] [net.minecraftforge.registries.ForgeRegistry/REGISTRIES]: Registry minecraft:item: Fixed minecraft:item id mismatch mekanism:module_laser_dissipation_unit: 1332 (init) -> 1331 (map).
[24Sep2026 13:54:48.701] [Render thread/DEBUG] [net.minecraftforge.registries.ForgeRegistry/REGISTRIES]: Registry minecraft:item: Fixed minecraft:item id mismatch mekanism:module_locomotive_boosting_unit: 1355 (init) -> 1354 (map).
[24Sep2026 13:54:48.701] [Render thread/DEBUG] [net.minecraftforge.registries.ForgeRegistry/REGISTRIES]: Registry minecraft:item: Fixed minecraft:item id mismatch mekanism:module_magnetic_attraction_unit: 1358 (init) -> 1357 (map).
[24Sep2026 13:54:48.701] [Render thread/DEBUG] [net.minecraftforge.registries.ForgeRegistry/REGISTRIES]: Registry minecraft:item: Fixed minecraft:item id mismatch mekanism:module_motorized_servo_unit: 1356 (init) -> 1355 (map).
[24Sep2026 13:54:48.701] [Render thread/DEBUG] [net.minecraftforge.registries.ForgeRegistry/REGISTRIES]: Registry minecraft:item: Fixed minecraft:item id mismatch mekanism:module_nutritional_injection_unit: 1346 (init) -> 1345 (map).
[24Sep2026 13:54:48.701] [Render thread/DEBUG] [net.minecraftforge.registries.ForgeRegistry/REGISTRIES]: Registry minecraft:item: Fixed minecraft:item id mismatch mekanism:module_radiation_shielding_unit: 1333 (init) -> 1332 (map).
[24Sep2026 13:54:48.701] [Render thread/DEBUG] [net.minecraftforge.registries.ForgeRegistry/REGISTRIES]: Registry minecraft:item: Fixed minecraft:item id mismatch mekanism:module_shearing_unit: 1337 (init) -> 1336 (map).
[24Sep2026 13:54:48.701] [Render thread/DEBUG] [net.minecraftforge.registries.ForgeRegistry/REGISTRIES]: Registry minecraft:item: Fixed minecraft:item id mismatch mekanism:module_silk_touch_unit: 1338 (init) -> 1337 (map).
[24Sep2026 13:54:48.701] [Render thread/DEBUG] [net.minecraftforge.registries.ForgeRegistry/REGISTRIES]: Registry minecraft:item: Fixed minecraft:item id mismatch mekanism:module_teleportation_unit: 1342 (init) -> 1341 (map).
[24Sep2026 13:54:48.701] [Render thread/DEBUG] [net.minecraftforge.registries.ForgeRegistry/REGISTRIES]: Registry minecraft:item: Fixed minecraft:item id mismatch mekanism:module_vein_mining_unit: 1341 (init) -> 1340 (map).
[24Sep2026 13:54:48.701] [Render thread/DEBUG] [net.minecraftforge.registries.ForgeRegistry/REGISTRIES]: Registry minecraft:item: Fixed minecraft:item id mismatch mekanism:module_vision_enhancement_unit: 1345 (init) -> 1344 (map).
[24Sep2026 13:54:48.701] [Render thread/DEBUG] [net.minecraftforge.registries.ForgeRegistry/REGISTRIES]: Registry minecraft:item: Fixed minecraft:item id mismatch mekanism:network_reader: 1295 (init) -> 1294 (map).
[24Sep2026 13:54:48.701] [Render thread/DEBUG] [net.minecraftforge.registries.ForgeRegistry/REGISTRIES]: Registry minecraft:item: Fixed minecraft:item id mismatch mekanism:nugget_bronze: 1422 (init) -> 1421 (map).
[24Sep2026 13:54:48.702] [Render thread/DEBUG] [net.minecraftforge.registries.ForgeRegistry/REGISTRIES]: Registry minecraft:item: Fixed minecraft:item id mismatch mekanism:nugget_lead: 1470 (init) -> 1469 (map).
[24Sep2026 13:54:48.702] [Render thread/DEBUG] [net.minecraftforge.registries.ForgeRegistry/REGISTRIES]: Registry minecraft:item: Fixed minecraft:item id mismatch mekanism:nugget_osmium: 1468 (init) -> 1467 (map).
[24Sep2026 13:54:48.702] [Render thread/DEBUG] [net.minecraftforge.registries.ForgeRegistry/REGISTRIES]: Registry minecraft:item: Fixed minecraft:item id mismatch mekanism:nugget_refined_glowstone: 1423 (init) -> 1422 (map).
[24Sep2026 13:54:48.702] [Render thread/DEBUG] [net.minecraftforge.registries.ForgeRegistry/REGISTRIES]: Registry minecraft:item: Fixed minecraft:item id mismatch mekanism:nugget_refined_obsidian: 1421 (init) -> 1420 (map).
[24Sep2026 13:54:48.702] [Render thread/DEBUG] [net.minecraftforge.registries.ForgeRegistry/REGISTRIES]: Registry minecraft:item: Fixed minecraft:item id mismatch mekanism:nugget_steel: 1424 (init) -> 1423 (map).
[24Sep2026 13:54:48.702] [Render thread/DEBUG] [net.minecraftforge.registries.ForgeRegistry/REGISTRIES]: Registry minecraft:item: Fixed minecraft:item id mismatch mekanism:nugget_tin: 1469 (init) -> 1468 (map).
[24Sep2026 13:54:48.702] [Render thread/DEBUG] [net.minecraftforge.registries.ForgeRegistry/REGISTRIES]: Registry minecraft:item: Fixed minecraft:item id mismatch mekanism:nugget_uranium: 1471 (init) -> 1470 (map).
[24Sep2026 13:54:48.702] [Render thread/DEBUG] [net.minecraftforge.registries.ForgeRegistry/REGISTRIES]: Registry minecraft:item: Fixed minecraft:item id mismatch mekanism:nutritional_liquifier: 1588 (init) -> 1587 (map).
[24Sep2026 13:54:48.703] [Render thread/DEBUG] [net.minecraftforge.registries.ForgeRegistry/REGISTRIES]: Registry minecraft:item: Fixed minecraft:item id mismatch mekanism:nutritional_paste_bucket: 1670 (init) -> 1669 (map).
[24Sep2026 13:54:48.703] [Render thread/DEBUG] [net.minecraftforge.registries.ForgeRegistry/REGISTRIES]: Registry minecraft:item: Fixed minecraft:item id mismatch mekanism:oredictionificator: 1600 (init) -> 1599 (map).
[24Sep2026 13:54:48.703] [Render thread/DEBUG] [net.minecraftforge.registries.ForgeRegistry/REGISTRIES]: Registry minecraft:item: Fixed minecraft:item id mismatch mekanism:osmium_compressor: 1563 (init) -> 1562 (map).
[24Sep2026 13:54:48.703] [Render thread/DEBUG] [net.minecraftforge.registries.ForgeRegistry/REGISTRIES]: Registry minecraft:item: Fixed minecraft:item id mismatch mekanism:osmium_ore: 1518 (init) -> 1517 (map).
[24Sep2026 13:54:48.703] [Render thread/DEBUG] [net.minecraftforge.registries.ForgeRegistry/REGISTRIES]: Registry minecraft:item: Fixed minecraft:item id mismatch mekanism:oxygen_bucket: 1654 (init) -> 1653 (map).
[24Sep2026 13:54:48.703] [Render thread/DEBUG] [net.minecraftforge.registries.ForgeRegistry/REGISTRIES]: Registry minecraft:item: Fixed minecraft:item id mismatch mekanism:painting_machine: 1608 (init) -> 1607 (map).
[24Sep2026 13:54:48.703] [Render thread/DEBUG] [net.minecraftforge.registries.ForgeRegistry/REGISTRIES]: Registry minecraft:item: Fixed minecraft:item id mismatch mekanism:pellet_antimatter: 1390 (init) -> 1389 (map).
[24Sep2026 13:54:48.703] [Render thread/DEBUG] [net.minecraftforge.registries.ForgeRegistry/REGISTRIES]: Registry minecraft:item: Fixed minecraft:item id mismatch mekanism:pellet_plutonium: 1391 (init) -> 1390 (map).
[24Sep2026 13:54:48.703] [Render thread/DEBUG] [net.minecraftforge.registries.ForgeRegistry/REGISTRIES]: Registry minecraft:item: Fixed minecraft:item id mismatch mekanism:pellet_polonium: 1392 (init) -> 1391 (map).
[24Sep2026 13:54:48.703] [Render thread/DEBUG] [net.minecraftforge.registries.ForgeRegistry/REGISTRIES]: Registry minecraft:item: Fixed minecraft:item id mismatch mekanism:personal_barrel: 1572 (init) -> 1571 (map).
[24Sep2026 13:54:48.703] [Render thread/DEBUG] [net.minecraftforge.registries.ForgeRegistry/REGISTRIES]: Registry minecraft:item: Fixed minecraft:item id mismatch mekanism:personal_chest: 1573 (init) -> 1572 (map).
[24Sep2026 13:54:48.703] [Render thread/DEBUG] [net.minecraftforge.registries.ForgeRegistry/REGISTRIES]: Registry minecraft:item: Fixed minecraft:item id mismatch mekanism:pigment_extractor: 1606 (init) -> 1605 (map).
[24Sep2026 13:54:48.703] [Render thread/DEBUG] [net.minecraftforge.registries.ForgeRegistry/REGISTRIES]: Registry minecraft:item: Fixed minecraft:item id mismatch mekanism:pigment_mixer: 1607 (init) -> 1606 (map).
[24Sep2026 13:54:48.703] [Render thread/DEBUG] [net.minecraftforge.registries.ForgeRegistry/REGISTRIES]: Registry minecraft:item: Fixed minecraft:item id mismatch mekanism:portable_qio_dashboard: 1305 (init) -> 1304 (map).
[24Sep2026 13:54:48.703] [Render thread/DEBUG] [net.minecraftforge.registries.ForgeRegistry/REGISTRIES]: Registry minecraft:item: Fixed minecraft:item id mismatch mekanism:portable_teleporter: 1297 (init) -> 1296 (map).
[24Sep2026 13:54:48.703] [Render thread/DEBUG] [net.minecraftforge.registries.ForgeRegistry/REGISTRIES]: Registry minecraft:item: Fixed minecraft:item id mismatch mekanism:precision_sawmill: 1581 (init) -> 1580 (map).
[24Sep2026 13:54:48.703] [Render thread/DEBUG] [net.minecraftforge.registries.ForgeRegistry/REGISTRIES]: Registry minecraft:item: Fixed minecraft:item id mismatch mekanism:pressure_disperser: 1556 (init) -> 1555 (map).
[24Sep2026 13:54:48.703] [Render thread/DEBUG] [net.minecraftforge.registries.ForgeRegistry/REGISTRIES]: Registry minecraft:item: Fixed minecraft:item id mismatch mekanism:pressurized_reaction_chamber: 1586 (init) -> 1585 (map).
[24Sep2026 13:54:48.703] [Render thread/DEBUG] [net.minecraftforge.registries.ForgeRegistry/REGISTRIES]: Registry minecraft:item: Fixed minecraft:item id mismatch mekanism:purification_chamber: 1568 (init) -> 1567 (map).
[24Sep2026 13:54:48.703] [Render thread/DEBUG] [net.minecraftforge.registries.ForgeRegistry/REGISTRIES]: Registry minecraft:item: Fixed minecraft:item id mismatch mekanism:qio_dashboard: 1614 (init) -> 1613 (map).
[24Sep2026 13:54:48.703] [Render thread/DEBUG] [net.minecraftforge.registries.ForgeRegistry/REGISTRIES]: Registry minecraft:item: Fixed minecraft:item id mismatch mekanism:qio_drive_array: 1613 (init) -> 1612 (map).
[24Sep2026 13:54:48.703] [Render thread/DEBUG] [net.minecraftforge.registries.ForgeRegistry/REGISTRIES]: Registry minecraft:item: Fixed minecraft:item id mismatch mekanism:qio_drive_base: 1306 (init) -> 1305 (map).
[24Sep2026 13:54:48.703] [Render thread/DEBUG] [net.minecraftforge.registries.ForgeRegistry/REGISTRIES]: Registry minecraft:item: Fixed minecraft:item id mismatch mekanism:qio_drive_hyper_dense: 1307 (init) -> 1306 (map).
[24Sep2026 13:54:48.703] [Render thread/DEBUG] [net.minecraftforge.registries.ForgeRegistry/REGISTRIES]: Registry minecraft:item: Fixed minecraft:item id mismatch mekanism:qio_drive_supermassive: 1309 (init) -> 1308 (map).
[24Sep2026 13:54:48.703] [Render thread/DEBUG] [net.minecraftforge.registries.ForgeRegistry/REGISTRIES]: Registry minecraft:item: Fixed minecraft:item id mismatch mekanism:qio_drive_time_dilating: 1308 (init) -> 1307 (map).
[24Sep2026 13:54:48.703] [Render thread/DEBUG] [net.minecraftforge.registries.ForgeRegistry/REGISTRIES]: Registry minecraft:item: Fixed minecraft:item id mismatch mekanism:qio_exporter: 1616 (init) -> 1615 (map).
[24Sep2026 13:54:48.703] [Render thread/DEBUG] [net.minecraftforge.registries.ForgeRegistry/REGISTRIES]: Registry minecraft:item: Fixed minecraft:item id mismatch mekanism:qio_importer: 1615 (init) -> 1614 (map).
[24Sep2026 13:54:48.703] [Render thread/DEBUG] [net.minecraftforge.registries.ForgeRegistry/REGISTRIES]: Registry minecraft:item: Fixed minecraft:item id mismatch mekanism:qio_redstone_adapter: 1617 (init) -> 1616 (map).
[24Sep2026 13:54:48.703] [Render thread/DEBUG] [net.minecraftforge.registries.ForgeRegistry/REGISTRIES]: Registry minecraft:item: Fixed minecraft:item id mismatch mekanism:quantum_entangloporter: 1598 (init) -> 1597 (map).
[24Sep2026 13:54:48.703] [Render thread/DEBUG] [net.minecraftforge.registries.ForgeRegistry/REGISTRIES]: Registry minecraft:item: Fixed minecraft:item id mismatch mekanism:radioactive_waste_barrel: 1560 (init) -> 1559 (map).
[24Sep2026 13:54:48.704] [Render thread/DEBUG] [net.minecraftforge.registries.ForgeRegistry/REGISTRIES]: Registry minecraft:item: Fixed minecraft:item id mismatch mekanism:raw_lead: 1466 (init) -> 1465 (map).
[24Sep2026 13:54:48.704] [Render thread/DEBUG] [net.minecraftforge.registries.ForgeRegistry/REGISTRIES]: Registry minecraft:item: Fixed minecraft:item id mismatch mekanism:raw_osmium: 1464 (init) -> 1463 (map).
[24Sep2026 13:54:48.704] [Render thread/DEBUG] [net.minecraftforge.registries.ForgeRegistry/REGISTRIES]: Registry minecraft:item: Fixed minecraft:item id mismatch mekanism:raw_tin: 1465 (init) -> 1464 (map).
[24Sep2026 13:54:48.704] [Render thread/DEBUG] [net.minecraftforge.registries.ForgeRegistry/REGISTRIES]: Registry minecraft:item: Fixed minecraft:item id mismatch mekanism:raw_uranium: 1467 (init) -> 1466 (map).
[24Sep2026 13:54:48.704] [Render thread/DEBUG] [net.minecraftforge.registries.ForgeRegistry/REGISTRIES]: Registry minecraft:item: Fixed minecraft:item id mismatch mekanism:reprocessed_fissile_fragment: 1393 (init) -> 1392 (map).
[24Sep2026 13:54:48.704] [Render thread/DEBUG] [net.minecraftforge.registries.ForgeRegistry/REGISTRIES]: Registry minecraft:item: Fixed minecraft:item id mismatch mekanism:resistive_heater: 1601 (init) -> 1600 (map).
[24Sep2026 13:54:48.704] [Render thread/DEBUG] [net.minecraftforge.registries.ForgeRegistry/REGISTRIES]: Registry minecraft:item: Fixed minecraft:item id mismatch mekanism:restrictive_transporter: 1639 (init) -> 1638 (map).
[24Sep2026 13:54:48.704] [Render thread/DEBUG] [net.minecraftforge.registries.ForgeRegistry/REGISTRIES]: Registry minecraft:item: Fixed minecraft:item id mismatch mekanism:robit: 1292 (init) -> 1291 (map).
[24Sep2026 13:54:48.704] [Render thread/DEBUG] [net.minecraftforge.registries.ForgeRegistry/REGISTRIES]: Registry minecraft:item: Fixed minecraft:item id mismatch mekanism:rotary_condensentrator: 1576 (init) -> 1575 (map).
[24Sep2026 13:54:48.704] [Render thread/DEBUG] [net.minecraftforge.registries.ForgeRegistry/REGISTRIES]: Registry minecraft:item: Fixed minecraft:item id mismatch mekanism:salt: 1396 (init) -> 1395 (map).
[24Sep2026 13:54:48.704] [Render thread/DEBUG] [net.minecraftforge.registries.ForgeRegistry/REGISTRIES]: Registry minecraft:item: Fixed minecraft:item id mismatch mekanism:sawdust: 1395 (init) -> 1394 (map).
[24Sep2026 13:54:48.704] [Render thread/DEBUG] [net.minecraftforge.registries.ForgeRegistry/REGISTRIES]: Registry minecraft:item: Fixed minecraft:item id mismatch mekanism:scuba_mask: 1316 (init) -> 1315 (map).
[24Sep2026 13:54:48.704] [Render thread/DEBUG] [net.minecraftforge.registries.ForgeRegistry/REGISTRIES]: Registry minecraft:item: Fixed minecraft:item id mismatch mekanism:scuba_tank: 1317 (init) -> 1316 (map).
[24Sep2026 13:54:48.704] [Render thread/DEBUG] [net.minecraftforge.registries.ForgeRegistry/REGISTRIES]: Registry minecraft:item: Fixed minecraft:item id mismatch mekanism:security_desk: 1559 (init) -> 1558 (map).
[24Sep2026 13:54:48.704] [Render thread/DEBUG] [net.minecraftforge.registries.ForgeRegistry/REGISTRIES]: Registry minecraft:item: Fixed minecraft:item id mismatch mekanism:seismic_reader: 1300 (init) -> 1299 (map).
[24Sep2026 13:54:48.704] [Render thread/DEBUG] [net.minecraftforge.registries.ForgeRegistry/REGISTRIES]: Registry minecraft:item: Fixed minecraft:item id mismatch mekanism:seismic_vibrator: 1585 (init) -> 1584 (map).
[24Sep2026 13:54:48.704] [Render thread/DEBUG] [net.minecraftforge.registries.ForgeRegistry/REGISTRIES]: Registry minecraft:item: Fixed minecraft:item id mismatch mekanism:shard_copper: 1428 (init) -> 1427 (map).
[24Sep2026 13:54:48.704] [Render thread/DEBUG] [net.minecraftforge.registries.ForgeRegistry/REGISTRIES]: Registry minecraft:item: Fixed minecraft:item id mismatch mekanism:shard_gold: 1426 (init) -> 1425 (map).
[24Sep2026 13:54:48.704] [Render thread/DEBUG] [net.minecraftforge.registries.ForgeRegistry/REGISTRIES]: Registry minecraft:item: Fixed minecraft:item id mismatch mekanism:shard_iron: 1425 (init) -> 1424 (map).
[24Sep2026 13:54:48.704] [Render thread/DEBUG] [net.minecraftforge.registries.ForgeRegistry/REGISTRIES]: Registry minecraft:item: Fixed minecraft:item id mismatch mekanism:shard_lead: 1430 (init) -> 1429 (map).
[24Sep2026 13:54:48.704] [Render thread/DEBUG] [net.minecraftforge.registries.ForgeRegistry/REGISTRIES]: Registry minecraft:item: Fixed minecraft:item id mismatch mekanism:shard_osmium: 1427 (init) -> 1426 (map).
[24Sep2026 13:54:48.704] [Render thread/DEBUG] [net.minecraftforge.registries.ForgeRegistry/REGISTRIES]: Registry minecraft:item: Fixed minecraft:item id mismatch mekanism:shard_tin: 1429 (init) -> 1428 (map).
[24Sep2026 13:54:48.704] [Render thread/DEBUG] [net.minecraftforge.registries.ForgeRegistry/REGISTRIES]: Registry minecraft:item: Fixed minecraft:item id mismatch mekanism:shard_uranium: 1431 (init) -> 1430 (map).
[24Sep2026 13:54:48.704] [Render thread/DEBUG] [net.minecraftforge.registries.ForgeRegistry/REGISTRIES]: Registry minecraft:item: Fixed minecraft:item id mismatch mekanism:sodium_bucket: 1664 (init) -> 1663 (map).
[24Sep2026 13:54:48.704] [Render thread/DEBUG] [net.minecraftforge.registries.ForgeRegistry/REGISTRIES]: Registry minecraft:item: Fixed minecraft:item id mismatch mekanism:solar_neutron_activator: 1599 (init) -> 1598 (map).
[24Sep2026 13:54:48.704] [Render thread/DEBUG] [net.minecraftforge.registries.ForgeRegistry/REGISTRIES]: Registry minecraft:item: Fixed minecraft:item id mismatch mekanism:sps_casing: 1609 (init) -> 1608 (map).
[24Sep2026 13:54:48.704] [Render thread/DEBUG] [net.minecraftforge.registries.ForgeRegistry/REGISTRIES]: Registry minecraft:item: Fixed minecraft:item id mismatch mekanism:sps_port: 1610 (init) -> 1609 (map).
[24Sep2026 13:54:48.704] [Render thread/DEBUG] [net.minecraftforge.registries.ForgeRegistry/REGISTRIES]: Registry minecraft:item: Fixed minecraft:item id mismatch mekanism:steam_bucket: 1668 (init) -> 1667 (map).
[24Sep2026 13:54:48.704] [Render thread/DEBUG] [net.minecraftforge.registries.ForgeRegistry/REGISTRIES]: Registry minecraft:item: Fixed minecraft:item id mismatch mekanism:steel_casing: 1538 (init) -> 1537 (map).
[24Sep2026 13:54:48.704] [Render thread/DEBUG] [net.minecraftforge.registries.ForgeRegistry/REGISTRIES]: Registry minecraft:item: Fixed minecraft:item id mismatch mekanism:structural_glass: 1540 (init) -> 1539 (map).
[24Sep2026 13:54:48.705] [Render thread/DEBUG] [net.minecraftforge.registries.ForgeRegistry/REGISTRIES]: Registry minecraft:item: Fixed minecraft:item id mismatch mekanism:substrate: 1397 (init) -> 1396 (map).
[24Sep2026 13:54:48.705] [Render thread/DEBUG] [net.minecraftforge.registries.ForgeRegistry/REGISTRIES]: Registry minecraft:item: Fixed minecraft:item id mismatch mekanism:sulfur_dioxide_bucket: 1656 (init) -> 1655 (map).
[24Sep2026 13:54:48.705] [Render thread/DEBUG] [net.minecraftforge.registries.ForgeRegistry/REGISTRIES]: Registry minecraft:item: Fixed minecraft:item id mismatch mekanism:sulfur_trioxide_bucket: 1657 (init) -> 1656 (map).
[24Sep2026 13:54:48.705] [Render thread/DEBUG] [net.minecraftforge.registries.ForgeRegistry/REGISTRIES]: Registry minecraft:item: Fixed minecraft:item id mismatch mekanism:sulfuric_acid_bucket: 1658 (init) -> 1657 (map).
[24Sep2026 13:54:48.705] [Render thread/DEBUG] [net.minecraftforge.registries.ForgeRegistry/REGISTRIES]: Registry minecraft:item: Fixed minecraft:item id mismatch mekanism:supercharged_coil: 1611 (init) -> 1610 (map).
[24Sep2026 13:54:48.705] [Render thread/DEBUG] [net.minecraftforge.registries.ForgeRegistry/REGISTRIES]: Registry minecraft:item: Fixed minecraft:item id mismatch mekanism:superheated_sodium_bucket: 1665 (init) -> 1664 (map).
[24Sep2026 13:54:48.705] [Render thread/DEBUG] [net.minecraftforge.registries.ForgeRegistry/REGISTRIES]: Registry minecraft:item: Fixed minecraft:item id mismatch mekanism:superheating_element: 1555 (init) -> 1554 (map).
[24Sep2026 13:54:48.705] [Render thread/DEBUG] [net.minecraftforge.registries.ForgeRegistry/REGISTRIES]: Registry minecraft:item: Fixed minecraft:item id mismatch mekanism:teleportation_core: 1389 (init) -> 1388 (map).
[24Sep2026 13:54:48.705] [Render thread/DEBUG] [net.minecraftforge.registries.ForgeRegistry/REGISTRIES]: Registry minecraft:item: Fixed minecraft:item id mismatch mekanism:teleporter: 1570 (init) -> 1569 (map).
[24Sep2026 13:54:48.705] [Render thread/DEBUG] [net.minecraftforge.registries.ForgeRegistry/REGISTRIES]: Registry minecraft:item: Fixed minecraft:item id mismatch mekanism:teleporter_frame: 1537 (init) -> 1536 (map).
[24Sep2026 13:54:48.705] [Render thread/DEBUG] [net.minecraftforge.registries.ForgeRegistry/REGISTRIES]: Registry minecraft:item: Fixed minecraft:item id mismatch mekanism:thermal_evaporation_block: 1544 (init) -> 1543 (map).
[24Sep2026 13:54:48.705] [Render thread/DEBUG] [net.minecraftforge.registries.ForgeRegistry/REGISTRIES]: Registry minecraft:item: Fixed minecraft:item id mismatch mekanism:thermal_evaporation_controller: 1542 (init) -> 1541 (map).
[24Sep2026 13:54:48.705] [Render thread/DEBUG] [net.minecraftforge.registries.ForgeRegistry/REGISTRIES]: Registry minecraft:item: Fixed minecraft:item id mismatch mekanism:thermal_evaporation_valve: 1543 (init) -> 1542 (map).
[24Sep2026 13:54:48.705] [Render thread/DEBUG] [net.minecraftforge.registries.ForgeRegistry/REGISTRIES]: Registry minecraft:item: Fixed minecraft:item id mismatch mekanism:tin_ore: 1516 (init) -> 1515 (map).
[24Sep2026 13:54:48.705] [Render thread/DEBUG] [net.minecraftforge.registries.ForgeRegistry/REGISTRIES]: Registry minecraft:item: Fixed minecraft:item id mismatch mekanism:ultimate_bin: 1535 (init) -> 1534 (map).
[24Sep2026 13:54:48.705] [Render thread/DEBUG] [net.minecraftforge.registries.ForgeRegistry/REGISTRIES]: Registry minecraft:item: Fixed minecraft:item id mismatch mekanism:ultimate_chemical_tank: 1649 (init) -> 1648 (map).
[24Sep2026 13:54:48.705] [Render thread/DEBUG] [net.minecraftforge.registries.ForgeRegistry/REGISTRIES]: Registry minecraft:item: Fixed minecraft:item id mismatch mekanism:ultimate_combining_factory: 1503 (init) -> 1502 (map).
[24Sep2026 13:54:48.705] [Render thread/DEBUG] [net.minecraftforge.registries.ForgeRegistry/REGISTRIES]: Registry minecraft:item: Fixed minecraft:item id mismatch mekanism:ultimate_compressing_factory: 1502 (init) -> 1501 (map).
[24Sep2026 13:54:48.705] [Render thread/DEBUG] [net.minecraftforge.registries.ForgeRegistry/REGISTRIES]: Registry minecraft:item: Fixed minecraft:item id mismatch mekanism:ultimate_control_circuit: 1374 (init) -> 1373 (map).
[24Sep2026 13:54:48.705] [Render thread/DEBUG] [net.minecraftforge.registries.ForgeRegistry/REGISTRIES]: Registry minecraft:item: Fixed minecraft:item id mismatch mekanism:ultimate_crushing_factory: 1501 (init) -> 1500 (map).
[24Sep2026 13:54:48.705] [Render thread/DEBUG] [net.minecraftforge.registries.ForgeRegistry/REGISTRIES]: Registry minecraft:item: Fixed minecraft:item id mismatch mekanism:ultimate_energy_cube: 1621 (init) -> 1620 (map).
[24Sep2026 13:54:48.705] [Render thread/DEBUG] [net.minecraftforge.registries.ForgeRegistry/REGISTRIES]: Registry minecraft:item: Fixed minecraft:item id mismatch mekanism:ultimate_enriching_factory: 1500 (init) -> 1499 (map).
[24Sep2026 13:54:48.705] [Render thread/DEBUG] [net.minecraftforge.registries.ForgeRegistry/REGISTRIES]: Registry minecraft:item: Fixed minecraft:item id mismatch mekanism:ultimate_fluid_tank: 1592 (init) -> 1591 (map).
[24Sep2026 13:54:48.705] [Render thread/DEBUG] [net.minecraftforge.registries.ForgeRegistry/REGISTRIES]: Registry minecraft:item: Fixed minecraft:item id mismatch mekanism:ultimate_induction_cell: 1550 (init) -> 1549 (map).
[24Sep2026 13:54:48.705] [Render thread/DEBUG] [net.minecraftforge.registries.ForgeRegistry/REGISTRIES]: Registry minecraft:item: Fixed minecraft:item id mismatch mekanism:ultimate_induction_provider: 1554 (init) -> 1553 (map).
[24Sep2026 13:54:48.705] [Render thread/DEBUG] [net.minecraftforge.registries.ForgeRegistry/REGISTRIES]: Registry minecraft:item: Fixed minecraft:item id mismatch mekanism:ultimate_infusing_factory: 1506 (init) -> 1505 (map).
[24Sep2026 13:54:48.705] [Render thread/DEBUG] [net.minecraftforge.registries.ForgeRegistry/REGISTRIES]: Registry minecraft:item: Fixed minecraft:item id mismatch mekanism:ultimate_injecting_factory: 1505 (init) -> 1504 (map).
[24Sep2026 13:54:48.705] [Render thread/DEBUG] [net.minecraftforge.registries.ForgeRegistry/REGISTRIES]: Registry minecraft:item: Fixed minecraft:item id mismatch mekanism:ultimate_logistical_transporter: 1638 (init) -> 1637 (map).
[24Sep2026 13:54:48.705] [Render thread/DEBUG] [net.minecraftforge.registries.ForgeRegistry/REGISTRIES]: Registry minecraft:item: Fixed minecraft:item id mismatch mekanism:ultimate_mechanical_pipe: 1630 (init) -> 1629 (map).
[24Sep2026 13:54:48.705] [Render thread/DEBUG] [net.minecraftforge.registries.ForgeRegistry/REGISTRIES]: Registry minecraft:item: Fixed minecraft:item id mismatch mekanism:ultimate_pressurized_tube: 1634 (init) -> 1633 (map).
[24Sep2026 13:54:48.705] [Render thread/DEBUG] [net.minecraftforge.registries.ForgeRegistry/REGISTRIES]: Registry minecraft:item: Fixed minecraft:item id mismatch mekanism:ultimate_purifying_factory: 1504 (init) -> 1503 (map).
[24Sep2026 13:54:48.705] [Render thread/DEBUG] [net.minecraftforge.registries.ForgeRegistry/REGISTRIES]: Registry minecraft:item: Fixed minecraft:item id mismatch mekanism:ultimate_sawing_factory: 1507 (init) -> 1506 (map).
[24Sep2026 13:54:48.705] [Render thread/DEBUG] [net.minecraftforge.registries.ForgeRegistry/REGISTRIES]: Registry minecraft:item: Fixed minecraft:item id mismatch mekanism:ultimate_smelting_factory: 1499 (init) -> 1498 (map).
[24Sep2026 13:54:48.705] [Render thread/DEBUG] [net.minecraftforge.registries.ForgeRegistry/REGISTRIES]: Registry minecraft:item: Fixed minecraft:item id mismatch mekanism:ultimate_thermodynamic_conductor: 1644 (init) -> 1643 (map).
[24Sep2026 13:54:48.705] [Render thread/DEBUG] [net.minecraftforge.registries.ForgeRegistry/REGISTRIES]: Registry minecraft:item: Fixed minecraft:item id mismatch mekanism:ultimate_tier_installer: 1370 (init) -> 1369 (map).
[24Sep2026 13:54:48.705] [Render thread/DEBUG] [net.minecraftforge.registries.ForgeRegistry/REGISTRIES]: Registry minecraft:item: Fixed minecraft:item id mismatch mekanism:ultimate_universal_cable: 1626 (init) -> 1625 (map).
[24Sep2026 13:54:48.705] [Render thread/DEBUG] [net.minecraftforge.registries.ForgeRegistry/REGISTRIES]: Registry minecraft:item: Fixed minecraft:item id mismatch mekanism:upgrade_anchor: 1365 (init) -> 1364 (map).
[24Sep2026 13:54:48.705] [Render thread/DEBUG] [net.minecraftforge.registries.ForgeRegistry/REGISTRIES]: Registry minecraft:item: Fixed minecraft:item id mismatch mekanism:upgrade_energy: 1361 (init) -> 1360 (map).
[24Sep2026 13:54:48.705] [Render thread/DEBUG] [net.minecraftforge.registries.ForgeRegistry/REGISTRIES]: Registry minecraft:item: Fixed minecraft:item id mismatch mekanism:upgrade_filter: 1362 (init) -> 1361 (map).
[24Sep2026 13:54:48.705] [Render thread/DEBUG] [net.minecraftforge.registries.ForgeRegistry/REGISTRIES]: Registry minecraft:item: Fixed minecraft:item id mismatch mekanism:upgrade_gas: 1364 (init) -> 1363 (map).
[24Sep2026 13:54:48.705] [Render thread/DEBUG] [net.minecraftforge.registries.ForgeRegistry/REGISTRIES]: Registry minecraft:item: Fixed minecraft:item id mismatch mekanism:upgrade_muffling: 1363 (init) -> 1362 (map).
[24Sep2026 13:54:48.705] [Render thread/DEBUG] [net.minecraftforge.registries.ForgeRegistry/REGISTRIES]: Registry minecraft:item: Fixed minecraft:item id mismatch mekanism:upgrade_speed: 1360 (init) -> 1359 (map).
[24Sep2026 13:54:48.705] [Render thread/DEBUG] [net.minecraftforge.registries.ForgeRegistry/REGISTRIES]: Registry minecraft:item: Fixed minecraft:item id mismatch mekanism:upgrade_stone_generator: 1366 (init) -> 1365 (map).
[24Sep2026 13:54:48.705] [Render thread/DEBUG] [net.minecraftforge.registries.ForgeRegistry/REGISTRIES]: Registry minecraft:item: Fixed minecraft:item id mismatch mekanism:uranium_hexafluoride_bucket: 1662 (init) -> 1661 (map).
[24Sep2026 13:54:48.705] [Render thread/DEBUG] [net.minecraftforge.registries.ForgeRegistry/REGISTRIES]: Registry minecraft:item: Fixed minecraft:item id mismatch mekanism:uranium_ore: 1520 (init) -> 1519 (map).
[24Sep2026 13:54:48.706] [Render thread/DEBUG] [net.minecraftforge.registries.ForgeRegistry/REGISTRIES]: Registry minecraft:item: Fixed minecraft:item id mismatch mekanism:uranium_oxide_bucket: 1661 (init) -> 1660 (map).
[24Sep2026 13:54:48.706] [Render thread/DEBUG] [net.minecraftforge.registries.ForgeRegistry/REGISTRIES]: Registry minecraft:item: Fixed minecraft:item id mismatch mekanism:yellow_cake_uranium: 1401 (init) -> 1400 (map).
[24Sep2026 13:54:48.712] [Render thread/DEBUG] [net.minecraftforge.registries.ForgeRegistry/REGISTRIES]: Registry minecraft:sound_event: Fixed minecraft:sound_event id mismatch aperture_innovations:turret_different_chatter: 1498 (init) -> 1543 (map).
[24Sep2026 13:54:48.712] [Render thread/DEBUG] [net.minecraftforge.registries.ForgeRegistry/REGISTRIES]: Registry minecraft:sound_event: Fixed minecraft:sound_event id mismatch aperture_innovations:turret_different_death: 1499 (init) -> 1544 (map).
[24Sep2026 13:54:48.712] [Render thread/DEBUG] [net.minecraftforge.registries.ForgeRegistry/REGISTRIES]: Registry minecraft:sound_event: Fixed minecraft:sound_event id mismatch aperture_innovations:turret_different_intro: 1497 (init) -> 1542 (map).
[24Sep2026 13:54:48.712] [Render thread/DEBUG] [net.minecraftforge.registries.ForgeRegistry/REGISTRIES]: Registry minecraft:sound_event: Fixed minecraft:sound_event id mismatch aperture_innovations:turret_wife_serenade: 1496 (init) -> 1541 (map).
[24Sep2026 13:54:48.712] [Render thread/DEBUG] [net.minecraftforge.registries.ForgeRegistry/REGISTRIES]: Registry minecraft:sound_event: Fixed minecraft:sound_event id mismatch mekanism:gui.digital_beep: 1539 (init) -> 1535 (map).
[24Sep2026 13:54:48.712] [Render thread/DEBUG] [net.minecraftforge.registries.ForgeRegistry/REGISTRIES]: Registry minecraft:sound_event: Fixed minecraft:sound_event id mismatch mekanism:item.flamethrower.active: 1530 (init) -> 1526 (map).
[24Sep2026 13:54:48.712] [Render thread/DEBUG] [net.minecraftforge.registries.ForgeRegistry/REGISTRIES]: Registry minecraft:sound_event: Fixed minecraft:sound_event id mismatch mekanism:item.flamethrower.idle: 1529 (init) -> 1525 (map).
[24Sep2026 13:54:48.712] [Render thread/DEBUG] [net.minecraftforge.registries.ForgeRegistry/REGISTRIES]: Registry minecraft:sound_event: Fixed minecraft:sound_event id mismatch mekanism:item.geiger_elevated: 1537 (init) -> 1533 (map).
[24Sep2026 13:54:48.712] [Render thread/DEBUG] [net.minecraftforge.registries.ForgeRegistry/REGISTRIES]: Registry minecraft:sound_event: Fixed minecraft:sound_event id mismatch mekanism:item.geiger_fast: 1538 (init) -> 1534 (map).
[24Sep2026 13:54:48.712] [Render thread/DEBUG] [net.minecraftforge.registries.ForgeRegistry/REGISTRIES]: Registry minecraft:sound_event: Fixed minecraft:sound_event id mismatch mekanism:item.geiger_medium: 1536 (init) -> 1532 (map).
[24Sep2026 13:54:48.712] [Render thread/DEBUG] [net.minecraftforge.registries.ForgeRegistry/REGISTRIES]: Registry minecraft:sound_event: Fixed minecraft:sound_event id mismatch mekanism:item.geiger_slow: 1535 (init) -> 1531 (map).
[24Sep2026 13:54:48.712] [Render thread/DEBUG] [net.minecraftforge.registries.ForgeRegistry/REGISTRIES]: Registry minecraft:sound_event: Fixed minecraft:sound_event id mismatch mekanism:item.gravitational_modulation_unit: 1534 (init) -> 1530 (map).
[24Sep2026 13:54:48.712] [Render thread/DEBUG] [net.minecraftforge.registries.ForgeRegistry/REGISTRIES]: Registry minecraft:sound_event: Fixed minecraft:sound_event id mismatch mekanism:item.hydraulic: 1533 (init) -> 1529 (map).
[24Sep2026 13:54:48.712] [Render thread/DEBUG] [net.minecraftforge.registries.ForgeRegistry/REGISTRIES]: Registry minecraft:sound_event: Fixed minecraft:sound_event id mismatch mekanism:item.jetpack: 1532 (init) -> 1528 (map).
[24Sep2026 13:54:48.712] [Render thread/DEBUG] [net.minecraftforge.registries.ForgeRegistry/REGISTRIES]: Registry minecraft:sound_event: Fixed minecraft:sound_event id mismatch mekanism:item.scuba_mask: 1531 (init) -> 1527 (map).
[24Sep2026 13:54:48.712] [Render thread/DEBUG] [net.minecraftforge.registries.ForgeRegistry/REGISTRIES]: Registry minecraft:sound_event: Fixed minecraft:sound_event id mismatch mekanism:tile.christmas.1: 1540 (init) -> 1536 (map).
[24Sep2026 13:54:48.712] [Render thread/DEBUG] [net.minecraftforge.registries.ForgeRegistry/REGISTRIES]: Registry minecraft:sound_event: Fixed minecraft:sound_event id mismatch mekanism:tile.christmas.2: 1541 (init) -> 1537 (map).
[24Sep2026 13:54:48.712] [Render thread/DEBUG] [net.minecraftforge.registries.ForgeRegistry/REGISTRIES]: Registry minecraft:sound_event: Fixed minecraft:sound_event id mismatch mekanism:tile.christmas.3: 1542 (init) -> 1538 (map).
[24Sep2026 13:54:48.712] [Render thread/DEBUG] [net.minecraftforge.registries.ForgeRegistry/REGISTRIES]: Registry minecraft:sound_event: Fixed minecraft:sound_event id mismatch mekanism:tile.christmas.4: 1543 (init) -> 1539 (map).
[24Sep2026 13:54:48.712] [Render thread/DEBUG] [net.minecraftforge.registries.ForgeRegistry/REGISTRIES]: Registry minecraft:sound_event: Fixed minecraft:sound_event id mismatch mekanism:tile.christmas.5: 1544 (init) -> 1540 (map).
[24Sep2026 13:54:48.712] [Render thread/DEBUG] [net.minecraftforge.registries.ForgeRegistry/REGISTRIES]: Registry minecraft:sound_event: Fixed minecraft:sound_event id mismatch mekanism:tile.machine.antiprotonic_nucleosynthesizer: 1524 (init) -> 1520 (map).
[24Sep2026 13:54:48.712] [Render thread/DEBUG] [net.minecraftforge.registries.ForgeRegistry/REGISTRIES]: Registry minecraft:sound_event: Fixed minecraft:sound_event id mismatch mekanism:tile.machine.chargepad: 1500 (init) -> 1496 (map).
[24Sep2026 13:54:48.712] [Render thread/DEBUG] [net.minecraftforge.registries.ForgeRegistry/REGISTRIES]: Registry minecraft:sound_event: Fixed minecraft:sound_event id mismatch mekanism:tile.machine.chemical_crystallizer: 1501 (init) -> 1497 (map).
[24Sep2026 13:54:48.712] [Render thread/DEBUG] [net.minecraftforge.registries.ForgeRegistry/REGISTRIES]: Registry minecraft:sound_event: Fixed minecraft:sound_event id mismatch mekanism:tile.machine.chemical_dissolution_chamber: 1502 (init) -> 1498 (map).
[24Sep2026 13:54:48.712] [Render thread/DEBUG] [net.minecraftforge.registries.ForgeRegistry/REGISTRIES]: Registry minecraft:sound_event: Fixed minecraft:sound_event id mismatch mekanism:tile.machine.chemical_infuser: 1503 (init) -> 1499 (map).
[24Sep2026 13:54:48.712] [Render thread/DEBUG] [net.minecraftforge.registries.ForgeRegistry/REGISTRIES]: Registry minecraft:sound_event: Fixed minecraft:sound_event id mismatch mekanism:tile.machine.chemical_injection_chamber: 1504 (init) -> 1500 (map).
[24Sep2026 13:54:48.712] [Render thread/DEBUG] [net.minecraftforge.registries.ForgeRegistry/REGISTRIES]: Registry minecraft:sound_event: Fixed minecraft:sound_event id mismatch mekanism:tile.machine.chemical_oxidizer: 1505 (init) -> 1501 (map).
[24Sep2026 13:54:48.712] [Render thread/DEBUG] [net.minecraftforge.registries.ForgeRegistry/REGISTRIES]: Registry minecraft:sound_event: Fixed minecraft:sound_event id mismatch mekanism:tile.machine.chemical_washer: 1506 (init) -> 1502 (map).
[24Sep2026 13:54:48.713] [Render thread/DEBUG] [net.minecraftforge.registries.ForgeRegistry/REGISTRIES]: Registry minecraft:sound_event: Fixed minecraft:sound_event id mismatch mekanism:tile.machine.combiner: 1507 (init) -> 1503 (map).
[24Sep2026 13:54:48.713] [Render thread/DEBUG] [net.minecraftforge.registries.ForgeRegistry/REGISTRIES]: Registry minecraft:sound_event: Fixed minecraft:sound_event id mismatch mekanism:tile.machine.compressor: 1508 (init) -> 1504 (map).
[24Sep2026 13:54:48.713] [Render thread/DEBUG] [net.minecraftforge.registries.ForgeRegistry/REGISTRIES]: Registry minecraft:sound_event: Fixed minecraft:sound_event id mismatch mekanism:tile.machine.crusher: 1509 (init) -> 1505 (map).
[24Sep2026 13:54:48.713] [Render thread/DEBUG] [net.minecraftforge.registries.ForgeRegistry/REGISTRIES]: Registry minecraft:sound_event: Fixed minecraft:sound_event id mismatch mekanism:tile.machine.electrolytic_separator: 1510 (init) -> 1506 (map).
[24Sep2026 13:54:48.713] [Render thread/DEBUG] [net.minecraftforge.registries.ForgeRegistry/REGISTRIES]: Registry minecraft:sound_event: Fixed minecraft:sound_event id mismatch mekanism:tile.machine.energized_smelter: 1520 (init) -> 1516 (map).
[24Sep2026 13:54:48.713] [Render thread/DEBUG] [net.minecraftforge.registries.ForgeRegistry/REGISTRIES]: Registry minecraft:sound_event: Fixed minecraft:sound_event id mismatch mekanism:tile.machine.enrichment_chamber: 1511 (init) -> 1507 (map).
[24Sep2026 13:54:48.713] [Render thread/DEBUG] [net.minecraftforge.registries.ForgeRegistry/REGISTRIES]: Registry minecraft:sound_event: Fixed minecraft:sound_event id mismatch mekanism:tile.machine.industrial_alarm: 1523 (init) -> 1519 (map).
[24Sep2026 13:54:48.713] [Render thread/DEBUG] [net.minecraftforge.registries.ForgeRegistry/REGISTRIES]: Registry minecraft:sound_event: Fixed minecraft:sound_event id mismatch mekanism:tile.machine.isotopic_centrifuge: 1521 (init) -> 1517 (map).
[24Sep2026 13:54:48.713] [Render thread/DEBUG] [net.minecraftforge.registries.ForgeRegistry/REGISTRIES]: Registry minecraft:sound_event: Fixed minecraft:sound_event id mismatch mekanism:tile.machine.laser: 1512 (init) -> 1508 (map).
[24Sep2026 13:54:48.713] [Render thread/DEBUG] [net.minecraftforge.registries.ForgeRegistry/REGISTRIES]: Registry minecraft:sound_event: Fixed minecraft:sound_event id mismatch mekanism:tile.machine.logistical_sorter: 1513 (init) -> 1509 (map).
[24Sep2026 13:54:48.713] [Render thread/DEBUG] [net.minecraftforge.registries.ForgeRegistry/REGISTRIES]: Registry minecraft:sound_event: Fixed minecraft:sound_event id mismatch mekanism:tile.machine.metallurgic_infuser: 1514 (init) -> 1510 (map).
[24Sep2026 13:54:48.713] [Render thread/DEBUG] [net.minecraftforge.registries.ForgeRegistry/REGISTRIES]: Registry minecraft:sound_event: Fixed minecraft:sound_event id mismatch mekanism:tile.machine.nutritional_liquifier: 1522 (init) -> 1518 (map).
[24Sep2026 13:54:48.713] [Render thread/DEBUG] [net.minecraftforge.registries.ForgeRegistry/REGISTRIES]: Registry minecraft:sound_event: Fixed minecraft:sound_event id mismatch mekanism:tile.machine.painting_machine: 1527 (init) -> 1523 (map).
[24Sep2026 13:54:48.713] [Render thread/DEBUG] [net.minecraftforge.registries.ForgeRegistry/REGISTRIES]: Registry minecraft:sound_event: Fixed minecraft:sound_event id mismatch mekanism:tile.machine.pigment_extractor: 1525 (init) -> 1521 (map).
[24Sep2026 13:54:48.713] [Render thread/DEBUG] [net.minecraftforge.registries.ForgeRegistry/REGISTRIES]: Registry minecraft:sound_event: Fixed minecraft:sound_event id mismatch mekanism:tile.machine.pigment_mixer: 1526 (init) -> 1522 (map).
[24Sep2026 13:54:48.713] [Render thread/DEBUG] [net.minecraftforge.registries.ForgeRegistry/REGISTRIES]: Registry minecraft:sound_event: Fixed minecraft:sound_event id mismatch mekanism:tile.machine.precision_sawmill: 1515 (init) -> 1511 (map).
[24Sep2026 13:54:48.713] [Render thread/DEBUG] [net.minecraftforge.registries.ForgeRegistry/REGISTRIES]: Registry minecraft:sound_event: Fixed minecraft:sound_event id mismatch mekanism:tile.machine.pressurized_reaction_chamber: 1516 (init) -> 1512 (map).
[24Sep2026 13:54:48.713] [Render thread/DEBUG] [net.minecraftforge.registries.ForgeRegistry/REGISTRIES]: Registry minecraft:sound_event: Fixed minecraft:sound_event id mismatch mekanism:tile.machine.purification_chamber: 1517 (init) -> 1513 (map).
[24Sep2026 13:54:48.713] [Render thread/DEBUG] [net.minecraftforge.registries.ForgeRegistry/REGISTRIES]: Registry minecraft:sound_event: Fixed minecraft:sound_event id mismatch mekanism:tile.machine.resistive_heater: 1518 (init) -> 1514 (map).
[24Sep2026 13:54:48.713] [Render thread/DEBUG] [net.minecraftforge.registries.ForgeRegistry/REGISTRIES]: Registry minecraft:sound_event: Fixed minecraft:sound_event id mismatch mekanism:tile.machine.rotary_condensentrator: 1519 (init) -> 1515 (map).
[24Sep2026 13:54:48.713] [Render thread/DEBUG] [net.minecraftforge.registries.ForgeRegistry/REGISTRIES]: Registry minecraft:sound_event: Fixed minecraft:sound_event id mismatch mekanism:tile.machine.sps: 1528 (init) -> 1524 (map).
[24Sep2026 13:54:48.727] [Render thread/DEBUG] [net.minecraftforge.registries.ForgeRegistry/REGISTRIES]: Registry minecraft:block Sync: ACTIVE -> STAGING
[24Sep2026 13:54:48.729] [Render thread/DEBUG] [net.minecraftforge.registries.ForgeRegistry/REGISTRIES]: Registry minecraft:fluid Sync: ACTIVE -> STAGING
[24Sep2026 13:54:48.730] [Render thread/DEBUG] [net.minecraftforge.registries.ForgeRegistry/REGISTRIES]: Registry minecraft:item Sync: ACTIVE -> STAGING
[24Sep2026 13:54:48.734] [Render thread/DEBUG] [net.minecraftforge.registries.ForgeRegistry/REGISTRIES]: Registry minecraft:mob_effect Sync: ACTIVE -> STAGING
[24Sep2026 13:54:48.735] [Render thread/DEBUG] [net.minecraftforge.registries.ForgeRegistry/REGISTRIES]: Registry minecraft:sound_event Sync: ACTIVE -> STAGING
[24Sep2026 13:54:48.737] [Render thread/DEBUG] [net.minecraftforge.registries.ForgeRegistry/REGISTRIES]: Registry minecraft:potion Sync: ACTIVE -> STAGING
[24Sep2026 13:54:48.738] [Render thread/DEBUG] [net.minecraftforge.registries.ForgeRegistry/REGISTRIES]: Registry minecraft:enchantment Sync: ACTIVE -> STAGING
[24Sep2026 13:54:48.738] [Render thread/DEBUG] [net.minecraftforge.registries.ForgeRegistry/REGISTRIES]: Registry minecraft:entity_type Sync: ACTIVE -> STAGING
[24Sep2026 13:54:48.738] [Render thread/DEBUG] [net.minecraftforge.registries.ForgeRegistry/REGISTRIES]: Registry minecraft:block_entity_type Sync: ACTIVE -> STAGING
[24Sep2026 13:54:48.738] [Render thread/DEBUG] [net.minecraftforge.registries.ForgeRegistry/REGISTRIES]: Registry minecraft:particle_type Sync: ACTIVE -> STAGING
[24Sep2026 13:54:48.738] [Render thread/DEBUG] [net.minecraftforge.registries.ForgeRegistry/REGISTRIES]: Registry minecraft:menu Sync: ACTIVE -> STAGING
[24Sep2026 13:54:48.738] [Render thread/DEBUG] [net.minecraftforge.registries.ForgeRegistry/REGISTRIES]: Registry minecraft:painting_variant Sync: ACTIVE -> STAGING
[24Sep2026 13:54:48.738] [Render thread/DEBUG] [net.minecraftforge.registries.ForgeRegistry/REGISTRIES]: Registry minecraft:recipe_type Sync: ACTIVE -> STAGING
[24Sep2026 13:54:48.738] [Render thread/DEBUG] [net.minecraftforge.registries.ForgeRegistry/REGISTRIES]: Registry minecraft:recipe_serializer Sync: ACTIVE -> STAGING
[24Sep2026 13:54:48.740] [Render thread/DEBUG] [net.minecraftforge.registries.ForgeRegistry/REGISTRIES]: Registry minecraft:attribute Sync: ACTIVE -> STAGING
[24Sep2026 13:54:48.740] [Render thread/DEBUG] [net.minecraftforge.registries.ForgeRegistry/REGISTRIES]: Registry minecraft:stat_type Sync: ACTIVE -> STAGING
[24Sep2026 13:54:48.740] [Render thread/DEBUG] [net.minecraftforge.registries.ForgeRegistry/REGISTRIES]: Registry minecraft:command_argument_type Sync: ACTIVE -> STAGING
[24Sep2026 13:54:48.740] [Render thread/DEBUG] [net.minecraftforge.registries.ForgeRegistry/REGISTRIES]: Registry minecraft:villager_profession Sync: ACTIVE -> STAGING
[24Sep2026 13:54:48.740] [Render thread/DEBUG] [net.minecraftforge.registries.ForgeRegistry/REGISTRIES]: Registry minecraft:point_of_interest_type Sync: ACTIVE -> STAGING
[24Sep2026 13:54:48.741] [Render thread/DEBUG] [net.minecraftforge.registries.ForgeRegistry/REGISTRIES]: Registry minecraft:memory_module_type Sync: ACTIVE -> STAGING
[24Sep2026 13:54:48.741] [Render thread/DEBUG] [net.minecraftforge.registries.ForgeRegistry/REGISTRIES]: Registry minecraft:sensor_type Sync: ACTIVE -> STAGING
[24Sep2026 13:54:48.741] [Render thread/DEBUG] [net.minecraftforge.registries.ForgeRegistry/REGISTRIES]: Registry minecraft:schedule Sync: ACTIVE -> STAGING
[24Sep2026 13:54:48.741] [Render thread/DEBUG] [net.minecraftforge.registries.ForgeRegistry/REGISTRIES]: Registry minecraft:activity Sync: ACTIVE -> STAGING
[24Sep2026 13:54:48.741] [Render thread/DEBUG] [net.minecraftforge.registries.ForgeRegistry/REGISTRIES]: Registry minecraft:worldgen/carver Sync: ACTIVE -> STAGING
[24Sep2026 13:54:48.741] [Render thread/DEBUG] [net.minecraftforge.registries.ForgeRegistry/REGISTRIES]: Registry minecraft:worldgen/feature Sync: ACTIVE -> STAGING
[24Sep2026 13:54:48.741] [Render thread/DEBUG] [net.minecraftforge.registries.ForgeRegistry/REGISTRIES]: Registry minecraft:chunk_status Sync: ACTIVE -> STAGING
[24Sep2026 13:54:48.741] [Render thread/DEBUG] [net.minecraftforge.registries.ForgeRegistry/REGISTRIES]: Registry minecraft:worldgen/block_state_provider_type Sync: ACTIVE -> STAGING
[24Sep2026 13:54:48.741] [Render thread/DEBUG] [net.minecraftforge.registries.ForgeRegistry/REGISTRIES]: Registry minecraft:worldgen/foliage_placer_type Sync: ACTIVE -> STAGING
[24Sep2026 13:54:48.741] [Render thread/DEBUG] [net.minecraftforge.registries.ForgeRegistry/REGISTRIES]: Registry minecraft:worldgen/tree_decorator_type Sync: ACTIVE -> STAGING
[24Sep2026 13:54:48.741] [Render thread/DEBUG] [net.minecraftforge.registries.ForgeRegistry/REGISTRIES]: Registry minecraft:worldgen/biome Sync: ACTIVE -> STAGING
[24Sep2026 13:54:48.741] [Render thread/DEBUG] [net.minecraftforge.registries.ForgeRegistry/REGISTRIES]: Registry forge:entity_data_serializers Sync: ACTIVE -> STAGING
[24Sep2026 13:54:48.741] [Render thread/DEBUG] [net.minecraftforge.registries.ForgeRegistry/REGISTRIES]: Registry forge:global_loot_modifier_serializers Sync: ACTIVE -> STAGING
[24Sep2026 13:54:48.741] [Render thread/DEBUG] [net.minecraftforge.registries.ForgeRegistry/REGISTRIES]: Registry forge:biome_modifier_serializers Sync: ACTIVE -> STAGING
[24Sep2026 13:54:48.741] [Render thread/DEBUG] [net.minecraftforge.registries.ForgeRegistry/REGISTRIES]: Registry forge:fluid_type Sync: ACTIVE -> STAGING
[24Sep2026 13:54:48.741] [Render thread/DEBUG] [net.minecraftforge.registries.ForgeRegistry/REGISTRIES]: Registry forge:structure_modifier_serializers Sync: ACTIVE -> STAGING
[24Sep2026 13:54:48.741] [Render thread/DEBUG] [net.minecraftforge.registries.ForgeRegistry/REGISTRIES]: Registry forge:holder_set_type Sync: ACTIVE -> STAGING
[24Sep2026 13:54:48.741] [Render thread/DEBUG] [net.minecraftforge.registries.ForgeRegistry/REGISTRIES]: Registry forge:display_contexts Sync: ACTIVE -> STAGING
[24Sep2026 13:54:48.741] [Render thread/DEBUG] [net.minecraftforge.registries.ForgeRegistry/REGISTRIES]: Registry mekanism:gas Sync: ACTIVE -> STAGING
[24Sep2026 13:54:48.741] [Render thread/DEBUG] [net.minecraftforge.registries.ForgeRegistry/REGISTRIES]: Registry mekanism:infuse_type Sync: ACTIVE -> STAGING
[24Sep2026 13:54:48.741] [Render thread/DEBUG] [net.minecraftforge.registries.ForgeRegistry/REGISTRIES]: Registry mekanism:pigment Sync: ACTIVE -> STAGING
[24Sep2026 13:54:48.741] [Render thread/DEBUG] [net.minecraftforge.registries.ForgeRegistry/REGISTRIES]: Registry mekanism:slurry Sync: ACTIVE -> STAGING
[24Sep2026 13:54:48.741] [Render thread/DEBUG] [net.minecraftforge.registries.ForgeRegistry/REGISTRIES]: Registry mekanism:robit_skin_serializer Sync: ACTIVE -> STAGING
[24Sep2026 13:54:48.741] [Render thread/DEBUG] [net.minecraftforge.registries.ForgeRegistry/REGISTRIES]: Registry mekanism:module Sync: ACTIVE -> STAGING
[24Sep2026 13:54:48.994] [Render thread/DEBUG] [net.minecraftforge.registries.ObjectHolderRegistry/REGISTRIES]: Applying holder lookups
[24Sep2026 13:54:48.999] [Render thread/DEBUG] [net.minecraftforge.registries.ObjectHolderRegistry/REGISTRIES]: Holder lookups applied
[24Sep2026 13:54:49.013] [Render thread/DEBUG] [net.minecraftforge.server.ServerLifecycleHooks/CORE]: Generating PackInfo named mod:mixinextras for mod file C:\Users\Ché\.gradle\caches\modules-2\files-2.1\io.github.llamalad7\mixinextras-forge\0.4.1\5c35573a7b76103724799ca1174a69699b8a9aec\mixinextras-forge-0.4.1.jar
[24Sep2026 13:54:49.014] [Render thread/DEBUG] [net.minecraftforge.server.ServerLifecycleHooks/CORE]: Generating PackInfo named mod:forge for mod file /
[24Sep2026 13:54:49.014] [Render thread/DEBUG] [net.minecraftforge.server.ServerLifecycleHooks/CORE]: Generating PackInfo named mod:mixinsquared for mod file C:\Users\Ché\.gradle\caches\modules-2\files-2.1\com.github.bawnorton.mixinsquared\mixinsquared-forge\0.3.7-beta.1\8b53c2a95719158d92a21179d3f20fd12123a0ca\mixinsquared-forge-0.3.7-beta.1.jar
[24Sep2026 13:54:49.014] [Render thread/DEBUG] [net.minecraftforge.server.ServerLifecycleHooks/CORE]: Generating PackInfo named mod:geckolib for mod file C:\Users\Ché\.gradle\caches\forge_gradle\deobf_dependencies\software\bernie\geckolib\geckolib-forge-1.20.1\4.8.2_mapped_official_1.20.1\geckolib-forge-1.20.1-4.8.2_mapped_official_1.20.1.jar
[24Sep2026 13:54:49.014] [Render thread/DEBUG] [net.minecraftforge.server.ServerLifecycleHooks/CORE]: Generating PackInfo named mod:aperture_innovations for mod file C:\Users\Ché\IdeaProjects\Portal20\build\resources\main
[24Sep2026 13:54:49.014] [Render thread/DEBUG] [net.minecraftforge.server.ServerLifecycleHooks/CORE]: Generating PackInfo named mod:jei for mod file C:\Users\Ché\.gradle\caches\forge_gradle\deobf_dependencies\mezz\jei\jei-1.20.1-forge\15.20.0.106_mapped_official_1.20.1\jei-1.20.1-forge-15.20.0.106_mapped_official_1.20.1.jar
[24Sep2026 13:54:49.014] [Render thread/DEBUG] [net.minecraftforge.server.ServerLifecycleHooks/CORE]: Generating PackInfo named mod:mekanism for mod file C:\Users\Ché\.gradle\caches\forge_gradle\deobf_dependencies\curse\maven\mekanism-268560\6552911_mapped_official_1.20.1\mekanism-268560-6552911_mapped_official_1.20.1.jar
[24Sep2026 13:54:49.472] [Render thread/DEBUG] [net.minecraftforge.coremod.transformer.CoreModBaseTransformer/COREMOD]: Transforming net/minecraft/server/commands/SummonCommand
[24Sep2026 13:54:49.735] [Worker-Main-2/DEBUG] [net.minecraftforge.coremod.transformer.CoreModBaseTransformer/COREMOD]: Transforming net/minecraft/world/entity/raid/Raid
[24Sep2026 13:54:50.033] [Render thread/INFO] [net.minecraft.world.item.crafting.RecipeManager/]: Loaded 33 recipes
[24Sep2026 13:54:50.085] [Render thread/INFO] [net.minecraft.advancements.AdvancementList/]: Loaded 1373 advancements
[24Sep2026 13:54:50.736] [Render thread/DEBUG] [net.minecraftforge.common.ForgeHooks/WP]: Gathering id map for writing to world save New World
[24Sep2026 13:54:50.746] [Render thread/DEBUG] [net.minecraftforge.common.ForgeHooks/WP]: ID Map collection complete New World
[24Sep2026 13:54:50.784] [Server thread/INFO] [net.minecraft.client.server.IntegratedServer/]: Starting integrated minecraft server version 1.20.1
[24Sep2026 13:54:50.784] [Server thread/INFO] [net.minecraft.server.MinecraftServer/]: Generating keypair
[24Sep2026 13:54:50.850] [Server thread/DEBUG] [net.minecraftforge.fml.config.ConfigTracker/CONFIG]: Loading configs type SERVER
[24Sep2026 13:54:50.850] [Server thread/DEBUG] [net.minecraftforge.fml.config.ConfigFileTypeHandler/CONFIG]: Built TOML config for .\saves\New World\serverconfig\jei-server.toml
[24Sep2026 13:54:50.850] [Server thread/DEBUG] [net.minecraftforge.fml.config.ConfigFileTypeHandler/CONFIG]: Loaded TOML config file .\saves\New World\serverconfig\jei-server.toml
[24Sep2026 13:54:50.851] [Server thread/DEBUG] [net.minecraftforge.fml.config.ConfigFileTypeHandler/CONFIG]: Watching TOML config file .\saves\New World\serverconfig\jei-server.toml for changes
[24Sep2026 13:54:50.852] [Thread-3/DEBUG] [net.minecraftforge.fml.config.ConfigFileTypeHandler/CONFIG]: Config file jei-server.toml changed, sending notifies
[24Sep2026 13:54:50.852] [Server thread/DEBUG] [net.minecraftforge.fml.config.ConfigFileTypeHandler/CONFIG]: Built TOML config for .\saves\New World\serverconfig\forge-server.toml
[24Sep2026 13:54:50.852] [Thread-3/DEBUG] [net.minecraftforge.fml.config.ConfigFileTypeHandler/CONFIG]: Config file jei-server.toml changed, sending notifies
[24Sep2026 13:54:50.852] [Server thread/DEBUG] [net.minecraftforge.fml.config.ConfigFileTypeHandler/CONFIG]: Loaded TOML config file .\saves\New World\serverconfig\forge-server.toml
[24Sep2026 13:54:50.852] [Server thread/DEBUG] [net.minecraftforge.fml.config.ConfigFileTypeHandler/CONFIG]: Watching TOML config file .\saves\New World\serverconfig\forge-server.toml for changes
[24Sep2026 13:54:50.852] [Server thread/DEBUG] [net.minecraftforge.common.ForgeConfig/FORGEMOD]: Loaded forge config file forge-server.toml
[24Sep2026 13:54:50.853] [Server thread/DEBUG] [net.minecraftforge.fml.config.ConfigFileTypeHandler/CONFIG]: Built TOML config for C:\Users\Ché\IdeaProjects\Portal20\run\config\Mekanism\general.toml
[24Sep2026 13:54:50.854] [Server thread/DEBUG] [net.minecraftforge.fml.config.ConfigFileTypeHandler/CONFIG]: Loaded TOML config file C:\Users\Ché\IdeaProjects\Portal20\run\config\Mekanism\general.toml
[24Sep2026 13:54:50.854] [Server thread/DEBUG] [net.minecraftforge.fml.config.ConfigFileTypeHandler/CONFIG]: Watching TOML config file C:\Users\Ché\IdeaProjects\Portal20\run\config\Mekanism\general.toml for changes
[24Sep2026 13:54:50.856] [Thread-3/DEBUG] [net.minecraftforge.fml.config.ConfigFileTypeHandler/CONFIG]: Config file forge-server.toml changed, sending notifies
[24Sep2026 13:54:50.856] [Thread-3/DEBUG] [net.minecraftforge.common.ForgeConfig/FORGEMOD]: Forge config just got changed on the file system!
[24Sep2026 13:54:50.856] [Server thread/DEBUG] [net.minecraftforge.fml.config.ConfigFileTypeHandler/CONFIG]: Built TOML config for C:\Users\Ché\IdeaProjects\Portal20\run\config\Mekanism\gear.toml
[24Sep2026 13:54:50.857] [Server thread/DEBUG] [net.minecraftforge.fml.config.ConfigFileTypeHandler/CONFIG]: Loaded TOML config file C:\Users\Ché\IdeaProjects\Portal20\run\config\Mekanism\gear.toml
[24Sep2026 13:54:50.857] [Server thread/DEBUG] [net.minecraftforge.fml.config.ConfigFileTypeHandler/CONFIG]: Watching TOML config file C:\Users\Ché\IdeaProjects\Portal20\run\config\Mekanism\gear.toml for changes
[24Sep2026 13:54:50.858] [Server thread/DEBUG] [net.minecraftforge.fml.config.ConfigFileTypeHandler/CONFIG]: Built TOML config for C:\Users\Ché\IdeaProjects\Portal20\run\config\Mekanism\machine-storage.toml
[24Sep2026 13:54:50.858] [Thread-3/DEBUG] [net.minecraftforge.fml.config.ConfigFileTypeHandler/CONFIG]: Config file Mekanism/general.toml changed, sending notifies
[24Sep2026 13:54:50.859] [Server thread/DEBUG] [net.minecraftforge.fml.config.ConfigFileTypeHandler/CONFIG]: Loaded TOML config file C:\Users\Ché\IdeaProjects\Portal20\run\config\Mekanism\machine-storage.toml
[24Sep2026 13:54:50.859] [Server thread/DEBUG] [net.minecraftforge.fml.config.ConfigFileTypeHandler/CONFIG]: Watching TOML config file C:\Users\Ché\IdeaProjects\Portal20\run\config\Mekanism\machine-storage.toml for changes
[24Sep2026 13:54:50.859] [Server thread/DEBUG] [net.minecraftforge.fml.config.ConfigFileTypeHandler/CONFIG]: Built TOML config for C:\Users\Ché\IdeaProjects\Portal20\run\config\Mekanism\tiers.toml
[24Sep2026 13:54:50.860] [Server thread/DEBUG] [net.minecraftforge.fml.config.ConfigFileTypeHandler/CONFIG]: Loaded TOML config file C:\Users\Ché\IdeaProjects\Portal20\run\config\Mekanism\tiers.toml
[24Sep2026 13:54:50.860] [Server thread/DEBUG] [net.minecraftforge.fml.config.ConfigFileTypeHandler/CONFIG]: Watching TOML config file C:\Users\Ché\IdeaProjects\Portal20\run\config\Mekanism\tiers.toml for changes
[24Sep2026 13:54:50.861] [Server thread/DEBUG] [net.minecraftforge.fml.config.ConfigFileTypeHandler/CONFIG]: Built TOML config for C:\Users\Ché\IdeaProjects\Portal20\run\config\Mekanism\machine-usage.toml
[24Sep2026 13:54:50.861] [Server thread/DEBUG] [net.minecraftforge.fml.config.ConfigFileTypeHandler/CONFIG]: Loaded TOML config file C:\Users\Ché\IdeaProjects\Portal20\run\config\Mekanism\machine-usage.toml
[24Sep2026 13:54:50.861] [Server thread/DEBUG] [net.minecraftforge.fml.config.ConfigFileTypeHandler/CONFIG]: Watching TOML config file C:\Users\Ché\IdeaProjects\Portal20\run\config\Mekanism\machine-usage.toml for changes
[24Sep2026 13:54:50.862] [Server thread/DEBUG] [net.minecraftforge.fml.config.ConfigFileTypeHandler/CONFIG]: Built TOML config for C:\Users\Ché\IdeaProjects\Portal20\run\config\Mekanism\world.toml
[24Sep2026 13:54:50.863] [Server thread/DEBUG] [net.minecraftforge.fml.config.ConfigFileTypeHandler/CONFIG]: Loaded TOML config file C:\Users\Ché\IdeaProjects\Portal20\run\config\Mekanism\world.toml
[24Sep2026 13:54:50.863] [Server thread/DEBUG] [net.minecraftforge.fml.config.ConfigFileTypeHandler/CONFIG]: Watching TOML config file C:\Users\Ché\IdeaProjects\Portal20\run\config\Mekanism\world.toml for changes
[24Sep2026 13:54:50.892] [Server thread/DEBUG] [net.minecraftforge.coremod.transformer.CoreModBaseTransformer/COREMOD]: Transforming net/minecraft/world/level/levelgen/PhantomSpawner
[24Sep2026 13:54:50.897] [Server thread/DEBUG] [net.minecraftforge.coremod.transformer.CoreModBaseTransformer/COREMOD]: Transforming net/minecraft/world/level/levelgen/PatrolSpawner
[24Sep2026 13:54:50.901] [Server thread/DEBUG] [net.minecraftforge.coremod.transformer.CoreModBaseTransformer/COREMOD]: Transforming net/minecraft/world/entity/npc/CatSpawner
[24Sep2026 13:54:50.904] [Server thread/DEBUG] [net.minecraftforge.coremod.transformer.CoreModBaseTransformer/COREMOD]: Transforming net/minecraft/world/entity/ai/village/VillageSiege
[24Sep2026 13:54:51.073] [Server thread/INFO] [net.minecraft.server.MinecraftServer/]: Preparing start region for dimension minecraft:overworld
[24Sep2026 13:54:52.129] [Server thread/DEBUG] [net.minecraftforge.coremod.transformer.CoreModBaseTransformer/COREMOD]: Transforming net/minecraft/world/level/levelgen/structure/templatesystem/StructureTemplate
[24Sep2026 13:54:52.512] [Render thread/INFO] [net.minecraft.server.level.progress.LoggerChunkProgressListener/]: Preparing spawn area: 0%
[24Sep2026 13:54:52.512] [Render thread/INFO] [net.minecraft.server.level.progress.LoggerChunkProgressListener/]: Preparing spawn area: 0%
[24Sep2026 13:54:52.512] [Render thread/INFO] [net.minecraft.server.level.progress.LoggerChunkProgressListener/]: Preparing spawn area: 0%
[24Sep2026 13:54:52.580] [Render thread/INFO] [net.minecraft.server.level.progress.LoggerChunkProgressListener/]: Preparing spawn area: 0%
[24Sep2026 13:54:53.086] [Render thread/INFO] [net.minecraft.server.level.progress.LoggerChunkProgressListener/]: Preparing spawn area: 90%
[24Sep2026 13:54:53.099] [Server thread/INFO] [net.minecraftforge.server.permission.PermissionAPI/]: Successfully initialized permission handler forge:default_handler
[24Sep2026 13:54:53.104] [Render thread/INFO] [net.minecraft.server.level.progress.LoggerChunkProgressListener/]: Time elapsed: 2025 ms
[24Sep2026 13:54:53.153] [Server thread/DEBUG] [io.netty.buffer.AbstractByteBuf/]: -Dio.netty.buffer.checkAccessible: true
[24Sep2026 13:54:53.153] [Server thread/DEBUG] [io.netty.buffer.AbstractByteBuf/]: -Dio.netty.buffer.checkBounds: true
[24Sep2026 13:54:53.154] [Server thread/DEBUG] [io.netty.util.ResourceLeakDetectorFactory/]: Loaded default ResourceLeakDetector: io.netty.util.ResourceLeakDetector@86bf0c8
[24Sep2026 13:54:53.174] [Server thread/DEBUG] [net.minecraftforge.coremod.transformer.CoreModBaseTransformer/COREMOD]: Transforming net/minecraft/world/level/NaturalSpawner
[24Sep2026 13:54:53.210] [Server thread/INFO] [net.minecraft.client.server.IntegratedServer/]: Changing view distance to 12, from 10
[24Sep2026 13:54:53.212] [Server thread/INFO] [net.minecraft.client.server.IntegratedServer/]: Changing simulation distance to 12, from 0
[24Sep2026 13:54:53.234] [Render thread/DEBUG] [io.netty.channel.MultithreadEventLoopGroup/]: -Dio.netty.eventLoopThreads: 24
[24Sep2026 13:54:53.246] [Render thread/DEBUG] [io.netty.util.internal.InternalThreadLocalMap/]: -Dio.netty.threadLocalMap.stringBuilder.initialSize: 1024
[24Sep2026 13:54:53.246] [Render thread/DEBUG] [io.netty.util.internal.InternalThreadLocalMap/]: -Dio.netty.threadLocalMap.stringBuilder.maxSize: 4096
[24Sep2026 13:54:53.251] [Render thread/DEBUG] [io.netty.channel.nio.NioEventLoop/]: -Dio.netty.noKeySetOptimization: false
[24Sep2026 13:54:53.251] [Render thread/DEBUG] [io.netty.channel.nio.NioEventLoop/]: -Dio.netty.selectorAutoRebuildThreshold: 512
[24Sep2026 13:54:53.254] [Render thread/DEBUG] [io.netty.util.internal.PlatformDependent/]: org.jctools-core.MpscChunkedArrayQueue: available
[24Sep2026 13:54:53.276] [Render thread/DEBUG] [io.netty.channel.DefaultChannelId/]: -Dio.netty.processId: 31468 (auto-detected)
[24Sep2026 13:54:53.278] [Render thread/WARN] [io.netty.util.internal.SystemPropertyUtil/]: Unable to parse the boolean system property 'java.net.preferIPv6Addresses':system - using the default value: false
[24Sep2026 13:54:53.278] [Render thread/DEBUG] [io.netty.util.NetUtil/]: -Djava.net.preferIPv4Stack: false
[24Sep2026 13:54:53.278] [Render thread/DEBUG] [io.netty.util.NetUtil/]: -Djava.net.preferIPv6Addresses: false
[24Sep2026 13:54:53.284] [Render thread/DEBUG] [io.netty.util.NetUtilInitializations/]: Loopback interface: lo (Software Loopback Interface 1, 127.0.0.1)
[24Sep2026 13:54:53.285] [Render thread/DEBUG] [io.netty.util.NetUtil/]: Failed to get SOMAXCONN from sysctl and file \proc\sys\net\core\somaxconn. Default: 200
[24Sep2026 13:54:53.294] [Render thread/DEBUG] [io.netty.channel.DefaultChannelId/]: -Dio.netty.machineId: 60:5b:30:ff:fe:3e:be:80 (auto-detected)
[24Sep2026 13:54:53.312] [Render thread/DEBUG] [io.netty.buffer.PooledByteBufAllocator/]: -Dio.netty.allocator.numHeapArenas: 24
[24Sep2026 13:54:53.312] [Render thread/DEBUG] [io.netty.buffer.PooledByteBufAllocator/]: -Dio.netty.allocator.numDirectArenas: 24
[24Sep2026 13:54:53.312] [Render thread/DEBUG] [io.netty.buffer.PooledByteBufAllocator/]: -Dio.netty.allocator.pageSize: 8192
[24Sep2026 13:54:53.312] [Render thread/DEBUG] [io.netty.buffer.PooledByteBufAllocator/]: -Dio.netty.allocator.maxOrder: 9
[24Sep2026 13:54:53.312] [Render thread/DEBUG] [io.netty.buffer.PooledByteBufAllocator/]: -Dio.netty.allocator.chunkSize: 4194304
[24Sep2026 13:54:53.312] [Render thread/DEBUG] [io.netty.buffer.PooledByteBufAllocator/]: -Dio.netty.allocator.smallCacheSize: 256
[24Sep2026 13:54:53.312] [Render thread/DEBUG] [io.netty.buffer.PooledByteBufAllocator/]: -Dio.netty.allocator.normalCacheSize: 64
[24Sep2026 13:54:53.312] [Render thread/DEBUG] [io.netty.buffer.PooledByteBufAllocator/]: -Dio.netty.allocator.maxCachedBufferCapacity: 32768
[24Sep2026 13:54:53.312] [Render thread/DEBUG] [io.netty.buffer.PooledByteBufAllocator/]: -Dio.netty.allocator.cacheTrimInterval: 8192
[24Sep2026 13:54:53.312] [Render thread/DEBUG] [io.netty.buffer.PooledByteBufAllocator/]: -Dio.netty.allocator.cacheTrimIntervalMillis: 0
[24Sep2026 13:54:53.312] [Render thread/DEBUG] [io.netty.buffer.PooledByteBufAllocator/]: -Dio.netty.allocator.useCacheForAllThreads: false
[24Sep2026 13:54:53.312] [Render thread/DEBUG] [io.netty.buffer.PooledByteBufAllocator/]: -Dio.netty.allocator.maxCachedByteBuffersPerChunk: 1023
[24Sep2026 13:54:53.322] [Render thread/DEBUG] [io.netty.buffer.ByteBufUtil/]: -Dio.netty.allocator.type: pooled
[24Sep2026 13:54:53.322] [Render thread/DEBUG] [io.netty.buffer.ByteBufUtil/]: -Dio.netty.threadLocalDirectBufferSize: 0
[24Sep2026 13:54:53.322] [Render thread/DEBUG] [io.netty.buffer.ByteBufUtil/]: -Dio.netty.maxThreadLocalCharBufferSize: 16384
[24Sep2026 13:54:53.348] [Netty Local Client IO #0/DEBUG] [net.minecraftforge.network.HandshakeHandler/FMLHANDSHAKE]: Starting local connection.
[24Sep2026 13:54:53.458] [Netty Local Client IO #0/DEBUG] [io.netty.util.Recycler/]: -Dio.netty.recycler.maxCapacityPerThread: 4096
[24Sep2026 13:54:53.458] [Netty Local Client IO #0/DEBUG] [io.netty.util.Recycler/]: -Dio.netty.recycler.ratio: 8
[24Sep2026 13:54:53.458] [Netty Local Client IO #0/DEBUG] [io.netty.util.Recycler/]: -Dio.netty.recycler.chunkSize: 32
[24Sep2026 13:54:53.458] [Netty Local Client IO #0/DEBUG] [io.netty.util.Recycler/]: -Dio.netty.recycler.blocking: false
[24Sep2026 13:54:53.467] [Netty Server IO #1/DEBUG] [net.minecraftforge.network.HandshakeHandler/FMLHANDSHAKE]: Starting local connection.
[24Sep2026 13:54:53.475] [Server thread/DEBUG] [net.minecraftforge.network.HandshakeHandler/FMLHANDSHAKE]: Sending ticking packet info 'net.minecraftforge.network.HandshakeMessages$S2CModData' to 'fml:handshake' sequence 0
[24Sep2026 13:54:53.479] [Netty Local Client IO #0/DEBUG] [net.minecraftforge.network.LoginWrapper/FMLHANDSHAKE]: Recieved login wrapper packet event for channel fml:handshake with index 0
[24Sep2026 13:54:53.521] [Server thread/DEBUG] [net.minecraftforge.network.HandshakeHandler/FMLHANDSHAKE]: Sending ticking packet info 'net.minecraftforge.network.HandshakeMessages$S2CModList' to 'fml:handshake' sequence 1
[24Sep2026 13:54:53.523] [Netty Local Client IO #0/DEBUG] [net.minecraftforge.network.LoginWrapper/FMLHANDSHAKE]: Recieved login wrapper packet event for channel fml:handshake with index 1
[24Sep2026 13:54:53.523] [Netty Local Client IO #0/DEBUG] [net.minecraftforge.network.HandshakeHandler/FMLHANDSHAKE]: Logging into server with mod list [minecraft, mixinextras, forge, mixinsquared, geckolib, aperture_innovations, jei, mekanism]
[24Sep2026 13:54:53.524] [Netty Local Client IO #0/DEBUG] [net.minecraftforge.network.NetworkRegistry/NETREGISTRY]: Channel 'mekanism:mekanism' : Version test of '10.4.16' from server : ACCEPTED
[24Sep2026 13:54:53.525] [Netty Local Client IO #0/DEBUG] [net.minecraftforge.network.NetworkRegistry/NETREGISTRY]: Channel 'fml:loginwrapper' : Version test of 'FML3' from server : ACCEPTED
[24Sep2026 13:54:53.525] [Netty Local Client IO #0/DEBUG] [net.minecraftforge.network.NetworkRegistry/NETREGISTRY]: Channel 'forge:tier_sorting' : Version test of '1.0' from server : ACCEPTED
[24Sep2026 13:54:53.525] [Netty Local Client IO #0/DEBUG] [net.minecraftforge.network.NetworkRegistry/NETREGISTRY]: Channel 'fml:handshake' : Version test of 'FML3' from server : ACCEPTED
[24Sep2026 13:54:53.525] [Netty Local Client IO #0/DEBUG] [net.minecraftforge.network.NetworkRegistry/NETREGISTRY]: Channel 'aperture_innovations:main_network' : Version test of '1' from server : ACCEPTED
[24Sep2026 13:54:53.525] [Netty Local Client IO #0/DEBUG] [net.minecraftforge.network.NetworkRegistry/NETREGISTRY]: Channel 'jei:channel' : Version test of '1.0.0' from server : ACCEPTED
[24Sep2026 13:54:53.525] [Netty Local Client IO #0/DEBUG] [net.minecraftforge.network.NetworkRegistry/NETREGISTRY]: Channel 'minecraft:unregister' : Version test of 'FML3' from server : ACCEPTED
[24Sep2026 13:54:53.525] [Netty Local Client IO #0/DEBUG] [net.minecraftforge.network.NetworkRegistry/NETREGISTRY]: Channel 'fml:play' : Version test of 'FML3' from server : ACCEPTED
[24Sep2026 13:54:53.525] [Netty Local Client IO #0/DEBUG] [net.minecraftforge.network.NetworkRegistry/NETREGISTRY]: Channel 'minecraft:register' : Version test of 'FML3' from server : ACCEPTED
[24Sep2026 13:54:53.525] [Netty Local Client IO #0/DEBUG] [net.minecraftforge.network.NetworkRegistry/NETREGISTRY]: Channel 'forge:split' : Version test of '1.1' from server : ACCEPTED
[24Sep2026 13:54:53.525] [Netty Local Client IO #0/DEBUG] [net.minecraftforge.network.NetworkRegistry/NETREGISTRY]: Channel 'geckolib:main' : Version test of '1' from server : ACCEPTED
[24Sep2026 13:54:53.525] [Netty Local Client IO #0/DEBUG] [net.minecraftforge.network.NetworkRegistry/NETREGISTRY]: Accepting channel list from server
[24Sep2026 13:54:53.526] [Netty Local Client IO #0/DEBUG] [net.minecraftforge.network.LoginWrapper/FMLHANDSHAKE]: Dispatching wrapped packet reply for channel fml:handshake with index 1
[24Sep2026 13:54:53.527] [Netty Local Client IO #0/DEBUG] [net.minecraftforge.network.HandshakeHandler/FMLHANDSHAKE]: Accepted server connection
[24Sep2026 13:54:53.527] [Netty Server IO #1/DEBUG] [net.minecraftforge.network.LoginWrapper/FMLHANDSHAKE]: Recieved login wrapper packet event for channel fml:handshake with index 1
[24Sep2026 13:54:53.527] [Netty Server IO #1/DEBUG] [net.minecraftforge.network.HandshakeHandler/FMLHANDSHAKE]: Received client indexed reply 1 of type net.minecraftforge.network.HandshakeMessages$C2SModListReply
[24Sep2026 13:54:53.527] [Netty Local Client IO #0/DEBUG] [net.minecraftforge.network.HandshakeHandler/REGISTRIES]: Expecting 24 registries: [minecraft:command_argument_type, minecraft:villager_profession, minecraft:item, minecraft:potion, minecraft:block_entity_type, forge:display_contexts, mekanism:infuse_type, mekanism:gas, minecraft:stat_type, mekanism:module, minecraft:menu, minecraft:fluid, minecraft:recipe_serializer, minecraft:sound_event, minecraft:particle_type, minecraft:painting_variant, forge:fluid_type, minecraft:block, forge:entity_data_serializers, minecraft:mob_effect, mekanism:pigment, minecraft:enchantment, mekanism:slurry, minecraft:entity_type]
[24Sep2026 13:54:53.528] [Netty Server IO #1/DEBUG] [net.minecraftforge.network.HandshakeHandler/FMLHANDSHAKE]: Received client connection with modlist [minecraft, mixinextras, forge, mixinsquared, geckolib, aperture_innovations, jei, mekanism]
[24Sep2026 13:54:53.528] [Netty Server IO #1/DEBUG] [net.minecraftforge.network.NetworkRegistry/NETREGISTRY]: Channel 'mekanism:mekanism' : Version test of '10.4.16' from client : ACCEPTED
[24Sep2026 13:54:53.528] [Netty Server IO #1/DEBUG] [net.minecraftforge.network.NetworkRegistry/NETREGISTRY]: Channel 'fml:loginwrapper' : Version test of 'FML3' from client : ACCEPTED
[24Sep2026 13:54:53.528] [Netty Server IO #1/DEBUG] [net.minecraftforge.network.NetworkRegistry/NETREGISTRY]: Channel 'forge:tier_sorting' : Version test of '1.0' from client : ACCEPTED
[24Sep2026 13:54:53.528] [Netty Server IO #1/DEBUG] [net.minecraftforge.network.NetworkRegistry/NETREGISTRY]: Channel 'fml:handshake' : Version test of 'FML3' from client : ACCEPTED
[24Sep2026 13:54:53.528] [Netty Server IO #1/DEBUG] [net.minecraftforge.network.NetworkRegistry/NETREGISTRY]: Channel 'aperture_innovations:main_network' : Version test of '1' from client : ACCEPTED
[24Sep2026 13:54:53.528] [Netty Server IO #1/DEBUG] [net.minecraftforge.network.NetworkRegistry/NETREGISTRY]: Channel 'jei:channel' : Version test of '1.0.0' from client : ACCEPTED
[24Sep2026 13:54:53.528] [Netty Server IO #1/DEBUG] [net.minecraftforge.network.NetworkRegistry/NETREGISTRY]: Channel 'minecraft:unregister' : Version test of 'FML3' from client : ACCEPTED
[24Sep2026 13:54:53.528] [Netty Server IO #1/DEBUG] [net.minecraftforge.network.NetworkRegistry/NETREGISTRY]: Channel 'fml:play' : Version test of 'FML3' from client : ACCEPTED
[24Sep2026 13:54:53.528] [Netty Server IO #1/DEBUG] [net.minecraftforge.network.NetworkRegistry/NETREGISTRY]: Channel 'minecraft:register' : Version test of 'FML3' from client : ACCEPTED
[24Sep2026 13:54:53.528] [Netty Server IO #1/DEBUG] [net.minecraftforge.network.NetworkRegistry/NETREGISTRY]: Channel 'forge:split' : Version test of '1.1' from client : ACCEPTED
[24Sep2026 13:54:53.528] [Netty Server IO #1/DEBUG] [net.minecraftforge.network.NetworkRegistry/NETREGISTRY]: Channel 'geckolib:main' : Version test of '1' from client : ACCEPTED
[24Sep2026 13:54:53.528] [Netty Server IO #1/DEBUG] [net.minecraftforge.network.NetworkRegistry/NETREGISTRY]: Accepting channel list from client
[24Sep2026 13:54:53.528] [Netty Server IO #1/DEBUG] [net.minecraftforge.network.HandshakeHandler/FMLHANDSHAKE]: Accepted client connection mod list
[24Sep2026 13:54:53.573] [Server thread/DEBUG] [net.minecraftforge.network.HandshakeHandler/FMLHANDSHAKE]: Sending ticking packet info 'Config Mekanism/world.toml' to 'fml:handshake' sequence 2
[24Sep2026 13:54:53.573] [Netty Local Client IO #0/DEBUG] [net.minecraftforge.network.LoginWrapper/FMLHANDSHAKE]: Recieved login wrapper packet event for channel fml:handshake with index 2
[24Sep2026 13:54:53.574] [Netty Local Client IO #0/DEBUG] [net.minecraftforge.network.HandshakeHandler/FMLHANDSHAKE]: Received config sync from server
[24Sep2026 13:54:53.574] [Netty Local Client IO #0/DEBUG] [net.minecraftforge.network.LoginWrapper/FMLHANDSHAKE]: Dispatching wrapped packet reply for channel fml:handshake with index 2
[24Sep2026 13:54:53.574] [Netty Server IO #1/DEBUG] [net.minecraftforge.network.LoginWrapper/FMLHANDSHAKE]: Recieved login wrapper packet event for channel fml:handshake with index 2
[24Sep2026 13:54:53.574] [Netty Server IO #1/DEBUG] [net.minecraftforge.network.HandshakeHandler/FMLHANDSHAKE]: Received client indexed reply 2 of type net.minecraftforge.network.HandshakeMessages$C2SAcknowledge
[24Sep2026 13:54:53.574] [Netty Server IO #1/DEBUG] [net.minecraftforge.network.HandshakeHandler/FMLHANDSHAKE]: Received acknowledgement from client
[24Sep2026 13:54:53.628] [Server thread/DEBUG] [net.minecraftforge.network.HandshakeHandler/FMLHANDSHAKE]: Sending ticking packet info 'Config Mekanism/general.toml' to 'fml:handshake' sequence 3
[24Sep2026 13:54:53.628] [Netty Local Client IO #0/DEBUG] [net.minecraftforge.network.LoginWrapper/FMLHANDSHAKE]: Recieved login wrapper packet event for channel fml:handshake with index 3
[24Sep2026 13:54:53.628] [Netty Local Client IO #0/DEBUG] [net.minecraftforge.network.HandshakeHandler/FMLHANDSHAKE]: Received config sync from server
[24Sep2026 13:54:53.628] [Netty Local Client IO #0/DEBUG] [net.minecraftforge.network.LoginWrapper/FMLHANDSHAKE]: Dispatching wrapped packet reply for channel fml:handshake with index 3
[24Sep2026 13:54:53.628] [Netty Server IO #1/DEBUG] [net.minecraftforge.network.LoginWrapper/FMLHANDSHAKE]: Recieved login wrapper packet event for channel fml:handshake with index 3
[24Sep2026 13:54:53.628] [Netty Server IO #1/DEBUG] [net.minecraftforge.network.HandshakeHandler/FMLHANDSHAKE]: Received client indexed reply 3 of type net.minecraftforge.network.HandshakeMessages$C2SAcknowledge
[24Sep2026 13:54:53.628] [Netty Server IO #1/DEBUG] [net.minecraftforge.network.HandshakeHandler/FMLHANDSHAKE]: Received acknowledgement from client
[24Sep2026 13:54:53.695] [Server thread/DEBUG] [net.minecraftforge.network.HandshakeHandler/FMLHANDSHAKE]: Sending ticking packet info 'Config Mekanism/gear.toml' to 'fml:handshake' sequence 4
[24Sep2026 13:54:53.695] [Netty Local Client IO #0/DEBUG] [net.minecraftforge.network.LoginWrapper/FMLHANDSHAKE]: Recieved login wrapper packet event for channel fml:handshake with index 4
[24Sep2026 13:54:53.695] [Netty Local Client IO #0/DEBUG] [net.minecraftforge.network.HandshakeHandler/FMLHANDSHAKE]: Received config sync from server
[24Sep2026 13:54:53.695] [Netty Local Client IO #0/DEBUG] [net.minecraftforge.network.LoginWrapper/FMLHANDSHAKE]: Dispatching wrapped packet reply for channel fml:handshake with index 4
[24Sep2026 13:54:53.696] [Netty Server IO #1/DEBUG] [net.minecraftforge.network.LoginWrapper/FMLHANDSHAKE]: Recieved login wrapper packet event for channel fml:handshake with index 4
[24Sep2026 13:54:53.696] [Netty Server IO #1/DEBUG] [net.minecraftforge.network.HandshakeHandler/FMLHANDSHAKE]: Received client indexed reply 4 of type net.minecraftforge.network.HandshakeMessages$C2SAcknowledge
[24Sep2026 13:54:53.696] [Netty Server IO #1/DEBUG] [net.minecraftforge.network.HandshakeHandler/FMLHANDSHAKE]: Received acknowledgement from client
[24Sep2026 13:54:53.738] [Server thread/DEBUG] [net.minecraftforge.network.HandshakeHandler/FMLHANDSHAKE]: Sending ticking packet info 'Config Mekanism/tiers.toml' to 'fml:handshake' sequence 5
[24Sep2026 13:54:53.738] [Netty Local Client IO #0/DEBUG] [net.minecraftforge.network.LoginWrapper/FMLHANDSHAKE]: Recieved login wrapper packet event for channel fml:handshake with index 5
[24Sep2026 13:54:53.739] [Netty Local Client IO #0/DEBUG] [net.minecraftforge.network.HandshakeHandler/FMLHANDSHAKE]: Received config sync from server
[24Sep2026 13:54:53.739] [Netty Local Client IO #0/DEBUG] [net.minecraftforge.network.LoginWrapper/FMLHANDSHAKE]: Dispatching wrapped packet reply for channel fml:handshake with index 5
[24Sep2026 13:54:53.739] [Netty Server IO #1/DEBUG] [net.minecraftforge.network.LoginWrapper/FMLHANDSHAKE]: Recieved login wrapper packet event for channel fml:handshake with index 5
[24Sep2026 13:54:53.739] [Netty Server IO #1/DEBUG] [net.minecraftforge.network.HandshakeHandler/FMLHANDSHAKE]: Received client indexed reply 5 of type net.minecraftforge.network.HandshakeMessages$C2SAcknowledge
[24Sep2026 13:54:53.739] [Netty Server IO #1/DEBUG] [net.minecraftforge.network.HandshakeHandler/FMLHANDSHAKE]: Received acknowledgement from client
[24Sep2026 13:54:53.769] [Server thread/DEBUG] [net.minecraftforge.network.HandshakeHandler/FMLHANDSHAKE]: Sending ticking packet info 'Config jei-server.toml' to 'fml:handshake' sequence 6
[24Sep2026 13:54:53.770] [Netty Local Client IO #0/DEBUG] [net.minecraftforge.network.LoginWrapper/FMLHANDSHAKE]: Recieved login wrapper packet event for channel fml:handshake with index 6
[24Sep2026 13:54:53.770] [Netty Local Client IO #0/DEBUG] [net.minecraftforge.network.HandshakeHandler/FMLHANDSHAKE]: Received config sync from server
[24Sep2026 13:54:53.770] [Netty Local Client IO #0/DEBUG] [net.minecraftforge.network.LoginWrapper/FMLHANDSHAKE]: Dispatching wrapped packet reply for channel fml:handshake with index 6
[24Sep2026 13:54:53.770] [Netty Server IO #1/DEBUG] [net.minecraftforge.network.LoginWrapper/FMLHANDSHAKE]: Recieved login wrapper packet event for channel fml:handshake with index 6
[24Sep2026 13:54:53.770] [Netty Server IO #1/DEBUG] [net.minecraftforge.network.HandshakeHandler/FMLHANDSHAKE]: Received client indexed reply 6 of type net.minecraftforge.network.HandshakeMessages$C2SAcknowledge
[24Sep2026 13:54:53.770] [Netty Server IO #1/DEBUG] [net.minecraftforge.network.HandshakeHandler/FMLHANDSHAKE]: Received acknowledgement from client
[24Sep2026 13:54:53.820] [Server thread/DEBUG] [net.minecraftforge.network.HandshakeHandler/FMLHANDSHAKE]: Sending ticking packet info 'Config forge-server.toml' to 'fml:handshake' sequence 7
[24Sep2026 13:54:53.820] [Netty Local Client IO #0/DEBUG] [net.minecraftforge.network.LoginWrapper/FMLHANDSHAKE]: Recieved login wrapper packet event for channel fml:handshake with index 7
[24Sep2026 13:54:53.821] [Netty Local Client IO #0/DEBUG] [net.minecraftforge.network.HandshakeHandler/FMLHANDSHAKE]: Received config sync from server
[24Sep2026 13:54:53.821] [Netty Local Client IO #0/DEBUG] [net.minecraftforge.network.LoginWrapper/FMLHANDSHAKE]: Dispatching wrapped packet reply for channel fml:handshake with index 7
[24Sep2026 13:54:53.821] [Netty Server IO #1/DEBUG] [net.minecraftforge.network.LoginWrapper/FMLHANDSHAKE]: Recieved login wrapper packet event for channel fml:handshake with index 7
[24Sep2026 13:54:53.821] [Netty Server IO #1/DEBUG] [net.minecraftforge.network.HandshakeHandler/FMLHANDSHAKE]: Received client indexed reply 7 of type net.minecraftforge.network.HandshakeMessages$C2SAcknowledge
[24Sep2026 13:54:53.821] [Netty Server IO #1/DEBUG] [net.minecraftforge.network.HandshakeHandler/FMLHANDSHAKE]: Received acknowledgement from client
[24Sep2026 13:54:53.870] [Server thread/DEBUG] [net.minecraftforge.network.HandshakeHandler/FMLHANDSHAKE]: Sending ticking packet info 'Config Mekanism/machine-storage.toml' to 'fml:handshake' sequence 8
[24Sep2026 13:54:53.870] [Netty Local Client IO #0/DEBUG] [net.minecraftforge.network.LoginWrapper/FMLHANDSHAKE]: Recieved login wrapper packet event for channel fml:handshake with index 8
[24Sep2026 13:54:53.870] [Netty Local Client IO #0/DEBUG] [net.minecraftforge.network.HandshakeHandler/FMLHANDSHAKE]: Received config sync from server
[24Sep2026 13:54:53.870] [Netty Local Client IO #0/DEBUG] [net.minecraftforge.network.LoginWrapper/FMLHANDSHAKE]: Dispatching wrapped packet reply for channel fml:handshake with index 8
[24Sep2026 13:54:53.870] [Netty Server IO #1/DEBUG] [net.minecraftforge.network.LoginWrapper/FMLHANDSHAKE]: Recieved login wrapper packet event for channel fml:handshake with index 8
[24Sep2026 13:54:53.871] [Netty Server IO #1/DEBUG] [net.minecraftforge.network.HandshakeHandler/FMLHANDSHAKE]: Received client indexed reply 8 of type net.minecraftforge.network.HandshakeMessages$C2SAcknowledge
[24Sep2026 13:54:53.871] [Netty Server IO #1/DEBUG] [net.minecraftforge.network.HandshakeHandler/FMLHANDSHAKE]: Received acknowledgement from client
[24Sep2026 13:54:53.923] [Server thread/DEBUG] [net.minecraftforge.network.HandshakeHandler/FMLHANDSHAKE]: Sending ticking packet info 'Config Mekanism/machine-usage.toml' to 'fml:handshake' sequence 9
[24Sep2026 13:54:53.923] [Netty Local Client IO #0/DEBUG] [net.minecraftforge.network.LoginWrapper/FMLHANDSHAKE]: Recieved login wrapper packet event for channel fml:handshake with index 9
[24Sep2026 13:54:53.923] [Netty Local Client IO #0/DEBUG] [net.minecraftforge.network.HandshakeHandler/FMLHANDSHAKE]: Received config sync from server
[24Sep2026 13:54:53.923] [Netty Local Client IO #0/DEBUG] [net.minecraftforge.network.LoginWrapper/FMLHANDSHAKE]: Dispatching wrapped packet reply for channel fml:handshake with index 9
[24Sep2026 13:54:53.923] [Netty Server IO #1/DEBUG] [net.minecraftforge.network.LoginWrapper/FMLHANDSHAKE]: Recieved login wrapper packet event for channel fml:handshake with index 9
[24Sep2026 13:54:53.923] [Netty Server IO #1/DEBUG] [net.minecraftforge.network.HandshakeHandler/FMLHANDSHAKE]: Received client indexed reply 9 of type net.minecraftforge.network.HandshakeMessages$C2SAcknowledge
[24Sep2026 13:54:53.923] [Netty Server IO #1/DEBUG] [net.minecraftforge.network.HandshakeHandler/FMLHANDSHAKE]: Received acknowledgement from client
[24Sep2026 13:54:53.968] [Server thread/DEBUG] [net.minecraftforge.network.HandshakeHandler/FMLHANDSHAKE]: Handshake complete!
[24Sep2026 13:54:54.017] [Netty Local Client IO #0/INFO] [net.minecraftforge.network.NetworkHooks/]: Connected to a modded server.
[24Sep2026 13:54:54.047] [Server thread/INFO] [net.minecraft.server.players.PlayerList/]: Dev[local:E:e6960e50] logged in with entity id 114 at (22.897923834189243, -60.0, 6.2273876064600255)
[24Sep2026 13:54:54.094] [Server thread/INFO] [net.minecraft.server.MinecraftServer/]: Dev joined the game
[24Sep2026 13:54:54.414] [Render thread/INFO] [mezz.jei.forge.startup.StartEventObserver/]: JEI StartEventObserver received class net.minecraftforge.client.event.ClientPlayerNetworkEvent$LoggingIn
[24Sep2026 13:54:54.414] [Render thread/INFO] [mezz.jei.forge.startup.StartEventObserver/]: JEI StartEventObserver transitioning state from DISABLED to ENABLED
[24Sep2026 13:54:54.651] [Render thread/INFO] [mezz.jei.forge.startup.StartEventObserver/]: JEI StartEventObserver received class net.minecraftforge.client.event.RecipesUpdatedEvent
[24Sep2026 13:54:54.660] [Render thread/INFO] [mezz.jei.forge.startup.StartEventObserver/]: JEI StartEventObserver received class net.minecraftforge.event.TagsUpdatedEvent
[24Sep2026 13:54:54.660] [Render thread/INFO] [mezz.jei.forge.startup.StartEventObserver/]: JEI StartEventObserver transitioning state from ENABLED to JEI_STARTED
[24Sep2026 13:54:54.661] [Render thread/INFO] [mezz.jei.core.util.LoggedTimer/]: Starting JEI...
[24Sep2026 13:54:54.667] [Render thread/INFO] [mezz.jei.library.load.PluginCaller/]: Registering item subtypes...
[24Sep2026 13:54:54.667] [Render thread/DEBUG] [mezz.jei.library.load.PluginCallerTimerRunnable/]: Registering item subtypes: jei:minecraft...
[24Sep2026 13:54:54.670] [Render thread/DEBUG] [mezz.jei.library.load.PluginCallerTimerRunnable/]: Registering item subtypes: jei:debug...
[24Sep2026 13:54:54.670] [Render thread/DEBUG] [mezz.jei.library.load.PluginCallerTimerRunnable/]: Registering item subtypes: jei:gui...
[24Sep2026 13:54:54.670] [Render thread/DEBUG] [mezz.jei.library.load.PluginCallerTimerRunnable/]: Registering item subtypes: jei:forge_gui...
[24Sep2026 13:54:54.670] [Render thread/DEBUG] [mezz.jei.library.load.PluginCallerTimerRunnable/]: Registering item subtypes: mekanism:jei_plugin...
[24Sep2026 13:54:54.703] [Render thread/INFO] [mezz.jei.library.load.PluginCallerTimerRunnable/]: Registering item subtypes: mekanism:jei_plugin took 32.67 milliseconds
[24Sep2026 13:54:54.703] [Render thread/DEBUG] [mezz.jei.library.load.PluginCallerTimerRunnable/]: Registering item subtypes: jei:internal...
[24Sep2026 13:54:54.704] [Render thread/INFO] [mezz.jei.library.load.PluginCaller/]: Registering item subtypes took 35.85 ms
[24Sep2026 13:54:54.704] [Render thread/INFO] [mezz.jei.library.load.PluginCaller/]: Registering fluid subtypes...
[24Sep2026 13:54:54.704] [Render thread/DEBUG] [mezz.jei.library.load.PluginCallerTimerRunnable/]: Registering fluid subtypes: jei:minecraft...
[24Sep2026 13:54:54.704] [Render thread/DEBUG] [mezz.jei.library.load.PluginCallerTimerRunnable/]: Registering fluid subtypes: jei:debug...
[24Sep2026 13:54:54.705] [Render thread/DEBUG] [mezz.jei.library.load.PluginCallerTimerRunnable/]: Registering fluid subtypes: jei:gui...
[24Sep2026 13:54:54.706] [Render thread/DEBUG] [mezz.jei.library.load.PluginCallerTimerRunnable/]: Registering fluid subtypes: jei:forge_gui...
[24Sep2026 13:54:54.706] [Render thread/DEBUG] [mezz.jei.library.load.PluginCallerTimerRunnable/]: Registering fluid subtypes: mekanism:jei_plugin...
[24Sep2026 13:54:54.706] [Render thread/DEBUG] [mezz.jei.library.load.PluginCallerTimerRunnable/]: Registering fluid subtypes: jei:internal...
[24Sep2026 13:54:54.706] [Render thread/INFO] [mezz.jei.library.load.PluginCaller/]: Registering fluid subtypes took 1.587 ms
[24Sep2026 13:54:54.707] [Render thread/INFO] [mezz.jei.library.load.PluginCaller/]: Registering ingredients...
[24Sep2026 13:54:54.708] [Render thread/DEBUG] [mezz.jei.library.load.PluginCallerTimerRunnable/]: Registering ingredients: jei:minecraft...
[24Sep2026 13:54:54.716] [Render thread/DEBUG] [mezz.jei.library.plugins.vanilla.ingredients.ItemStackListFactory/]: Added  358/ 358 new items from 'Building Blocks' creative tab's displayItems
[24Sep2026 13:54:54.717] [Render thread/DEBUG] [mezz.jei.library.plugins.vanilla.ingredients.ItemStackListFactory/]: Added  198/ 198 new items from 'Colored Blocks' creative tab's displayItems
[24Sep2026 13:54:54.718] [Render thread/DEBUG] [mezz.jei.library.plugins.vanilla.ingredients.ItemStackListFactory/]: Added  212/ 237 new items from 'Natural Blocks' creative tab's displayItems
[24Sep2026 13:54:54.727] [Render thread/DEBUG] [mezz.jei.library.plugins.vanilla.ingredients.ItemStackListFactory/]: Added  249/ 328 new items from 'Functional Blocks' creative tab's displayItems
[24Sep2026 13:54:54.729] [Render thread/DEBUG] [mezz.jei.library.plugins.vanilla.ingredients.ItemStackListFactory/]: Added    0/ 328 new items from 'Functional Blocks' creative tab's searchTabDisplayItems
[24Sep2026 13:54:54.729] [Render thread/DEBUG] [mezz.jei.library.plugins.vanilla.ingredients.ItemStackListFactory/]: Added   36/ 181 new items from 'Redstone Blocks' creative tab's displayItems
[24Sep2026 13:54:54.730] [Render thread/DEBUG] [mezz.jei.library.plugins.vanilla.ingredients.ItemStackListFactory/]: Skipping creative tab: 'Saved Hotbars' because it is type: HOTBAR
[24Sep2026 13:54:54.730] [Render thread/DEBUG] [mezz.jei.library.plugins.vanilla.ingredients.ItemStackListFactory/]: Skipping creative tab: 'Search Items' because it is type: SEARCH
[24Sep2026 13:54:54.737] [Render thread/DEBUG] [mezz.jei.library.plugins.vanilla.ingredients.ItemStackListFactory/]: Added  178/ 195 new items from 'Tools & Utilities' creative tab's displayItems
[24Sep2026 13:54:54.741] [Render thread/DEBUG] [mezz.jei.library.plugins.vanilla.ingredients.ItemStackListFactory/]: Added   98/ 117 new items from 'Combat' creative tab's displayItems
[24Sep2026 13:54:54.744] [Render thread/DEBUG] [mezz.jei.library.plugins.vanilla.ingredients.ItemStackListFactory/]: Added  174/ 177 new items from 'Food & Drinks' creative tab's displayItems
[24Sep2026 13:54:54.749] [Render thread/DEBUG] [mezz.jei.library.plugins.vanilla.ingredients.ItemStackListFactory/]: Added  257/ 271 new items from 'Ingredients' creative tab's displayItems
[24Sep2026 13:54:54.749] [Render thread/DEBUG] [mezz.jei.library.plugins.vanilla.ingredients.ItemStackListFactory/]: Added   74/ 345 new items from 'Ingredients' creative tab's searchTabDisplayItems
[24Sep2026 13:54:54.750] [Render thread/DEBUG] [mezz.jei.library.plugins.vanilla.ingredients.ItemStackListFactory/]: Added   76/  76 new items from 'Spawn Eggs' creative tab's displayItems
[24Sep2026 13:54:54.750] [Render thread/WARN] [mezz.jei.library.plugins.vanilla.ingredients.ItemStackListFactory/]: Item Group has no display items and no search tab display items. Items from this group will be missing from the JEI ingredient list. Operator Utilities
[24Sep2026 13:54:54.750] [Render thread/DEBUG] [mezz.jei.library.plugins.vanilla.ingredients.ItemStackListFactory/]: Skipping creative tab: 'Survival Inventory' because it is type: INVENTORY
[24Sep2026 13:54:54.750] [Render thread/DEBUG] [mezz.jei.library.plugins.vanilla.ingredients.ItemStackListFactory/]: Added   19/  19 new items from 'Geckolib Examples' creative tab's displayItems
[24Sep2026 13:54:54.750] [Render thread/DEBUG] [mezz.jei.library.plugins.vanilla.ingredients.ItemStackListFactory/]: Added   18/  21 new items from 'Aperture Innovations' creative tab's displayItems
[24Sep2026 13:54:54.750] [Render thread/WARN] [mezz.jei.library.plugins.vanilla.ingredients.ItemStackListFactory/]: 3 duplicate items were found in 'Aperture Innovations' creative tab's: displayItems
This may indicate that these types of item need a subtype interpreter added to JEI:
[portal_gun]
[24Sep2026 13:54:54.836] [Render thread/DEBUG] [mezz.jei.library.plugins.vanilla.ingredients.ItemStackListFactory/]: Added  133/ 487 new items from 'Mekanism' creative tab's displayItems
[24Sep2026 13:54:54.854] [Render thread/INFO] [mezz.jei.library.load.PluginCallerTimerRunnable/]: Registering ingredients: jei:minecraft took 145.4 milliseconds
[24Sep2026 13:54:54.854] [Render thread/DEBUG] [mezz.jei.library.load.PluginCallerTimerRunnable/]: Registering ingredients: jei:debug...
[24Sep2026 13:54:54.854] [Render thread/DEBUG] [mezz.jei.library.load.PluginCallerTimerRunnable/]: Registering ingredients: jei:gui...
[24Sep2026 13:54:54.854] [Render thread/DEBUG] [mezz.jei.library.load.PluginCallerTimerRunnable/]: Registering ingredients: jei:forge_gui...
[24Sep2026 13:54:54.854] [Render thread/DEBUG] [mezz.jei.library.load.PluginCallerTimerRunnable/]: Registering ingredients: mekanism:jei_plugin...
[24Sep2026 13:54:54.856] [Render thread/DEBUG] [mezz.jei.library.load.PluginCallerTimerRunnable/]: Registering ingredients: jei:internal...
[24Sep2026 13:54:54.856] [Render thread/INFO] [mezz.jei.library.load.PluginCaller/]: Registering ingredients took 148.5 ms
[24Sep2026 13:54:54.857] [Render thread/INFO] [mezz.jei.library.load.PluginCaller/]: Registering extra ingredients...
[24Sep2026 13:54:54.857] [Render thread/DEBUG] [mezz.jei.library.load.PluginCallerTimerRunnable/]: Registering extra ingredients: jei:minecraft...
[24Sep2026 13:54:54.857] [Render thread/DEBUG] [mezz.jei.library.load.PluginCallerTimerRunnable/]: Registering extra ingredients: jei:debug...
[24Sep2026 13:54:54.857] [Render thread/DEBUG] [mezz.jei.library.load.PluginCallerTimerRunnable/]: Registering extra ingredients: jei:gui...
[24Sep2026 13:54:54.857] [Render thread/DEBUG] [mezz.jei.library.load.PluginCallerTimerRunnable/]: Registering extra ingredients: jei:forge_gui...
[24Sep2026 13:54:54.857] [Render thread/DEBUG] [mezz.jei.library.load.PluginCallerTimerRunnable/]: Registering extra ingredients: mekanism:jei_plugin...
[24Sep2026 13:54:54.857] [Render thread/DEBUG] [mezz.jei.library.load.PluginCallerTimerRunnable/]: Registering extra ingredients: jei:internal...
[24Sep2026 13:54:54.858] [Render thread/INFO] [mezz.jei.library.load.PluginCaller/]: Registering extra ingredients took 483.9 μs
[24Sep2026 13:54:54.858] [Render thread/INFO] [mezz.jei.library.load.PluginCaller/]: Registering search ingredient aliases...
[24Sep2026 13:54:54.859] [Render thread/DEBUG] [mezz.jei.library.load.PluginCallerTimerRunnable/]: Registering search ingredient aliases: jei:minecraft...
[24Sep2026 13:54:54.859] [Render thread/DEBUG] [mezz.jei.library.load.PluginCallerTimerRunnable/]: Registering search ingredient aliases: jei:debug...
[24Sep2026 13:54:54.859] [Render thread/DEBUG] [mezz.jei.library.load.PluginCallerTimerRunnable/]: Registering search ingredient aliases: jei:gui...
[24Sep2026 13:54:54.859] [Render thread/DEBUG] [mezz.jei.library.load.PluginCallerTimerRunnable/]: Registering search ingredient aliases: jei:forge_gui...
[24Sep2026 13:54:54.859] [Render thread/DEBUG] [mezz.jei.library.load.PluginCallerTimerRunnable/]: Registering search ingredient aliases: mekanism:jei_plugin...
[24Sep2026 13:54:54.859] [Render thread/DEBUG] [mezz.jei.library.load.PluginCallerTimerRunnable/]: Registering search ingredient aliases: jei:internal...
[24Sep2026 13:54:54.859] [Render thread/INFO] [mezz.jei.library.load.PluginCaller/]: Registering search ingredient aliases took 1.011 ms
[24Sep2026 13:54:54.875] [Render thread/INFO] [mezz.jei.library.load.PluginCaller/]: Registering categories...
[24Sep2026 13:54:54.876] [Render thread/DEBUG] [mezz.jei.library.load.PluginCallerTimerRunnable/]: Registering categories: jei:minecraft...
[24Sep2026 13:54:54.890] [Render thread/INFO] [mezz.jei.library.load.PluginCallerTimerRunnable/]: Registering categories: jei:minecraft took 14.16 milliseconds
[24Sep2026 13:54:54.890] [Render thread/DEBUG] [mezz.jei.library.load.PluginCallerTimerRunnable/]: Registering categories: jei:debug...
[24Sep2026 13:54:54.890] [Render thread/DEBUG] [mezz.jei.library.load.PluginCallerTimerRunnable/]: Registering categories: jei:gui...
[24Sep2026 13:54:54.890] [Render thread/DEBUG] [mezz.jei.library.load.PluginCallerTimerRunnable/]: Registering categories: jei:forge_gui...
[24Sep2026 13:54:54.890] [Render thread/DEBUG] [mezz.jei.library.load.PluginCallerTimerRunnable/]: Registering categories: mekanism:jei_plugin...
[24Sep2026 13:54:54.927] [Render thread/INFO] [mezz.jei.library.load.PluginCallerTimerRunnable/]: Registering categories: mekanism:jei_plugin took 36.08 milliseconds
[24Sep2026 13:54:54.927] [Render thread/DEBUG] [mezz.jei.library.load.PluginCallerTimerRunnable/]: Registering categories: jei:internal...
[24Sep2026 13:54:54.931] [Render thread/INFO] [mezz.jei.library.load.PluginCaller/]: Registering categories took 55.81 ms
[24Sep2026 13:54:54.932] [Render thread/INFO] [mezz.jei.library.load.PluginCaller/]: Registering vanilla category extensions...
[24Sep2026 13:54:54.932] [Render thread/DEBUG] [mezz.jei.library.load.PluginCallerTimerRunnable/]: Registering vanilla category extensions: jei:minecraft...
[24Sep2026 13:54:54.934] [Render thread/DEBUG] [mezz.jei.library.load.PluginCallerTimerRunnable/]: Registering vanilla category extensions: jei:debug...
[24Sep2026 13:54:54.935] [Render thread/DEBUG] [mezz.jei.library.load.PluginCallerTimerRunnable/]: Registering vanilla category extensions: jei:gui...
[24Sep2026 13:54:54.935] [Render thread/DEBUG] [mezz.jei.library.load.PluginCallerTimerRunnable/]: Registering vanilla category extensions: jei:forge_gui...
[24Sep2026 13:54:54.935] [Render thread/DEBUG] [mezz.jei.library.load.PluginCallerTimerRunnable/]: Registering vanilla category extensions: mekanism:jei_plugin...
[24Sep2026 13:54:54.935] [Render thread/DEBUG] [mezz.jei.library.load.PluginCallerTimerRunnable/]: Registering vanilla category extensions: jei:internal...
[24Sep2026 13:54:54.935] [Render thread/INFO] [mezz.jei.library.load.PluginCaller/]: Registering vanilla category extensions took 2.514 ms
[24Sep2026 13:54:54.935] [Render thread/INFO] [mezz.jei.library.load.PluginCaller/]: Registering recipe catalysts...
[24Sep2026 13:54:54.936] [Render thread/DEBUG] [mezz.jei.library.load.PluginCallerTimerRunnable/]: Registering recipe catalysts: jei:minecraft...
[24Sep2026 13:54:54.936] [Render thread/DEBUG] [mezz.jei.library.load.PluginCallerTimerRunnable/]: Registering recipe catalysts: jei:debug...
[24Sep2026 13:54:54.936] [Render thread/DEBUG] [mezz.jei.library.load.PluginCallerTimerRunnable/]: Registering recipe catalysts: jei:gui...
[24Sep2026 13:54:54.936] [Render thread/DEBUG] [mezz.jei.library.load.PluginCallerTimerRunnable/]: Registering recipe catalysts: jei:forge_gui...
[24Sep2026 13:54:54.936] [Render thread/DEBUG] [mezz.jei.library.load.PluginCallerTimerRunnable/]: Registering recipe catalysts: mekanism:jei_plugin...
[24Sep2026 13:54:54.938] [Render thread/DEBUG] [mezz.jei.library.load.PluginCallerTimerRunnable/]: Registering recipe catalysts: jei:internal...
[24Sep2026 13:54:54.938] [Render thread/INFO] [mezz.jei.library.load.PluginCaller/]: Registering recipe catalysts took 2.793 ms
[24Sep2026 13:54:54.939] [Render thread/INFO] [mezz.jei.core.util.LoggedTimer/]: Building recipe registry...
[24Sep2026 13:54:54.952] [Render thread/INFO] [mezz.jei.core.util.LoggedTimer/]: Building recipe registry took 12.70 ms
[24Sep2026 13:54:54.953] [Render thread/INFO] [mezz.jei.library.load.PluginCaller/]: Registering advanced plugins...
[24Sep2026 13:54:54.954] [Render thread/DEBUG] [mezz.jei.library.load.PluginCallerTimerRunnable/]: Registering advanced plugins: jei:minecraft...
[24Sep2026 13:54:54.954] [Render thread/DEBUG] [mezz.jei.library.load.PluginCallerTimerRunnable/]: Registering advanced plugins: jei:debug...
[24Sep2026 13:54:54.954] [Render thread/DEBUG] [mezz.jei.library.load.PluginCallerTimerRunnable/]: Registering advanced plugins: jei:gui...
[24Sep2026 13:54:54.954] [Render thread/DEBUG] [mezz.jei.library.load.PluginCallerTimerRunnable/]: Registering advanced plugins: jei:forge_gui...
[24Sep2026 13:54:54.954] [Render thread/DEBUG] [mezz.jei.library.load.PluginCallerTimerRunnable/]: Registering advanced plugins: mekanism:jei_plugin...
[24Sep2026 13:54:54.954] [Render thread/DEBUG] [mezz.jei.library.load.PluginCallerTimerRunnable/]: Registering advanced plugins: jei:internal...
[24Sep2026 13:54:54.954] [Render thread/INFO] [mezz.jei.library.load.PluginCaller/]: Registering advanced plugins took 398.9 μs
[24Sep2026 13:54:54.955] [Render thread/INFO] [mezz.jei.library.load.PluginCaller/]: Registering recipes...
[24Sep2026 13:54:54.955] [Render thread/DEBUG] [mezz.jei.library.load.PluginCallerTimerRunnable/]: Registering recipes: jei:minecraft...
[24Sep2026 13:54:54.970] [Render thread/DEBUG] [mezz.jei.library.recipes.RecipeManagerInternal/]: Adding recipes: RecipeType[uid=minecraft:crafting, recipeClass=interface net.minecraft.world.item.crafting.CraftingRecipe]
[24Sep2026 13:54:55.020] [Render thread/DEBUG] [mezz.jei.library.recipes.RecipeManagerInternal/]: Adding recipes: RecipeType[uid=minecraft:crafting, recipeClass=interface net.minecraft.world.item.crafting.CraftingRecipe]
[24Sep2026 13:54:55.025] [Render thread/DEBUG] [mezz.jei.library.recipes.RecipeManagerInternal/]: Adding recipes: RecipeType[uid=minecraft:stonecutting, recipeClass=class net.minecraft.world.item.crafting.StonecutterRecipe]
[24Sep2026 13:54:55.027] [Render thread/DEBUG] [mezz.jei.library.recipes.RecipeManagerInternal/]: Adding recipes: RecipeType[uid=minecraft:furnace, recipeClass=class net.minecraft.world.item.crafting.SmeltingRecipe]
[24Sep2026 13:54:55.029] [Render thread/DEBUG] [mezz.jei.library.recipes.RecipeManagerInternal/]: Adding recipes: RecipeType[uid=minecraft:smoking, recipeClass=class net.minecraft.world.item.crafting.SmokingRecipe]
[24Sep2026 13:54:55.030] [Render thread/DEBUG] [mezz.jei.library.recipes.RecipeManagerInternal/]: Adding recipes: RecipeType[uid=minecraft:blasting, recipeClass=class net.minecraft.world.item.crafting.BlastingRecipe]
[24Sep2026 13:54:55.031] [Render thread/DEBUG] [mezz.jei.library.recipes.RecipeManagerInternal/]: Adding recipes: RecipeType[uid=minecraft:campfire, recipeClass=class net.minecraft.world.item.crafting.CampfireCookingRecipe]
[24Sep2026 13:54:55.034] [Render thread/DEBUG] [mezz.jei.library.recipes.RecipeManagerInternal/]: Adding recipes: RecipeType[uid=minecraft:fuel, recipeClass=interface mezz.jei.api.recipe.vanilla.IJeiFuelingRecipe]
[24Sep2026 13:54:55.046] [Render thread/DEBUG] [mezz.jei.library.recipes.RecipeManagerInternal/]: Adding recipes: RecipeType[uid=minecraft:anvil, recipeClass=interface mezz.jei.api.recipe.vanilla.IJeiAnvilRecipe]
[24Sep2026 13:54:55.069] [Render thread/DEBUG] [mezz.jei.library.recipes.RecipeManagerInternal/]: Adding recipes: RecipeType[uid=minecraft:smithing, recipeClass=interface net.minecraft.world.item.crafting.SmithingRecipe]
[24Sep2026 13:54:55.081] [Render thread/DEBUG] [mezz.jei.library.recipes.RecipeManagerInternal/]: Adding recipes: RecipeType[uid=minecraft:compostable, recipeClass=interface mezz.jei.api.recipe.vanilla.IJeiCompostingRecipe]
[24Sep2026 13:54:55.121] [Render thread/DEBUG] [mezz.jei.library.recipes.RecipeManagerInternal/]: Adding recipes: RecipeType[uid=minecraft:brewing, recipeClass=interface mezz.jei.api.recipe.vanilla.IJeiBrewingRecipe]
[24Sep2026 13:54:55.128] [Render thread/INFO] [mezz.jei.library.load.PluginCallerTimerRunnable/]: Registering recipes: jei:minecraft took 172.2 milliseconds
[24Sep2026 13:54:55.128] [Render thread/DEBUG] [mezz.jei.library.load.PluginCallerTimerRunnable/]: Registering recipes: jei:debug...
[24Sep2026 13:54:55.128] [Render thread/DEBUG] [mezz.jei.library.load.PluginCallerTimerRunnable/]: Registering recipes: jei:gui...
[24Sep2026 13:54:55.128] [Render thread/DEBUG] [mezz.jei.library.load.PluginCallerTimerRunnable/]: Registering recipes: jei:forge_gui...
[24Sep2026 13:54:55.128] [Render thread/DEBUG] [mezz.jei.library.load.PluginCallerTimerRunnable/]: Registering recipes: mekanism:jei_plugin...
[24Sep2026 13:54:55.129] [Render thread/DEBUG] [mezz.jei.library.recipes.RecipeManagerInternal/]: Adding recipes: RecipeType[uid=mekanism:energized_smelter, recipeClass=class mekanism.api.recipes.ItemStackToItemStackRecipe]
[24Sep2026 13:54:55.130] [Render thread/DEBUG] [mezz.jei.library.recipes.RecipeManagerInternal/]: Adding recipes: RecipeType[uid=mekanism:enrichment_chamber, recipeClass=class mekanism.api.recipes.ItemStackToItemStackRecipe]
[24Sep2026 13:54:55.131] [Render thread/DEBUG] [mezz.jei.library.recipes.RecipeManagerInternal/]: Adding recipes: RecipeType[uid=mekanism:crusher, recipeClass=class mekanism.api.recipes.ItemStackToItemStackRecipe]
[24Sep2026 13:54:55.133] [Render thread/DEBUG] [mezz.jei.library.recipes.RecipeManagerInternal/]: Adding recipes: RecipeType[uid=mekanism:combiner, recipeClass=class mekanism.api.recipes.CombinerRecipe]
[24Sep2026 13:54:55.133] [Render thread/DEBUG] [mezz.jei.library.recipes.RecipeManagerInternal/]: Adding recipes: RecipeType[uid=mekanism:purification_chamber, recipeClass=class mekanism.api.recipes.ItemStackGasToItemStackRecipe]
[24Sep2026 13:54:55.136] [Render thread/DEBUG] [mezz.jei.library.recipes.RecipeManagerInternal/]: Adding recipes: RecipeType[uid=mekanism:osmium_compressor, recipeClass=class mekanism.api.recipes.ItemStackGasToItemStackRecipe]
[24Sep2026 13:54:55.137] [Render thread/DEBUG] [mezz.jei.library.recipes.RecipeManagerInternal/]: Adding recipes: RecipeType[uid=mekanism:chemical_injection_chamber, recipeClass=class mekanism.api.recipes.ItemStackGasToItemStackRecipe]
[24Sep2026 13:54:55.140] [Render thread/DEBUG] [mezz.jei.library.recipes.RecipeManagerInternal/]: Adding recipes: RecipeType[uid=mekanism:precision_sawmill, recipeClass=class mekanism.api.recipes.SawmillRecipe]
[24Sep2026 13:54:55.140] [Render thread/DEBUG] [mezz.jei.library.recipes.RecipeManagerInternal/]: Adding recipes: RecipeType[uid=mekanism:metallurgic_infuser, recipeClass=class mekanism.api.recipes.MetallurgicInfuserRecipe]
[24Sep2026 13:54:55.141] [Render thread/DEBUG] [mezz.jei.library.recipes.RecipeManagerInternal/]: Adding recipes: RecipeType[uid=mekanism:chemical_crystallizer, recipeClass=class mekanism.api.recipes.ChemicalCrystallizerRecipe]
[24Sep2026 13:54:55.144] [Render thread/DEBUG] [mezz.jei.library.recipes.RecipeManagerInternal/]: Adding recipes: RecipeType[uid=mekanism:chemical_dissolution_chamber, recipeClass=class mekanism.api.recipes.ChemicalDissolutionRecipe]
[24Sep2026 13:54:55.145] [Render thread/DEBUG] [mezz.jei.library.recipes.RecipeManagerInternal/]: Adding recipes: RecipeType[uid=mekanism:chemical_infuser, recipeClass=class mekanism.api.recipes.ChemicalInfuserRecipe]
[24Sep2026 13:54:55.145] [Render thread/DEBUG] [mezz.jei.library.recipes.RecipeManagerInternal/]: Adding recipes: RecipeType[uid=mekanism:chemical_oxidizer, recipeClass=class mekanism.api.recipes.ItemStackToGasRecipe]
[24Sep2026 13:54:55.145] [Render thread/DEBUG] [mezz.jei.library.recipes.RecipeManagerInternal/]: Adding recipes: RecipeType[uid=mekanism:chemical_washer, recipeClass=class mekanism.api.recipes.FluidSlurryToSlurryRecipe]
[24Sep2026 13:54:55.146] [Render thread/DEBUG] [mezz.jei.library.recipes.RecipeManagerInternal/]: Adding recipes: RecipeType[uid=mekanism:solar_neutron_activator, recipeClass=class mekanism.api.recipes.GasToGasRecipe]
[24Sep2026 13:54:55.146] [Render thread/DEBUG] [mezz.jei.library.recipes.RecipeManagerInternal/]: Adding recipes: RecipeType[uid=mekanism:isotopic_centrifuge, recipeClass=class mekanism.api.recipes.GasToGasRecipe]
[24Sep2026 13:54:55.147] [Render thread/DEBUG] [mezz.jei.library.recipes.RecipeManagerInternal/]: Adding recipes: RecipeType[uid=mekanism:electrolytic_separator, recipeClass=class mekanism.api.recipes.ElectrolysisRecipe]
[24Sep2026 13:54:55.147] [Render thread/DEBUG] [mezz.jei.library.recipes.RecipeManagerInternal/]: Adding recipes: RecipeType[uid=mekanism:thermal_evaporation_controller, recipeClass=class mekanism.api.recipes.FluidToFluidRecipe]
[24Sep2026 13:54:55.148] [Render thread/DEBUG] [mezz.jei.library.recipes.RecipeManagerInternal/]: Adding recipes: RecipeType[uid=mekanism:pressurized_reaction_chamber, recipeClass=class mekanism.api.recipes.PressurizedReactionRecipe]
[24Sep2026 13:54:55.149] [Render thread/DEBUG] [mezz.jei.library.recipes.RecipeManagerInternal/]: Adding recipes: RecipeType[uid=mekanism:antiprotonic_nucleosynthesizer, recipeClass=class mekanism.api.recipes.NucleosynthesizingRecipe]
[24Sep2026 13:54:55.150] [Render thread/DEBUG] [mezz.jei.library.recipes.RecipeManagerInternal/]: Adding recipes: RecipeType[uid=mekanism:pigment_extractor, recipeClass=class mekanism.api.recipes.ItemStackToPigmentRecipe]
[24Sep2026 13:54:55.152] [Render thread/DEBUG] [mezz.jei.library.recipes.RecipeManagerInternal/]: Adding recipes: RecipeType[uid=mekanism:pigment_mixer, recipeClass=class mekanism.api.recipes.PigmentMixingRecipe]
[24Sep2026 13:54:55.153] [Render thread/DEBUG] [mezz.jei.library.recipes.RecipeManagerInternal/]: Adding recipes: RecipeType[uid=mekanism:painting_machine, recipeClass=class mekanism.api.recipes.PaintingRecipe]
[24Sep2026 13:54:55.163] [Render thread/DEBUG] [mezz.jei.library.recipes.RecipeManagerInternal/]: Adding recipes: RecipeType[uid=mekanism:condensentrating, recipeClass=class mekanism.api.recipes.RotaryRecipe]
[24Sep2026 13:54:55.163] [Render thread/DEBUG] [mezz.jei.library.recipes.RecipeManagerInternal/]: Adding recipes: RecipeType[uid=mekanism:decondensentrating, recipeClass=class mekanism.api.recipes.RotaryRecipe]
[24Sep2026 13:54:55.164] [Render thread/DEBUG] [mezz.jei.library.recipes.RecipeManagerInternal/]: Adding recipes: RecipeType[uid=mekanism:nutritional_liquifier, recipeClass=class mekanism.api.recipes.ItemStackToFluidRecipe]
[24Sep2026 13:54:55.165] [Render thread/DEBUG] [mezz.jei.library.recipes.RecipeManagerInternal/]: Adding recipes: RecipeType[uid=mekanism:sps_casing, recipeClass=class mekanism.client.jei.recipe.SPSJEIRecipe]
[24Sep2026 13:54:55.166] [Render thread/DEBUG] [mezz.jei.library.recipes.RecipeManagerInternal/]: Adding recipes: RecipeType[uid=mekanism:boiler_casing, recipeClass=class mekanism.client.jei.recipe.BoilerJEIRecipe]
[24Sep2026 13:54:55.167] [Render thread/DEBUG] [mezz.jei.library.recipes.RecipeManagerInternal/]: Adding recipes: RecipeType[uid=mekanism:energy_conversion, recipeClass=class mekanism.api.recipes.ItemStackToEnergyRecipe]
[24Sep2026 13:54:55.167] [Render thread/DEBUG] [mezz.jei.library.recipes.RecipeManagerInternal/]: Adding recipes: RecipeType[uid=mekanism:gas_conversion, recipeClass=class mekanism.api.recipes.ItemStackToGasRecipe]
[24Sep2026 13:54:55.167] [Render thread/DEBUG] [mezz.jei.library.recipes.RecipeManagerInternal/]: Adding recipes: RecipeType[uid=mekanism:infusion_conversion, recipeClass=class mekanism.api.recipes.ItemStackToInfuseTypeRecipe]
[24Sep2026 13:54:55.167] [Render thread/DEBUG] [mezz.jei.library.recipes.RecipeManagerInternal/]: Adding recipes: RecipeType[uid=minecraft:anvil, recipeClass=interface mezz.jei.api.recipe.vanilla.IJeiAnvilRecipe]
[24Sep2026 13:54:55.167] [Render thread/DEBUG] [mezz.jei.library.recipes.RecipeManagerInternal/]: Adding recipes: RecipeType[uid=minecraft:anvil, recipeClass=interface mezz.jei.api.recipe.vanilla.IJeiAnvilRecipe]
[24Sep2026 13:54:55.170] [Render thread/DEBUG] [mezz.jei.library.recipes.RecipeManagerInternal/]: Adding recipes: RecipeType[uid=jei:information, recipeClass=interface mezz.jei.api.recipe.vanilla.IJeiIngredientInfoRecipe]
[24Sep2026 13:54:55.170] [Render thread/DEBUG] [mezz.jei.library.recipes.RecipeManagerInternal/]: Adding recipes: RecipeType[uid=jei:information, recipeClass=interface mezz.jei.api.recipe.vanilla.IJeiIngredientInfoRecipe]
[24Sep2026 13:54:55.172] [Render thread/INFO] [mezz.jei.library.load.PluginCallerTimerRunnable/]: Registering recipes: mekanism:jei_plugin took 43.96 milliseconds
[24Sep2026 13:54:55.172] [Render thread/DEBUG] [mezz.jei.library.load.PluginCallerTimerRunnable/]: Registering recipes: jei:internal...
[24Sep2026 13:54:55.175] [Render thread/DEBUG] [mezz.jei.library.recipes.RecipeManagerInternal/]: Adding recipes: RecipeType[uid=minecraft:tag_recipes/item, recipeClass=interface mezz.jei.library.plugins.jei.tags.ITagInfoRecipe]
[24Sep2026 13:54:55.187] [Render thread/DEBUG] [mezz.jei.library.plugins.jei.tags.TagInfoRecipeMaker/]: No valid ingredients found for minecraft:block tag: #minecraft:strider_warm_blocks (minecraft:strider_warm_blocks)
[24Sep2026 13:54:55.188] [Render thread/DEBUG] [mezz.jei.library.plugins.jei.tags.TagInfoRecipeMaker/]: No valid ingredients found for minecraft:block tag: #mekanism:miner_blacklist (mekanism:miner_blacklist)
[24Sep2026 13:54:55.188] [Render thread/DEBUG] [mezz.jei.library.plugins.jei.tags.TagInfoRecipeMaker/]: No valid ingredients found for minecraft:block tag: #minecraft:portals (minecraft:portals)
[24Sep2026 13:54:55.189] [Render thread/DEBUG] [mezz.jei.library.plugins.jei.tags.TagInfoRecipeMaker/]: No valid ingredients found for minecraft:block tag: #minecraft:fire (minecraft:fire)
[24Sep2026 13:54:55.189] [Render thread/DEBUG] [mezz.jei.library.plugins.jei.tags.TagInfoRecipeMaker/]: No valid ingredients found for minecraft:block tag: #minecraft:candle_cakes (minecraft:candle_cakes)
[24Sep2026 13:54:55.189] [Render thread/DEBUG] [mezz.jei.library.plugins.jei.tags.TagInfoRecipeMaker/]: No valid ingredients found for minecraft:block tag: #minecraft:invalid_spawn_inside (minecraft:invalid_spawn_inside)
[24Sep2026 13:54:55.189] [Render thread/DEBUG] [mezz.jei.library.recipes.RecipeManagerInternal/]: Adding recipes: RecipeType[uid=minecraft:tag_recipes/block, recipeClass=interface mezz.jei.library.plugins.jei.tags.ITagInfoRecipe]
[24Sep2026 13:54:55.201] [Render thread/DEBUG] [mezz.jei.library.plugins.jei.tags.TagInfoRecipeMaker/]: No valid ingredients found for minecraft:fluid tag: #forge:milk (forge:milk)
[24Sep2026 13:54:55.201] [Render thread/DEBUG] [mezz.jei.library.recipes.RecipeManagerInternal/]: Adding recipes: RecipeType[uid=minecraft:tag_recipes/fluid, recipeClass=interface mezz.jei.library.plugins.jei.tags.ITagInfoRecipe]
[24Sep2026 13:54:55.202] [Render thread/INFO] [mezz.jei.library.load.PluginCallerTimerRunnable/]: Registering recipes: jei:internal took 29.75 milliseconds
[24Sep2026 13:54:55.202] [Render thread/INFO] [mezz.jei.library.load.PluginCaller/]: Registering recipes took 246.9 ms
[24Sep2026 13:54:55.209] [Render thread/INFO] [mezz.jei.library.load.PluginCaller/]: Registering recipes transfer handlers...
[24Sep2026 13:54:55.209] [Render thread/DEBUG] [mezz.jei.library.load.PluginCallerTimerRunnable/]: Registering recipes transfer handlers: jei:minecraft...
[24Sep2026 13:54:55.212] [Render thread/DEBUG] [mezz.jei.library.load.PluginCallerTimerRunnable/]: Registering recipes transfer handlers: jei:debug...
[24Sep2026 13:54:55.212] [Render thread/DEBUG] [mezz.jei.library.load.PluginCallerTimerRunnable/]: Registering recipes transfer handlers: jei:gui...
[24Sep2026 13:54:55.212] [Render thread/DEBUG] [mezz.jei.library.load.PluginCallerTimerRunnable/]: Registering recipes transfer handlers: jei:forge_gui...
[24Sep2026 13:54:55.212] [Render thread/DEBUG] [mezz.jei.library.load.PluginCallerTimerRunnable/]: Registering recipes transfer handlers: mekanism:jei_plugin...
[24Sep2026 13:54:55.215] [Render thread/DEBUG] [mezz.jei.library.load.PluginCallerTimerRunnable/]: Registering recipes transfer handlers: jei:internal...
[24Sep2026 13:54:55.215] [Render thread/INFO] [mezz.jei.library.load.PluginCaller/]: Registering recipes transfer handlers took 5.718 ms
[24Sep2026 13:54:55.221] [Render thread/INFO] [mezz.jei.core.util.LoggedTimer/]: Building runtime...
[24Sep2026 13:54:55.225] [Render thread/INFO] [mezz.jei.library.load.PluginCaller/]: Registering gui handlers...
[24Sep2026 13:54:55.225] [Render thread/DEBUG] [mezz.jei.library.load.PluginCallerTimerRunnable/]: Registering gui handlers: jei:minecraft...
[24Sep2026 13:54:55.227] [Render thread/DEBUG] [mezz.jei.library.load.PluginCallerTimerRunnable/]: Registering gui handlers: jei:debug...
[24Sep2026 13:54:55.228] [Render thread/DEBUG] [mezz.jei.library.load.PluginCallerTimerRunnable/]: Registering gui handlers: jei:gui...
[24Sep2026 13:54:55.232] [Render thread/DEBUG] [mezz.jei.library.load.PluginCallerTimerRunnable/]: Registering gui handlers: jei:forge_gui...
[24Sep2026 13:54:55.232] [Render thread/DEBUG] [mezz.jei.library.load.PluginCallerTimerRunnable/]: Registering gui handlers: mekanism:jei_plugin...
[24Sep2026 13:54:55.234] [Render thread/DEBUG] [mezz.jei.library.load.PluginCallerTimerRunnable/]: Registering gui handlers: jei:internal...
[24Sep2026 13:54:55.234] [Render thread/INFO] [mezz.jei.library.load.PluginCaller/]: Registering gui handlers took 8.967 ms
[24Sep2026 13:54:55.238] [Render thread/INFO] [mezz.jei.library.load.PluginCaller/]: Registering Runtime...
[24Sep2026 13:54:55.238] [Render thread/DEBUG] [mezz.jei.library.load.PluginCallerTimerRunnable/]: Registering Runtime: jei:minecraft...
[24Sep2026 13:54:55.238] [Render thread/DEBUG] [mezz.jei.library.load.PluginCallerTimerRunnable/]: Registering Runtime: jei:debug...
[24Sep2026 13:54:55.238] [Render thread/DEBUG] [mezz.jei.library.load.PluginCallerTimerRunnable/]: Registering Runtime: jei:gui...
[24Sep2026 13:54:55.238] [Render thread/DEBUG] [mezz.jei.library.load.PluginCallerTimerRunnable/]: Registering Runtime: jei:forge_gui...
[24Sep2026 13:54:55.240] [Render thread/INFO] [mezz.jei.gui.startup.JeiGuiStarter/]: Starting JEI GUI
[24Sep2026 13:54:55.241] [Render thread/INFO] [mezz.jei.core.util.LoggedTimer/]: Building ingredient list...
[24Sep2026 13:54:55.242] [Render thread/DEBUG] [mezz.jei.gui.ingredients.IngredientListElementFactory/]: Registering ingredients: ItemStack
[24Sep2026 13:54:55.265] [Render thread/DEBUG] [mezz.jei.gui.ingredients.IngredientListElementFactory/]: Registering ingredients: FluidStack
[24Sep2026 13:54:55.266] [Render thread/DEBUG] [mezz.jei.gui.ingredients.IngredientListElementFactory/]: Registering ingredients: GasStack
[24Sep2026 13:54:55.266] [Render thread/DEBUG] [mezz.jei.gui.ingredients.IngredientListElementFactory/]: Registering ingredients: InfusionStack
[24Sep2026 13:54:55.266] [Render thread/DEBUG] [mezz.jei.gui.ingredients.IngredientListElementFactory/]: Registering ingredients: PigmentStack
[24Sep2026 13:54:55.266] [Render thread/DEBUG] [mezz.jei.gui.ingredients.IngredientListElementFactory/]: Registering ingredients: SlurryStack
[24Sep2026 13:54:55.266] [Render thread/INFO] [mezz.jei.core.util.LoggedTimer/]: Building ingredient list took 24.94 ms
[24Sep2026 13:54:55.266] [Render thread/INFO] [mezz.jei.core.util.LoggedTimer/]: Building ingredient filter...
[24Sep2026 13:54:55.289] [Render thread/INFO] [mezz.jei.gui.ingredients.IngredientFilter/]: Adding 2164 ingredients
[24Sep2026 13:54:55.377] [Render thread/DEBUG] [io.netty.util.internal.ThreadLocalRandom/]: -Dio.netty.initialSeedUniquifier: 0x49f5d939a4fb3088
[24Sep2026 13:54:55.457] [Render thread/INFO] [mezz.jei.gui.ingredients.IngredientFilter/]: Added 2164 ingredients
[24Sep2026 13:54:55.457] [Render thread/INFO] [mezz.jei.core.util.LoggedTimer/]: Building ingredient filter took 190.9 ms
[24Sep2026 13:54:55.519] [Render thread/INFO] [mezz.jei.library.load.PluginCallerTimerRunnable/]: Registering Runtime: jei:forge_gui took 280.2 milliseconds
[24Sep2026 13:54:55.519] [Render thread/DEBUG] [mezz.jei.library.load.PluginCallerTimerRunnable/]: Registering Runtime: mekanism:jei_plugin...
[24Sep2026 13:54:55.519] [Render thread/DEBUG] [mezz.jei.library.load.PluginCallerTimerRunnable/]: Registering Runtime: jei:internal...
[24Sep2026 13:54:55.519] [Render thread/INFO] [mezz.jei.library.load.PluginCaller/]: Registering Runtime took 280.8 ms
[24Sep2026 13:54:55.520] [Render thread/INFO] [mezz.jei.core.util.LoggedTimer/]: Building runtime took 298.9 ms
[24Sep2026 13:54:55.520] [Render thread/INFO] [mezz.jei.library.load.PluginCaller/]: Sending Runtime...
[24Sep2026 13:54:55.520] [Render thread/DEBUG] [mezz.jei.library.load.PluginCallerTimerRunnable/]: Sending Runtime: jei:minecraft...
[24Sep2026 13:54:55.520] [Render thread/DEBUG] [mezz.jei.library.load.PluginCallerTimerRunnable/]: Sending Runtime: jei:debug...
[24Sep2026 13:54:55.520] [Render thread/DEBUG] [mezz.jei.library.load.PluginCallerTimerRunnable/]: Sending Runtime: jei:gui...
[24Sep2026 13:54:55.520] [Render thread/DEBUG] [mezz.jei.library.load.PluginCallerTimerRunnable/]: Sending Runtime: jei:forge_gui...
[24Sep2026 13:54:55.520] [Render thread/DEBUG] [mezz.jei.library.load.PluginCallerTimerRunnable/]: Sending Runtime: mekanism:jei_plugin...
[24Sep2026 13:54:55.520] [Render thread/DEBUG] [mezz.jei.library.load.PluginCallerTimerRunnable/]: Sending Runtime: jei:internal...
[24Sep2026 13:54:55.520] [Render thread/INFO] [mezz.jei.library.load.PluginCaller/]: Sending Runtime took 357.8 μs
[24Sep2026 13:54:55.520] [Render thread/INFO] [mezz.jei.core.util.LoggedTimer/]: Starting JEI took 859.7 ms
[24Sep2026 13:54:55.603] [Render thread/INFO] [net.minecraft.advancements.AdvancementList/]: Loaded 39 advancements
[24Sep2026 13:55:07.998] [Server thread/INFO] [net.minecraft.server.MinecraftServer/]: [Dev: Set the time to 18000]
[24Sep2026 13:55:08.008] [Render thread/INFO] [net.minecraft.client.gui.components.ChatComponent/]: [System] [CHAT] Set the time to 18000
[24Sep2026 13:55:12.773] [Render thread/INFO] [net.minecraft.advancements.AdvancementList/]: Loaded 42 advancements
[24Sep2026 13:55:13.510] [Server thread/INFO] [net.minecraft.server.MinecraftServer/]: Dev has completed the challenge [Lunacy]
[24Sep2026 13:55:13.525] [Render thread/INFO] [net.minecraft.client.gui.components.ChatComponent/]: [System] [CHAT] Dev has completed the challenge [Lunacy]
[24Sep2026 13:55:13.526] [Render thread/INFO] [net.minecraft.advancements.AdvancementList/]: Loaded 44 advancements
[24Sep2026 13:55:28.742] [Server thread/INFO] [net.minecraft.server.MinecraftServer/]: Dev has made the advancement [Caves & Cliffs]
[24Sep2026 13:55:28.758] [Render thread/INFO] [net.minecraft.client.gui.components.ChatComponent/]: [System] [CHAT] Dev has made the advancement [Caves & Cliffs]
[24Sep2026 13:55:28.775] [Render thread/INFO] [net.minecraft.advancements.AdvancementList/]: Loaded 44 advancements
[24Sep2026 13:55:36.223] [Render thread/INFO] [net.minecraft.advancements.AdvancementList/]: Loaded 51 advancements
[24Sep2026 13:56:35.306] [Server thread/INFO] [net.minecraft.client.server.IntegratedServer/]: Saving and pausing game...
[24Sep2026 13:56:35.314] [Server thread/INFO] [net.minecraft.server.MinecraftServer/]: Saving chunks for level 'ServerLevel[New World]'/minecraft:overworld
[24Sep2026 13:56:35.322] [Server thread/INFO] [net.minecraft.server.MinecraftServer/]: Saving chunks for level 'ServerLevel[New World]'/minecraft:the_end
[24Sep2026 13:56:35.323] [Server thread/INFO] [net.minecraft.server.MinecraftServer/]: Saving chunks for level 'ServerLevel[New World]'/minecraft:the_nether
[24Sep2026 13:56:35.324] [Server thread/DEBUG] [net.minecraftforge.common.ForgeHooks/WP]: Gathering id map for writing to world save New World
[24Sep2026 13:56:35.335] [Server thread/DEBUG] [net.minecraftforge.common.ForgeHooks/WP]: ID Map collection complete New World
[24Sep2026 13:56:36.849] [Render thread/INFO] [net.minecraft.client.Minecraft/]: Stopping!
[24Sep2026 13:56:36.853] [Render thread/INFO] [mezz.jei.forge.startup.StartEventObserver/]: JEI StartEventObserver received class net.minecraftforge.client.event.ClientPlayerNetworkEvent$LoggingOut
[24Sep2026 13:56:36.854] [Render thread/INFO] [mezz.jei.forge.startup.StartEventObserver/]: JEI StartEventObserver transitioning state from JEI_STARTED to DISABLED
[24Sep2026 13:56:36.854] [Render thread/INFO] [mezz.jei.library.startup.JeiStarter/]: Stopping JEI
[24Sep2026 13:56:36.854] [Render thread/INFO] [mezz.jei.library.load.PluginCaller/]: Sending Runtime Unavailable...
[24Sep2026 13:56:36.854] [Render thread/DEBUG] [mezz.jei.library.load.PluginCallerTimerRunnable/]: Sending Runtime Unavailable: jei:minecraft...
[24Sep2026 13:56:36.854] [Render thread/DEBUG] [mezz.jei.library.load.PluginCallerTimerRunnable/]: Sending Runtime Unavailable: jei:debug...
[24Sep2026 13:56:36.854] [Render thread/DEBUG] [mezz.jei.library.load.PluginCallerTimerRunnable/]: Sending Runtime Unavailable: jei:gui...
[24Sep2026 13:56:36.854] [Render thread/DEBUG] [mezz.jei.library.load.PluginCallerTimerRunnable/]: Sending Runtime Unavailable: jei:forge_gui...
[24Sep2026 13:56:36.854] [Render thread/INFO] [mezz.jei.forge.plugins.forge.ForgeGuiPlugin/]: Stopping JEI GUI
[24Sep2026 13:56:36.856] [Render thread/DEBUG] [mezz.jei.library.load.PluginCallerTimerRunnable/]: Sending Runtime Unavailable: mekanism:jei_plugin...
[24Sep2026 13:56:36.856] [Render thread/DEBUG] [mezz.jei.library.load.PluginCallerTimerRunnable/]: Sending Runtime Unavailable: jei:internal...
[24Sep2026 13:56:36.856] [Render thread/INFO] [mezz.jei.library.load.PluginCaller/]: Sending Runtime Unavailable took 2.252 ms
[24Sep2026 13:56:36.911] [Server thread/INFO] [net.minecraft.server.network.ServerGamePacketListenerImpl/]: Dev lost connection: Disconnected
[24Sep2026 13:56:36.911] [Server thread/INFO] [net.minecraft.server.MinecraftServer/]: Dev left the game
[24Sep2026 13:56:36.917] [Server thread/INFO] [net.minecraft.server.network.ServerGamePacketListenerImpl/]: Stopping singleplayer server as player logged out
[24Sep2026 13:56:36.956] [Server thread/INFO] [net.minecraft.server.MinecraftServer/]: Stopping server
[24Sep2026 13:56:36.956] [Server thread/INFO] [net.minecraft.server.MinecraftServer/]: Saving players
[24Sep2026 13:56:36.956] [Server thread/INFO] [net.minecraft.server.MinecraftServer/]: Saving worlds
[24Sep2026 13:56:37.243] [Server thread/INFO] [net.minecraft.server.MinecraftServer/]: Saving chunks for level 'ServerLevel[New World]'/minecraft:overworld
[24Sep2026 13:56:37.406] [Server thread/INFO] [net.minecraft.server.MinecraftServer/]: Saving chunks for level 'ServerLevel[New World]'/minecraft:the_end
[24Sep2026 13:56:37.407] [Server thread/INFO] [net.minecraft.server.MinecraftServer/]: Saving chunks for level 'ServerLevel[New World]'/minecraft:the_nether
[24Sep2026 13:56:37.408] [Server thread/DEBUG] [net.minecraftforge.common.ForgeHooks/WP]: Gathering id map for writing to world save New World
[24Sep2026 13:56:37.410] [Server thread/DEBUG] [net.minecraftforge.common.ForgeHooks/WP]: ID Map collection complete New World
[24Sep2026 13:56:37.419] [Server thread/INFO] [net.minecraft.server.MinecraftServer/]: ThreadedAnvilChunkStorage (New World): All chunks are saved
[24Sep2026 13:56:37.419] [Server thread/INFO] [net.minecraft.server.MinecraftServer/]: ThreadedAnvilChunkStorage (DIM1): All chunks are saved
[24Sep2026 13:56:37.419] [Server thread/INFO] [net.minecraft.server.MinecraftServer/]: ThreadedAnvilChunkStorage (DIM-1): All chunks are saved
[24Sep2026 13:56:37.419] [Server thread/INFO] [net.minecraft.server.MinecraftServer/]: ThreadedAnvilChunkStorage: All dimensions are saved
[24Sep2026 13:56:37.435] [Server thread/DEBUG] [net.minecraftforge.registries.GameData/REGISTRIES]: Reverting to FROZEN data state.
[24Sep2026 13:56:37.435] [Server thread/DEBUG] [net.minecraftforge.registries.ForgeRegistry/REGISTRIES]: Registry minecraft:block Sync: ACTIVE -> FROZEN
[24Sep2026 13:56:37.439] [Server thread/DEBUG] [net.minecraftforge.registries.ForgeRegistry/REGISTRIES]: Registry minecraft:fluid Sync: ACTIVE -> FROZEN
[24Sep2026 13:56:37.439] [Server thread/DEBUG] [net.minecraftforge.registries.ForgeRegistry/REGISTRIES]: Registry minecraft:item Sync: ACTIVE -> FROZEN
[24Sep2026 13:56:37.444] [Server thread/DEBUG] [net.minecraftforge.registries.ForgeRegistry/REGISTRIES]: Registry minecraft:mob_effect Sync: ACTIVE -> FROZEN
[24Sep2026 13:56:37.444] [Server thread/DEBUG] [net.minecraftforge.registries.ForgeRegistry/REGISTRIES]: Registry minecraft:sound_event Sync: ACTIVE -> FROZEN
[24Sep2026 13:56:37.447] [Server thread/DEBUG] [net.minecraftforge.registries.ForgeRegistry/REGISTRIES]: Registry minecraft:potion Sync: ACTIVE -> FROZEN
[24Sep2026 13:56:37.447] [Server thread/DEBUG] [net.minecraftforge.registries.ForgeRegistry/REGISTRIES]: Registry minecraft:enchantment Sync: ACTIVE -> FROZEN
[24Sep2026 13:56:37.447] [Server thread/DEBUG] [net.minecraftforge.registries.ForgeRegistry/REGISTRIES]: Registry minecraft:entity_type Sync: ACTIVE -> FROZEN
[24Sep2026 13:56:37.447] [Server thread/DEBUG] [net.minecraftforge.registries.ForgeRegistry/REGISTRIES]: Registry minecraft:block_entity_type Sync: ACTIVE -> FROZEN
[24Sep2026 13:56:37.447] [Server thread/DEBUG] [net.minecraftforge.registries.ForgeRegistry/REGISTRIES]: Registry minecraft:particle_type Sync: ACTIVE -> FROZEN
[24Sep2026 13:56:37.447] [Server thread/DEBUG] [net.minecraftforge.registries.ForgeRegistry/REGISTRIES]: Registry minecraft:menu Sync: ACTIVE -> FROZEN
[24Sep2026 13:56:37.449] [Server thread/DEBUG] [net.minecraftforge.registries.ForgeRegistry/REGISTRIES]: Registry minecraft:painting_variant Sync: ACTIVE -> FROZEN
[24Sep2026 13:56:37.449] [Server thread/DEBUG] [net.minecraftforge.registries.ForgeRegistry/REGISTRIES]: Registry minecraft:recipe_type Sync: ACTIVE -> FROZEN
[24Sep2026 13:56:37.449] [Server thread/DEBUG] [net.minecraftforge.registries.ForgeRegistry/REGISTRIES]: Registry minecraft:recipe_serializer Sync: ACTIVE -> FROZEN
[24Sep2026 13:56:37.449] [Server thread/DEBUG] [net.minecraftforge.registries.ForgeRegistry/REGISTRIES]: Registry minecraft:attribute Sync: ACTIVE -> FROZEN
[24Sep2026 13:56:37.449] [Server thread/DEBUG] [net.minecraftforge.registries.ForgeRegistry/REGISTRIES]: Registry minecraft:stat_type Sync: ACTIVE -> FROZEN
[24Sep2026 13:56:37.449] [Server thread/DEBUG] [net.minecraftforge.registries.ForgeRegistry/REGISTRIES]: Registry minecraft:command_argument_type Sync: ACTIVE -> FROZEN
[24Sep2026 13:56:37.449] [Server thread/DEBUG] [net.minecraftforge.registries.ForgeRegistry/REGISTRIES]: Registry minecraft:villager_profession Sync: ACTIVE -> FROZEN
[24Sep2026 13:56:37.449] [Server thread/DEBUG] [net.minecraftforge.registries.ForgeRegistry/REGISTRIES]: Registry minecraft:point_of_interest_type Sync: ACTIVE -> FROZEN
[24Sep2026 13:56:37.450] [Server thread/DEBUG] [net.minecraftforge.registries.ForgeRegistry/REGISTRIES]: Registry minecraft:memory_module_type Sync: ACTIVE -> FROZEN
[24Sep2026 13:56:37.450] [Server thread/DEBUG] [net.minecraftforge.registries.ForgeRegistry/REGISTRIES]: Registry minecraft:sensor_type Sync: ACTIVE -> FROZEN
[24Sep2026 13:56:37.450] [Server thread/DEBUG] [net.minecraftforge.registries.ForgeRegistry/REGISTRIES]: Registry minecraft:schedule Sync: ACTIVE -> FROZEN
[24Sep2026 13:56:37.450] [Server thread/DEBUG] [net.minecraftforge.registries.ForgeRegistry/REGISTRIES]: Registry minecraft:activity Sync: ACTIVE -> FROZEN
[24Sep2026 13:56:37.450] [Server thread/DEBUG] [net.minecraftforge.registries.ForgeRegistry/REGISTRIES]: Registry minecraft:worldgen/carver Sync: ACTIVE -> FROZEN
[24Sep2026 13:56:37.450] [Server thread/DEBUG] [net.minecraftforge.registries.ForgeRegistry/REGISTRIES]: Registry minecraft:worldgen/feature Sync: ACTIVE -> FROZEN
[24Sep2026 13:56:37.450] [Server thread/DEBUG] [net.minecraftforge.registries.ForgeRegistry/REGISTRIES]: Registry minecraft:chunk_status Sync: ACTIVE -> FROZEN
[24Sep2026 13:56:37.450] [Server thread/DEBUG] [net.minecraftforge.registries.ForgeRegistry/REGISTRIES]: Registry minecraft:worldgen/block_state_provider_type Sync: ACTIVE -> FROZEN
[24Sep2026 13:56:37.450] [Server thread/DEBUG] [net.minecraftforge.registries.ForgeRegistry/REGISTRIES]: Registry minecraft:worldgen/foliage_placer_type Sync: ACTIVE -> FROZEN
[24Sep2026 13:56:37.450] [Server thread/DEBUG] [net.minecraftforge.registries.ForgeRegistry/REGISTRIES]: Registry minecraft:worldgen/tree_decorator_type Sync: ACTIVE -> FROZEN
[24Sep2026 13:56:37.450] [Server thread/DEBUG] [net.minecraftforge.registries.ForgeRegistry/REGISTRIES]: Registry minecraft:worldgen/biome Sync: ACTIVE -> FROZEN
[24Sep2026 13:56:37.450] [Server thread/DEBUG] [net.minecraftforge.registries.ForgeRegistry/REGISTRIES]: Registry forge:entity_data_serializers Sync: ACTIVE -> FROZEN
[24Sep2026 13:56:37.450] [Server thread/DEBUG] [net.minecraftforge.registries.ForgeRegistry/REGISTRIES]: Registry forge:global_loot_modifier_serializers Sync: ACTIVE -> FROZEN
[24Sep2026 13:56:37.450] [Server thread/DEBUG] [net.minecraftforge.registries.ForgeRegistry/REGISTRIES]: Registry forge:biome_modifier_serializers Sync: ACTIVE -> FROZEN
[24Sep2026 13:56:37.450] [Server thread/DEBUG] [net.minecraftforge.registries.ForgeRegistry/REGISTRIES]: Registry forge:fluid_type Sync: ACTIVE -> FROZEN
[24Sep2026 13:56:37.450] [Server thread/DEBUG] [net.minecraftforge.registries.ForgeRegistry/REGISTRIES]: Registry forge:structure_modifier_serializers Sync: ACTIVE -> FROZEN
[24Sep2026 13:56:37.450] [Server thread/DEBUG] [net.minecraftforge.registries.ForgeRegistry/REGISTRIES]: Registry forge:holder_set_type Sync: ACTIVE -> FROZEN
[24Sep2026 13:56:37.450] [Server thread/DEBUG] [net.minecraftforge.registries.ForgeRegistry/REGISTRIES]: Registry forge:display_contexts Sync: ACTIVE -> FROZEN
[24Sep2026 13:56:37.450] [Server thread/DEBUG] [net.minecraftforge.registries.ForgeRegistry/REGISTRIES]: Registry mekanism:gas Sync: ACTIVE -> FROZEN
[24Sep2026 13:56:37.450] [Server thread/DEBUG] [net.minecraftforge.registries.ForgeRegistry/REGISTRIES]: Registry mekanism:infuse_type Sync: ACTIVE -> FROZEN
[24Sep2026 13:56:37.450] [Server thread/DEBUG] [net.minecraftforge.registries.ForgeRegistry/REGISTRIES]: Registry mekanism:pigment Sync: ACTIVE -> FROZEN
[24Sep2026 13:56:37.450] [Server thread/DEBUG] [net.minecraftforge.registries.ForgeRegistry/REGISTRIES]: Registry mekanism:slurry Sync: ACTIVE -> FROZEN
[24Sep2026 13:56:37.450] [Server thread/DEBUG] [net.minecraftforge.registries.ForgeRegistry/REGISTRIES]: Registry mekanism:robit_skin_serializer Sync: ACTIVE -> FROZEN
[24Sep2026 13:56:37.450] [Server thread/DEBUG] [net.minecraftforge.registries.ForgeRegistry/REGISTRIES]: Registry mekanism:module Sync: ACTIVE -> FROZEN
[24Sep2026 13:56:37.698] [Server thread/DEBUG] [net.minecraftforge.registries.ObjectHolderRegistry/REGISTRIES]: Applying holder lookups
[24Sep2026 13:56:37.700] [Server thread/DEBUG] [net.minecraftforge.registries.ObjectHolderRegistry/REGISTRIES]: Holder lookups applied
[24Sep2026 13:56:37.700] [Server thread/DEBUG] [net.minecraftforge.registries.GameData/REGISTRIES]: FROZEN state restored.
[24Sep2026 13:56:37.703] [Server thread/DEBUG] [net.minecraftforge.fml.config.ConfigTracker/CONFIG]: Unloading configs type SERVER
